LINHA	STH TOYO	STH HC²
10"-GI-4710-10262-Ca-IQ	U-4710-UT-1061-0005-1-01	STH-A-4710-0071
10"-GI-4710-10261-Ca-IQ	U-4710-UT-1061-0005-1-01	STH-A-4710-0071
10"-GI-4710-10263-Ca-IQ	U-4710-UT-1061-0005-1-01	STH-A-4710-0071
2"-INST-4710-V344/L1-Ba-NI	U-4710-UT-1061-0004-1-06	STH-U-4710-0114
2"-INST-4710-V344/L2-Ba-NI	U-4710-UT-1061-0004-1-06	STH-U-4710-0114
2"-INST-4710-V344/L3-Ba-NI	U-4710-UT-1061-0004-1-06	STH-U-4710-0114
2"-INST-4710-V344/L4-Ba-NI	U-4710-UT-1061-0004-1-06	STH-U-4710-0114
2"-AO-4710-10547-Ba-NI	U-4710-UT-1061-0004-1-05	STH-A-4710-0070
10"-GI-4710-10343-Ba-NI	U-4710-UT-1061-0004-1-04	STH-A-4710-0069
8"-GI-4710-10260-Ba-NI	U-4710-UT-1061-0004-1-03	STH-A-4710-0068
12"-GI-4710-10257-Ba-NI	U-4710-UT-1061-0004-1-02	STH-A-4710-0067
12"-GI-4710-10259-Ba-NI	U-4710-UT-1061-0004-1-02	STH-A-4710-0067
12"-GI-4710-10258-Ba-NI	U-4710-UT-1061-0004-1-02	STH-A-4710-0067
12"-GI-4710-10374-Ba-AE	U-4710-UT-1061-0004-1-01	STH-A-4710-0067
4"-GI-4710-10380-Ba-NI	U-4710-UT-1061-0003-1-01	STH-A-4710-0066
1"-GI-4710-10381-Ba-NI	U-4710-UT-1061-0003-1-01	STH-A-4710-0066
1"-GI-4710-10382-Ba-NI	U-4710-UT-1061-0003-1-01	STH-A-4710-0066
1"-GI-4710-10383-Ba-NI	U-4710-UT-1061-0003-1-01	STH-A-4710-0066
1"-GI-4710-10384-Ba-NI	U-4710-UT-1061-0003-1-01	STH-A-4710-0066
1"-GI-4710-10406-Ba-NI	U-4710-UT-1061-0003-1-01	STH-A-4710-0066
1.1/2"-GI-4710-10255-Ba-NI	U-4710-UT-1061-0003-1-01	STH-A-4710-0066
1.1/2"-GI-4710-10256-Ba-NI	U-4710-UT-1061-0003-1-01	STH-A-4710-0066
1.1/2"-GI-4710-10417-Ba-NI	U-4710-UT-1061-0003-1-01	STH-A-4710-0066
1.1/2"-GI-4710-10442-Ba-NI	U-4710-UT-1061-0003-1-01	STH-A-4710-0066
1.1/2"-GI-4710-10443-Ba-NI	U-4710-UT-1061-0003-1-01	STH-A-4710-0066
2"-GI-4710-10254-Ba-NI	U-4710-UT-1061-0003-1-01	STH-A-4710-0066
2"-GI-4710-10385-Ba-NI	U-4710-UT-1061-0003-1-01	STH-A-4710-0066
2"-GI-4710-10559-Ba-NI	U-4710-UT-1061-0003-1-01	STH-A-4710-0066
2"-GI-4710-10560-Ba-NI	U-4710-UT-1061-0003-1-01	STH-A-4710-0066
2"-GI-4710-10561-Ba-NI	U-4710-UT-1061-0003-1-01	STH-A-4710-0066
2"-DRAIN-4710-V007/LG643-Ba-NI	U-4710-UT-1061-0002-1-15	STH-U-4710-0214
3/4"-DRAIN-4710-AM666/N5-Ba-NI	U-4710-UT-1061-0002-1-14	STH-U-4710-0213
1.1/2"-Ca-4710-02450-Bf-NI	U-4710-UT-1061-0002-1-10	STH-U-4710-0212
10"-GI-4710-00572-O3-IQ	U-4710-UT-1061-0002-1-07	STH-U-4710-0211
12"-GI-4710-01220-Ca-IQ	U-4710-UT-1061-0002-1-06	STH-U-4710-0210
3/4"-GI-4710-04502-Ca-IQ	U-4710-UT-1061-0002-1-06	STH-U-4710-0210
10"-GI-4710-00570-Ca-IQ	U-4710-UT-1061-0002-1-06	STH-U-4710-0210
12"-GI-4710-02435-Ba-AE	U-4710-UT-1061-0002-1-03	STH-U-4710-0209
2"-GI-4710-02431-Ba-NI	U-4710-UT-1061-0002-1-03	STH-U-4710-0209
3"-GI-4710-02403-Ba-NI	U-4710-UT-1061-0002-1-03	STH-U-4710-0209
3"-GI-4710-04722-Ba-NI	U-4710-UT-1061-0002-1-03	STH-U-4710-0209
12"-GI-4710-02429-Ba-NI	U-4710-UT-1061-0002-1-02	STH-U-4710-0209
6"-GI-4710-04747-Ba-NI	U-4710-UT-1061-0002-1-01	STH-U-4710-0208
12"-GI-4710-01224-Ca-PP	U-4710-UT-1061-0002-1-01	STH-U-4710-0208
10"-GI-4710-02415-Ca-NI	U-4710-UT-1061-0002-1-01	STH-U-4710-0208
10"-GI-4710-10019-Ca-IQ	U-4710-UT-1061-0002-1-01	STH-U-4710-0208
8"-GI-4710-02410-Ca-IQ	U-4710-UT-1061-0002-1-01	STH-U-4710-0208
8"-GI-4710-02412-Ca-IQ	U-4710-UT-1061-0002-1-01	STH-U-4710-0208
12"-GI-4710-02422-Ca-PP	U-4710-UT-1061-0002-1-01	STH-U-4710-0208
1.1/2"-GI-4710-03121-Ba-NI	U-4710-UT-1061-0001-1-02	STH-U-4710-0209
1.1/2"-GI-4710-03123-Ba-NI	U-4710-UT-1061-0001-1-02	STH-U-4710-0209
1.1/2"-HD-4710-02465-C13-IQ	U-4710-UT-1061-0001-1-02	STH-U-4710-0208
12"-GI-4710-02424-Ca-PP	U-4710-UT-1061-0001-1-02	STH-U-4710-0208
1"-GI-4710-04834-Bb-NI	U-4710-UT-1061-0001-1-01	STH-U-4710-0207
1"-GI-4710-04836-Bb-NI	U-4710-UT-1061-0001-1-01	STH-U-4710-0207
1.1/2"-GI-4710-02320-Bb-NI	U-4710-UT-1061-0001-1-01	STH-U-4710-0207
1.1/2"-GI-4710-02321-Bb-NI	U-4710-UT-1061-0001-1-01	STH-U-4710-0207
1.1/2"-GI-4710-02322-Bb-NI	U-4710-UT-1061-0001-1-01	STH-U-4710-0207
1.1/2"-GI-4710-03120-Bb-NI	U-4710-UT-1061-0001-1-01	STH-U-4710-0207
1.1/2"-GI-4710-04150-Bb-NI	U-4710-UT-1061-0001-1-01	STH-U-4710-0207
1.1/2"-GI-4710-12371-Bb-NI	U-4710-UT-1061-0001-1-01	STH-U-4710-0064
3"-GI-4710-02401-Bb-NI	U-4710-UT-1061-0001-1-01	STH-U-4710-0207
3"-GI-4710-04152-Bb-NI	U-4710-UT-1061-0001-1-01	STH-U-4710-0207
2"-GI-4710-02326-Bb-NI	U-4710-UT-1061-0001-1-01	STH-U-4710-0207
2"-GI-4710-04147-Bb-NI	U-4710-UT-1061-0001-1-01	STH-U-4710-0207
2"-GI-4710-04149-Bb-NI	U-4710-UT-1061-0001-1-01	STH-U-4710-0207
2"-GI-4710-04151-Bb-NI	U-4710-UT-1061-0001-1-01	STH-U-4710-0207
2"-GI-4710-04155-Bb-NI	U-4710-UT-1061-0001-1-01	STH-U-4710-0207
2"-GI-4710-04160-Bb-NI	U-4710-UT-1061-0001-1-01	STH-U-4710-0207
2"-GI-4710-04709-Bb-NI	U-4710-UT-1061-0001-1-01	STH-U-4710-0207
2"-GI-4710-09023-Bb-NI	U-4710-UT-1061-0001-1-01	STH-U-4710-0207
2"-GI-4710-09025-Bb-NI	U-4710-UT-1061-0001-1-01	STH-U-4710-0207
4"-GI-4710-02325-Bb-NI	U-4710-UT-1061-0001-1-01	STH-U-4710-0064
3"-GI-4710-00574-Bb-NI	U-4710-UT-1061-0001-1-01	STH-U-4710-0207
3"-GI-4710-04148-Bb-NI	U-4710-UT-1061-0001-1-01	STH-U-4710-0207
3/4"-GI-4710-10144-Bb-NI	U-4710-UT-1061-0001-1-01	STH-U-4710-0207
6"-GI-4710-04154-Bb-NI	U-4710-UT-1061-0001-1-01	STH-U-4710-0207
3"-V2-4710-10437-Bf-PP	U-4710-UT-1059-0000-1-03	STH-A-4710-0065
1.1/2"-INST-4710-D341/P-Lb-IQ	U-4710-UT-1059-0000-1-02	STH-U-4710-0115
2"-INST-4710-D341/G1-LB-PP	U-4710-UT-1059-0000-1-02	STH-U-4710-0115
2"-INST-4710-D341/L1-LB-PP	U-4710-UT-1059-0000-1-02	STH-U-4710-0115
2"-INST-4710-D341/L3-LB-PP	U-4710-UT-1059-0000-1-02	STH-U-4710-0115
2"-INST-4710-D341/L5-Lb-PP	U-4710-UT-1059-0000-1-02	STH-U-4710-0115
2"-INST-4710-D341/L6-Lb-PP	U-4710-UT-1059-0000-1-02	STH-U-4710-0115
2"-AV-4710-10350-Lb-IQ	U-4710-UT-1059-0000-1-01	STH-A-4710-0065
2"-AV-4710-10351-Lb-PP	U-4710-UT-1059-0000-1-01	STH-A-4710-0065
8"-AV-4710-10390-Lb-NI	U-4710-UT-1031-0002-1-01	STH-A-4710-0064
8"-AV-4710-10223-Lb-NI	U-4710-UT-1031-0002-1-01	STH-A-4710-0064
1.1/2"-AV-4710-10225-Lb-NI	U-4710-UT-1031-0002-1-01	STH-A-4710-0064
3/4"-AV-4710-10412-Lb-NI	U-4710-UT-1031-0002-1-01	STH-A-4710-0064
8"-AV-4710-10224-Lb-NI	U-4710-UT-1031-0002-1-01	STH-A-4710-0064
1.1/2"-AV-4710-03701-Lb-NI	U-4710-UT-1031-0001-1-01	STH-U-4710-0207
1.1/2"-AV-4710-03702-Lb-NI	U-4710-UT-1031-0001-1-01	STH-U-4710-0207
2"-AV-4710-04679-Lb-NI	U-4710-UT-1031-0001-1-01	STH-U-4710-0207
1"-INST-4710-V103/G1-Bf-PP	U-4710-UT-1029-0003-1-10	STH-U-4710-0116
1"-INST-4710-V103/G2-Bf-PP	U-4710-UT-1029-0003-1-10	STH-U-4710-0116
1"-INST-4710-V103/L1-Bf-PP	U-4710-UT-1029-0003-1-10	STH-U-4710-0116
1"-INST-4710-V103/P-Bf-PP	U-4710-UT-1029-0003-1-10	STH-U-4710-0116
3/4"-VENT-4710-V103/V-Bf-PP	U-4710-UT-1029-0003-1-10	STH-U-4710-0206
2"-C4-4710-10029-Bf-PP	U-4710-UT-1029-0003-1-05	STH-U-4710-0205
2"-C4-4710-04759-Bf-PP	U-4710-UT-1029-0003-1-04	STH-U-4710-0204
3"-C4-4710-04756-Bf-PP	U-4710-UT-1029-0003-1-04	STH-U-4710-0204
16"-V4-4710-00012-Bf-IQ	U-4710-UT-1029-0003-1-03	STH-U-4710-0203
2"-C4-4710-04694-Bf-PP	U-4710-UT-1029-0003-1-03	STH-U-4710-0203
8"-C4-4710-00290-Bf-PP	U-4710-UT-1029-0003-1-02	STH-U-4710-0202
3"-C4-4710-02480-Bf-PP	U-4710-UT-1029-0003-1-01	STH-U-4710-0201
1.1/2"-C4-4710-07510-Bf-PP	U-4710-UT-1029-0002-1-01	STH-U-4710-0200
2"-C4-4710-00011-Bf-PP	U-4710-UT-1029-0002-1-01	STH-U-4710-0200
3/4"-C4-4710-10124-Bf-PP	U-4710-UT-1029-0002-1-01	STH-U-4710-0200
3/4"-C4-4710-10129-Bf-PP	U-4710-UT-1029-0002-1-01	STH-U-4710-0200
3/4"-C4-4710-10130-Bf-PP	U-4710-UT-1029-0002-1-01	STH-U-4710-0200
3/4"-C4-4710-10131-Bf-PP	U-4710-UT-1029-0002-1-01	STH-U-4710-0200
3/4"-C4-4710-10146-Bf-PP	U-4710-UT-1029-0002-1-01	STH-U-4710-0200
3/4"-C4-4710-10166-Bf-PP	U-4710-UT-1029-0002-1-01	STH-U-4710-0200
3/4"-C4-4710-14002-Bf-PP	U-4710-UT-1029-0002-1-01	STH-U-4710-0096
3/4"-C4-4710-14003-Bf-PP	U-4710-UT-1029-0002-1-01	STH-U-4710-0096
3/4"-C4-4710-14004-Bf-PP	U-4710-UT-1029-0002-1-01	STH-U-4710-0096
3/4"-C4-4710-14005-Bf-PP	U-4710-UT-1029-0002-1-01	STH-U-4710-0096
3/4"-C4-4710-14006-Bf-PP	U-4710-UT-1029-0002-1-01	STH-U-4710-0096
3/4"-C4-4710-14007-Bf-PP	U-4710-UT-1029-0002-1-01	STH-U-4710-0096
3/4"-C4-4710-14008-Bf-PP	U-4710-UT-1029-0002-1-01	STH-U-4710-0096
1.1/2"-C1-4710-12333-Bf-NI	U-4710-UT-1029-0001-1-03	STH-U-4710-0199
1"-C1-4710-09045-Bf-NI	U-4710-UT-1029-0001-1-02	STH-U-4710-0199
1.1/2"-C1-4710-01050-Bf-PP	U-4710-UT-1029-0001-1-02	STH-U-4710-0199
3"-C1-4710-00703-E5-PP	U-4710-UT-1029-0001-1-01	STH-U-4710-0199
1.1/2"-C1-4710-01051-Bf-NI	U-4710-UT-1029-0001-1-01	STH-U-4710-0199
1.1/2"-C1-4710-01052-Bf-NI	U-4710-UT-1029-0001-1-01	STH-U-4710-0199
4"-C29-4710-00289-Ce-IQ	U-4710-UT-1028-0003-1-02	STH-U-4710-0198
4"-C29-4710-00288-Ec-IQ	U-4710-UT-1028-0003-1-01	STH-U-4710-0151
8"-C29-4710-00291-Ec-IQ	U-4710-UT-1028-0003-1-01	STH-U-4710-0151
3"-C60-4710-02475-Ec-IQ	U-4710-UT-1028-0002-1-01	STH-U-4710-0197
2"-INST-4710-V005/G1-EC-NI	U-4710-UT-1028-0001-1-08	STH-U-4710-0117
2"-INST-4710-V005/L1-EC-NI	U-4710-UT-1028-0001-1-08	STH-U-4710-0117
2"-INST-4710-V005/L2-EC-NI	U-4710-UT-1028-0001-1-08	STH-U-4710-0117
1"-AO-4710-04871-Bf-PP	U-4710-UT-1028-0001-1-05	STH-U-4710-0196
4"-V4-4710-04744-Bf-PP	U-4710-UT-1028-0001-1-04	STH-U-4710-0195
1.1/2"-V63-4710-04743-Ec-IQ	U-4710-UT-1028-0001-1-03	STH-U-4710-0194
4"-C60-4710-02097-Ec-IQ	U-4710-UT-1028-0001-1-02	STH-U-4710-0151
2"-C63-4710-01040-Ec-PP	U-4710-UT-1028-0001-1-01	NÃO ENCONTRADA
4"-C60-4710-00285-Ec-IQ	U-4710-UT-1028-0001-1-01	STH-U-4710-0190
4"-C60-4710-00286-Ec-IQ	U-4710-UT-1028-0001-1-01	STH-U-4710-0190
10"-V1-4710-01047-Bf-PP	U-4710-UT-1028-0001-1-01	NÃO ENCONTRADA
3"-C1-4710-01042-E5-PP	U-4710-UT-1028-0001-1-01	NÃO ENCONTRADA
3"-C1-4710-01044-E5-PP	U-4710-UT-1028-0001-1-01	NÃO ENCONTRADA
1"-AR-4710-10367-Ab-NI	U-4710-UT-1026-0002-1-02	STH-A-4710-0064
14"-AR-4710-10379-Ab-NI	U-4710-UT-1026-0002-1-01	STH-A-4710-0063
3"-AR-4710-10216-Ab-NI	U-4710-UT-1026-0002-1-01	STH-A-4710-0063
3"-AR-4710-10440-Ab-NI	U-4710-UT-1026-0002-1-01	STH-A-4710-0063
3"-AR-4710-10441-Ab-NI	U-4710-UT-1026-0002-1-01	STH-A-4710-0063
3"-AR-4710-10540-Ab-NI	U-4710-UT-1026-0002-1-01	STH-A-4710-0063
3"-AR-4710-10541-Ab-NI	U-4710-UT-1026-0002-1-01	STH-A-4710-0063
3"-AR-4710-10542-Ab-NI	U-4710-UT-1026-0002-1-01	STH-A-4710-0063
3"-AR-4710-10543-Ab-NI	U-4710-UT-1026-0002-1-01	STH-A-4710-0063
3"-AR-4710-10363-Ab-NI	U-4710-UT-1026-0002-1-01	STH-A-4710-0063
8"-AR-4710-10217-Ab-NI	U-4710-UT-1026-0002-1-01	STH-A-4710-0063
8"-AR-4710-10221-Ab-NI	U-4710-UT-1026-0002-1-01	STH-A-4710-0063
1"-AR-4710-10357-Ab-NI	U-4710-UT-1026-0002-1-01	STH-A-4710-0063
1"-AR-4710-10477-Ab-NI	U-4710-UT-1026-0002-1-01	STH-A-4710-0063
1"-AR-4710-10483-Ab-NI	U-4710-UT-1026-0002-1-01	STH-A-4710-0063
1.1/2"-AR-4710-10537-Ab-NI	U-4710-UT-1026-0002-1-01	STH-A-4710-0063
1.1/2"-AR-4710-10539-Ab-NI	U-4710-UT-1026-0002-1-01	STH-A-4710-0063
2"-AR-4710-10416-Ab-NI	U-4710-UT-1026-0002-1-01	STH-A-4710-0063
2"-AR-4710-10471-Ab-NI	U-4710-UT-1026-0002-1-01	STH-A-4710-0063
2"-AR-4710-10538-Ab-NI	U-4710-UT-1026-0002-1-01	STH-A-4710-0063
3/4"-AR-4710-10218-Ab-NI	U-4710-UT-1026-0002-1-01	STH-A-4710-0063
3/4"-AR-4710-10366-Ab-NI	U-4710-UT-1026-0002-1-01	STH-A-4710-0063
1"-AR-4710-04500-Ba-NI	U-4710-UT-1026-0001-1-05	STH-U-4710-0180
8"-AR-4710-09047-Bf-NI	U-4710-UT-1026-0001-1-04	STH-U-4710-0179
1"-AR-4710-02493-Bf-NI	U-4710-UT-1026-0001-1-04	STH-U-4710-0179
1.1/2"-AR-4710-10032-Ba-NI	U-4710-UT-1026-0001-1-03	STH-U-4710-0178
8"-AR-4710-09037-Ce-NI	U-4710-UT-1026-0001-1-02	STH-U-4710-0177
1.1/2"-AR-4710-01313-Ce-NI	U-4710-UT-1026-0001-1-02	STH-U-4710-0177
3"-AR-4710-04003-Ab-NI	U-4710-UT-1026-0001-1-01	STH-U-4710-0176
10"-AR-4710-04007-Ab-NI	U-4710-UT-1026-0001-1-01	STH-U-4710-0176
2"-AR-4710-04004-Ab-NI	U-4710-UT-1026-0001-1-01	STH-U-4710-0176
8"-AR-4710-01312-Ab-NI	U-4710-UT-1026-0001-1-01	STH-U-4710-0176
8"-AR-4710-02492-Ab-NI	U-4710-UT-1026-0001-1-01	STH-U-4710-0176
6"-AR-4710-04006-Ab-NI	U-4710-UT-1026-0001-1-01	STH-U-4710-0176
14"-AR-4710-10378-Ab-NI	U-4710-UT-1025-0002-1-01	STH-U-4710-0151
3"-AR-4710-10215-Ab-NI	U-4710-UT-1025-0002-1-01	STH-U-4710-0151
3"-AR-4710-10438-Ab-NI	U-4710-UT-1025-0002-1-01	STH-U-4710-0151
3"-AR-4710-10439-Ab-NI	U-4710-UT-1025-0002-1-01	STH-U-4710-0151
3"-AR-4710-10533-Ab-NI	U-4710-UT-1025-0002-1-01	STH-U-4710-0151
3"-AR-4710-10534-Ab-NI	U-4710-UT-1025-0002-1-01	STH-U-4710-0151
3"-AR-4710-10535-Ab-NI	U-4710-UT-1025-0002-1-01	STH-U-4710-0151
3"-AR-4710-10536-Ab-NI	U-4710-UT-1025-0002-1-01	STH-U-4710-0151
3"-AR-4710-10362-Ab-NI	U-4710-UT-1025-0002-1-01	STH-U-4710-0151
8"-AR-4710-10219-Ab-NI	U-4710-UT-1025-0002-1-01	STH-U-4710-0151
8"-AR-4710-10220-Ab-NI	U-4710-UT-1025-0002-1-01	STH-U-4710-0151
8"-AR-4710-10529-Ab-NI	U-4710-UT-1025-0002-1-01	STH-A-4710-0063
1"-AR-4710-10476-Ab-NI	U-4710-UT-1025-0002-1-01	STH-U-4710-0151
1"-AR-4710-10482-Ab-NI	U-4710-UT-1025-0002-1-01	STH-U-4710-0151
1.1/2"-AR-4710-10530-Ab-NI	U-4710-UT-1025-0002-1-01	STH-U-4710-0151
1.1/2"-AR-4710-10532-Ab-NI	U-4710-UT-1025-0002-1-01	STH-U-4710-0151
2"-AR-4710-10415-Ab-NI	U-4710-UT-1025-0002-1-01	STH-U-4710-0151
2"-AR-4710-10470-Ab-NI	U-4710-UT-1025-0002-1-01	STH-U-4710-0151
2"-AR-4710-10531-Ab-NI	U-4710-UT-1025-0002-1-01	STH-U-4710-0151
8"-AR-4710-09046-Bf-NI	U-4710-UT-1025-0001-1-03	STH-U-4710-0141
8"-AR-4710-09038-Ce-NI	U-4710-UT-1025-0001-1-02	STH-U-4710-0132
2"-AR-4710-04001-Ab-NI	U-4710-UT-1025-0001-1-01	STH-U-4710-0131
3"-AR-4710-04002-Ab-NI	U-4710-UT-1025-0001-1-01	STH-U-4710-0131
10"-AR-4710-04008-Ab-NI	U-4710-UT-1025-0001-1-01	STH-U-4710-0131
8"-AR-4710-01310-Ab-NI	U-4710-UT-1025-0001-1-01	STH-U-4710-0131
6"-AR-4710-04005-Ab-NI	U-4710-UT-1025-0001-1-01	STH-U-4710-0131
8"-AR-4710-02490-Ab-NI	U-4710-UT-1025-0001-1-01	STH-U-4710-0131
1.1/2"-AV-4710-02614-O1-IQ	U-4710-UT-1015-0003-1-01	STH-U-4710-0058
1.1/2"-AV-4710-02615-O1-IQ	U-4710-UT-1015-0003-1-01	STH-U-4710-0058
3/4"-DRAIN-4710-AM728/N5-Ba-NI	U-4710-UT-1015-0002-1-16	STH-U-4710-0127
3/4"-AO-4710-09106-Ba-NI	U-4710-UT-1015-0002-1-14	STH-U-4710-0126
3/4"-AO-4710-09101-Ba-NI	U-4710-UT-1015-0002-1-13	STH-U-4710-0125
2"-AO-4710-09011-Ba-NI	U-4710-UT-1015-0002-1-12	STH-U-4710-0124
2"-AO-4710-09012-Ba-NI	U-4710-UT-1015-0002-1-12	STH-U-4710-0124
3/4"-AV-4710-09102-Bf-PP	U-4710-UT-1015-0002-1-12	STH-U-4710-0124
3/4"-AV-4710-09107-Bf-PP	U-4710-UT-1015-0002-1-12	STH-U-4710-0124
6"-AV-4710-01023-Ec-IQ	U-4710-UT-1015-0002-1-10	STH-U-4710-0121
8"-AV-4710-01025-Ec-IQ	U-4710-UT-1015-0002-1-10	STH-U-4710-0121
6"-AV-4710-01022-Fb-IQ	U-4710-UT-1015-0002-1-09	STH-U-4710-0119
8"-AV-4710-01020-Fb-IQ	U-4710-UT-1015-0002-1-09	STH-U-4710-0119
8"-AV-4710-01155-Fb-IQ	U-4710-UT-1015-0002-1-09	STH-U-4710-0119
8"-AV-4710-09033-Fb-IQ	U-4710-UT-1015-0002-1-08	STH-U-4710-0113
2"-AV-4710-10097-Ba-NI	U-4710-UT-1015-0002-1-06	STH-U-4710-0109
6"-AV-4710-01141-Fb-IQ	U-4710-UT-1015-0002-1-04	STH-U-4710-0058
1.1/2"-AV-4710-00352-Q6-IQ	U-4710-UT-1015-0002-1-04	STH-U-4710-0058
1.1/2"-AV-4710-00360-Fb-IQ	U-4710-UT-1015-0002-1-04	STH-U-4710-0058
1.1/2"-AV-4710-10096-Fb-PP	U-4710-UT-1015-0002-1-04	STH-U-4710-0058
8"-AV-4710-01140-Fb-IQ	U-4710-UT-1015-0002-1-04	STH-U-4710-0058
8"-AV-4710-01143-Fb-IQ	U-4710-UT-1015-0002-1-04	STH-U-4710-0058
8"-AV-4710-01149-Fb-IQ	U-4710-UT-1015-0002-1-04	STH-U-4710-0058
8"-AV-4710-01153-Fb-IQ	U-4710-UT-1015-0002-1-04	STH-U-4710-0058
8"-AV-4710-02625-Fb-IQ	U-4710-UT-1015-0002-1-04	STH-U-4710-0058
1.1/2"-AV-4710-00350-Q3-IQ	U-4710-UT-1015-0002-1-02	STH-U-4710-0108
1.1/2"-AV-4710-00530-Q3-IQ	U-4710-UT-1015-0002-1-02	STH-U-4710-0108
1.1/2"-AV-4710-00532-Q6-IQ	U-4710-UT-1015-0002-1-02	STH-U-4710-0108
4"-AV-4710-02610-Q3-IQ	U-4710-UT-1015-0002-1-02	STH-U-4710-0058
4"-AV-4710-02617-Q3-IQ	U-4710-UT-1015-0002-1-02	STH-U-4710-0058
8"-AV-4710-09034-Fb-IQ	U-4710-UT-1015-0002-1-02	STH-U-4710-0057
6"-AV-4710-01145-Fb-IQ	U-4710-UT-1015-0002-1-01	STH-U-4710-0106
1.1/2"-AV-4710-00535-Fb-IQ	U-4710-UT-1015-0002-1-01	STH-U-4710-0107
1.1/2"-AV-4710-02621-Fb-IQ	U-4710-UT-1015-0002-1-01	STH-U-4710-0107
1.1/2"-AV-4710-02623-Fb-IQ	U-4710-UT-1015-0002-1-01	STH-U-4710-0107
1.1/2"-AV-4710-02808-Fb-IQ	U-4710-UT-1015-0002-1-01	STH-U-4710-0107
1.1/2"-AV-4710-02850-Fb-IQ	U-4710-UT-1015-0002-1-01	STH-U-4710-0107
1.1/2"-AV-4710-02852-Q6-IQ	U-4710-UT-1015-0002-1-01	STH-U-4710-0107
2"-AV-4710-10163-Fb-IQ	U-4710-UT-1015-0002-1-01	STH-U-4710-0107
3/4"-AV-4710-04650-Fb-IQ	U-4710-UT-1015-0002-1-01	STH-U-4710-0107
8"-AV-4710-02620-Fb-IQ	U-4710-UT-1015-0002-1-01	STH-U-4710-0107
2"-DRAIN-4710-B301C/C6-Fb-NI	U-4710-UT-1015-0001-1-22	STH-U-4710-0118
3/4"-DRAIN-4710-B301C/C1-Fb-NI	U-4710-UT-1015-0001-1-22	STH-U-4710-0118
3/4"-DRAIN-4710-B301C/C2-Fb-NI	U-4710-UT-1015-0001-1-22	STH-U-4710-0118
3/4"-DRAIN-4710-B301C/C3-Fb-NI	U-4710-UT-1015-0001-1-22	STH-U-4710-0118
2"-DRAIN-4710-B301B/C6-Fb-NI	U-4710-UT-1015-0001-1-21	STH-U-4710-0120
3/4"-DRAIN-4710-B301B/C1-Fb-NI	U-4710-UT-1015-0001-1-21	STH-U-4710-0120
3/4"-DRAIN-4710-B301B/C2-Fb-NI	U-4710-UT-1015-0001-1-21	STH-U-4710-0120
3/4"-DRAIN-4710-B301B/C3-Fb-NI	U-4710-UT-1015-0001-1-21	STH-U-4710-0120
2"-DRAIN-4710-B301A/C6-Fb-NI	U-4710-UT-1015-0001-1-20	STH-U-4710-0122
3/4"-DRAIN-4710-B301A/C1-Fb-NI	U-4710-UT-1015-0001-1-20	STH-U-4710-0122
3/4"-DRAIN-4710-B301A/C2-Fb-NI	U-4710-UT-1015-0001-1-20	STH-U-4710-0122
3/4"-DRAIN-4710-B301A/C3-Fb-NI	U-4710-UT-1015-0001-1-20	STH-U-4710-0122
3/4"-AV-4710-10484-Bf-PP	U-4710-UT-1015-0001-1-19	STH-A-4710-0062
3/4"-AV-4710-10546-Bf-PP	U-4710-UT-1015-0001-1-19	STH-A-4710-0062
3/4"-AV-4710-10478-Bf-PP	U-4710-UT-1015-0001-1-18	STH-A-4710-0061
3/4"-AV-4710-10545-Bf-PP	U-4710-UT-1015-0001-1-18	STH-A-4710-0061
3/4"-AV-4710-10479-Fb-PP	U-4710-UT-1015-0001-1-17	STH-A-4710-0060
3/4"-AV-4710-10473-Fb-PP	U-4710-UT-1015-0001-1-16	STH-A-4710-0059
12"-AV-4710-10231-Fb-IQ	U-4710-UT-1015-0001-1-14	STH-A-4710-0059
3/4"-AV-4710-10472-Bf-PP	U-4710-UT-1015-0001-1-13	STH-A-4710-0058
3/4"-AV-4710-10544-Bf-PP	U-4710-UT-1015-0001-1-13	STH-A-4710-0058
6"-AV-4710-10237-Lb-IQ	U-4710-UT-1015-0001-1-12	STH-A-4710-0057
6"-AV-4710-10352-Lb-IQ	U-4710-UT-1015-0001-1-12	STH-A-4710-0057
6"-AV-4710-10353-Lb-IQ	U-4710-UT-1015-0001-1-12	STH-A-4710-0057
12"-AV-4710-10233-Fb-IQ	U-4710-UT-1015-0001-1-11	STH-A-4710-0057
3/4"-AV-4710-10469-Fb-PP	U-4710-UT-1015-0001-1-11	STH-A-4710-0057
3/4"-AV-4710-10475-Fb-PP	U-4710-UT-1015-0001-1-11	STH-A-4710-0057
6"-AV-4710-10376-Fb-IQ	U-4710-UT-1015-0001-1-10	STH-A-4710-0057
6"-AV-4710-10369-Fb-IQ	U-4710-UT-1015-0001-1-09	STH-A-4710-0057
8"-AV-4710-10234-Fb-IQ	U-4710-UT-1015-0001-1-09	STH-A-4710-0057
6"-AV-4710-10368-Fb-IQ	U-4710-UT-1015-0001-1-08	STH-A-4710-0057
8"-AV-4710-10235-Fb-IQ	U-4710-UT-1015-0001-1-08	STH-A-4710-0057
3/4"-AV-4710-10481-Fb-PP	U-4710-UT-1015-0001-1-07	STH-A-4710-0057
12"-AV-4710-10230-Fb-IQ	U-4710-UT-1015-0001-1-04	STH-U-4710-0105
3/4"-AV-4710-10467-Fb-PP	U-4710-UT-1015-0001-1-03	STH-A-4710-0056
12"-AV-4710-10232-Fb-IQ	U-4710-UT-1015-0001-1-02	STH-A-4710-0055
18"-AV-4710-10226-Lb-IQ	U-4710-UT-1015-0001-1-01	STH-A-4710-0054
3/4"-AV-4710-10377-Lb-IQ	U-4710-UT-1015-0001-1-01	STH-A-4710-0054
12"-AV-4710-10227-Lb-IQ	U-4710-UT-1015-0001-1-01	STH-A-4710-0054
12"-AV-4710-10228-Lb-IQ	U-4710-UT-1015-0001-1-01	STH-A-4710-0054
1.1/2"-AP-4710-10395-Ac-NI	U-4710-UT-1014-0002-1-01	STH-A-4710-0053
2"-AP-4710-10394-Ac-NI	U-4710-UT-1014-0002-1-01	STH-A-4710-0053
2"-AP-4710-10396-AC-NI	U-4710-UT-1014-0002-1-01	STH-A-4710-0053
3"-AP-4710-04097-Ac-NI	U-4710-UT-1014-0001-1-01	STH-U-4710-0104
2"-AP-4710-04099-AC-NI	U-4710-UT-1014-0001-1-01	STH-U-4710-0104
2"-AP-4710-04100-Ac-NI	U-4710-UT-1014-0001-1-01	STH-U-4710-0104
2"-AP-4710-04102-Ac-NI	U-4710-UT-1014-0001-1-01	STH-U-4710-0104
2"-AP-4710-04103-Ac-NI	U-4710-UT-1014-0001-1-01	STH-U-4710-0104
2"-AP-4710-04104-Ac-NI	U-4710-UT-1014-0001-1-01	STH-U-4710-0104
2"-AP-4710-04809-Ac-NI	U-4710-UT-1014-0001-1-01	STH-U-4710-0104
2"-AP-4710-10102-Ac-NI	U-4710-UT-1014-0001-1-01	STH-U-4710-0104
2"-AP-4710-10133-Ac-NI	U-4710-UT-1014-0001-1-01	STH-U-4710-0104
4"-AD-4710-10400-Cf-NI	U-4710-UT-1013-0002-1-01	STH-A-4710-0052
1"-AD-4710-10526-Cf-NI	U-4710-UT-1013-0002-1-01	STH-A-4710-0052
2"-AD-4710-10401-Cf-NI	U-4710-UT-1013-0002-1-01	STH-A-4710-0052
3/4"-AD-4710-10402-Cf-NI	U-4710-UT-1013-0002-1-01	STH-A-4710-0052
3/4"-AD-4710-10448-Cf-NI	U-4710-UT-1013-0002-1-01	STH-A-4710-0052
3/4"-AD-4710-10527-Cf-NI	U-4710-UT-1013-0002-1-01	STH-A-4710-0052
3/4"-AD-4710-10528-Cf-NI	U-4710-UT-1013-0002-1-01	STH-A-4710-0052
3/4"-AD-4710-10586-Cf-NI	U-4710-UT-1013-0002-1-01	STH-A-4710-0052
1"-AD-4710-04088-Aa-NI	U-4710-UT-1013-0001-1-01	STH-U-4710-0103
1.1/2"-AD-4710-04090-Aa-NI	U-4710-UT-1013-0001-1-01	STH-U-4710-0103
1.1/2"-AD-4710-04092-Aa-NI	U-4710-UT-1013-0001-1-01	STH-U-4710-0103
1.1/2"-AD-4710-04884-Aa-NI	U-4710-UT-1013-0001-1-01	STH-U-4710-0103
1.1/2"-AD-4710-09104-Aa-NI	U-4710-UT-1013-0001-1-01	STH-U-4710-0103
2"-AD-4710-04095-Aa-NI	U-4710-UT-1013-0001-1-01	STH-U-4710-0103
2"-AD-4710-04096-Aa-NI	U-4710-UT-1013-0001-1-01	STH-U-4710-0103
2"-AD-4710-04746-Aa-NI	U-4710-UT-1013-0001-1-01	STH-U-4710-0103
2"-AD-4710-04840-Aa-NI	U-4710-UT-1013-0001-1-01	STH-U-4710-0103
2"-AD-4710-04841-Aa-NI	U-4710-UT-1013-0001-1-01	STH-U-4710-0103
2"-AD-4710-04842-Aa-NI	U-4710-UT-1013-0001-1-01	STH-U-4710-0103
2"-AD-4710-04843-Aa-NI	U-4710-UT-1013-0001-1-01	STH-U-4710-0103
2"-AD-4710-04844-Aa-NI	U-4710-UT-1013-0001-1-01	STH-U-4710-0103
2"-AD-4710-07716-Aa-NI	U-4710-UT-1013-0001-1-01	CANCELADA
2"-AD-4710-07729-Aa-NI	U-4710-UT-1013-0001-1-01	CANCELADA
2"-AD-4710-09092-Aa-NI	U-4710-UT-1013-0001-1-01	STH-U-4710-0103
3/4"-AD-4710-04081-Aa-NI	U-4710-UT-1013-0001-1-01	STH-U-4710-0103
3/4"-AD-4710-04082-Aa-NI	U-4710-UT-1013-0001-1-01	STH-U-4710-0103
3/4"-AD-4710-04083-Aa-NI	U-4710-UT-1013-0001-1-01	STH-U-4710-0103
3/4"-AD-4710-04084-Aa-NI	U-4710-UT-1013-0001-1-01	STH-U-4710-0103
3/4"-AD-4710-04085-Aa-NI	U-4710-UT-1013-0001-1-01	STH-U-4710-0103
3/4"-AD-4710-04086-Aa-NI	U-4710-UT-1013-0001-1-01	STH-U-4710-0103
3/4"-AD-4710-04087-Aa-NI	U-4710-UT-1013-0001-1-01	STH-U-4710-0103
3/4"-AD-4710-04089-Aa-NI	U-4710-UT-1013-0001-1-01	STH-U-4710-0103
3/4"-AD-4710-04091-Aa-NI	U-4710-UT-1013-0001-1-01	STH-U-4710-0103
3/4"-AD-4710-04093-Aa-NI	U-4710-UT-1013-0001-1-01	STH-U-4710-0103
3/4"-AD-4710-04094-Aa-NI	U-4710-UT-1013-0001-1-01	STH-U-4710-0103
3/4"-AD-4710-04098-Aa-NI	U-4710-UT-1013-0001-1-01	STH-U-4710-0103
3/4"-AD-4710-04611-Aa-NI	U-4710-UT-1013-0001-1-01	STH-U-4710-0103
3/4"-AD-4710-04612-Aa-NI	U-4710-UT-1013-0001-1-01	STH-U-4710-0103
3/4"-AD-4710-04613-Aa-NI	U-4710-UT-1013-0001-1-01	STH-U-4710-0103
3/4"-AD-4710-04614-Aa-NI	U-4710-UT-1013-0001-1-01	STH-U-4710-0103
3/4"-AD-4710-04615-Aa-NI	U-4710-UT-1013-0001-1-01	STH-U-4710-0103
3/4"-AD-4710-04616-Aa-NI	U-4710-UT-1013-0001-1-01	STH-U-4710-0103
3/4"-AD-4710-04617-Aa-NI	U-4710-UT-1013-0001-1-01	STH-U-4710-0103
3/4"-AD-4710-04618-Aa-NI	U-4710-UT-1013-0001-1-01	STH-U-4710-0103
3/4"-AD-4710-04626-Aa-NI	U-4710-UT-1013-0001-1-01	STH-U-4710-0103
3/4"-AD-4710-04627-Aa-NI	U-4710-UT-1013-0001-1-01	STH-U-4710-0103
3/4"-AD-4710-04628-Aa-NI	U-4710-UT-1013-0001-1-01	STH-U-4710-0103
3/4"-AD-4710-04673-Aa-NI	U-4710-UT-1013-0001-1-01	STH-U-4710-0103
3/4"-AD-4710-05032-Aa-NI	U-4710-UT-1013-0001-1-01	STH-U-4710-0103
3/4"-AD-4710-05036-Aa-NI	U-4710-UT-1013-0001-1-01	STH-U-4710-0103
3/4"-AD-4710-07621-Aa-NI	U-4710-UT-1013-0001-1-01	CANCELADA
3/4"-AD-4710-07691-Aa-NI	U-4710-UT-1013-0001-1-01	CANCELADA
3/4"-AD-4710-07692-Aa-NI	U-4710-UT-1013-0001-1-01	CANCELADA
3/4"-AD-4710-07693-Aa-NI	U-4710-UT-1013-0001-1-01	CANCELADA
3/4"-AD-4710-07694-Aa-NI	U-4710-UT-1013-0001-1-01	CANCELADA
3/4"-AD-4710-07695-Aa-NI	U-4710-UT-1013-0001-1-01	CANCELADA
3/4"-AD-4710-07696-Aa-NI	U-4710-UT-1013-0001-1-01	CANCELADA
3/4"-AD-4710-07697-Aa-NI	U-4710-UT-1013-0001-1-01	CANCELADA
3/4"-AD-4710-07698-Aa-NI	U-4710-UT-1013-0001-1-01	CANCELADA
3/4"-AD-4710-07699-Aa-NI	U-4710-UT-1013-0001-1-01	CANCELADA
3/4"-AD-4710-07700-Aa-NI	U-4710-UT-1013-0001-1-01	CANCELADA
3/4"-AD-4710-07701-Aa-NI	U-4710-UT-1013-0001-1-01	CANCELADA
3/4"-AD-4710-07702-Aa-NI	U-4710-UT-1013-0001-1-01	CANCELADA
3/4"-AD-4710-07703-Aa-NI	U-4710-UT-1013-0001-1-01	CANCELADA
3/4"-AD-4710-07704-Aa-NI	U-4710-UT-1013-0001-1-01	CANCELADA
3/4"-AD-4710-07705-Aa-NI	U-4710-UT-1013-0001-1-01	CANCELADA
3/4"-AD-4710-07706-Aa-NI	U-4710-UT-1013-0001-1-01	CANCELADA
3/4"-AD-4710-07717-Aa-NI	U-4710-UT-1013-0001-1-01	CANCELADA
3/4"-AD-4710-07718-Aa-NI	U-4710-UT-1013-0001-1-01	CANCELADA
3/4"-AD-4710-07719-Aa-NI	U-4710-UT-1013-0001-1-01	CANCELADA
3/4"-AD-4710-07720-Aa-NI	U-4710-UT-1013-0001-1-01	CANCELADA
3/4"-AD-4710-07721-Aa-NI	U-4710-UT-1013-0001-1-01	CANCELADA
3/4"-AD-4710-07722-Aa-NI	U-4710-UT-1013-0001-1-01	CANCELADA
3/4"-AD-4710-07723-Aa-NI	U-4710-UT-1013-0001-1-01	CANCELADA
3/4"-AD-4710-07724-Aa-NI	U-4710-UT-1013-0001-1-01	CANCELADA
3/4"-AD-4710-07725-Aa-NI	U-4710-UT-1013-0001-1-01	CANCELADA
3/4"-AD-4710-07726-Aa-NI	U-4710-UT-1013-0001-1-01	CANCELADA
3/4"-AD-4710-07727-Aa-NI	U-4710-UT-1013-0001-1-01	CANCELADA
3/4"-AD-4710-07728-Aa-NI	U-4710-UT-1013-0001-1-01	CANCELADA
3/4"-AD-4710-07730-Aa-NI	U-4710-UT-1013-0001-1-01	CANCELADA
3/4"-AD-4710-09063-Aa-NI	U-4710-UT-1013-0001-1-01	STH-U-4710-0103
3/4"-AD-4710-09067-Aa-NI	U-4710-UT-1013-0001-1-01	STH-U-4710-0103
3/4"-AD-4710-09071-Aa-NI	U-4710-UT-1013-0001-1-01	STH-U-4710-0103
3/4"-AD-4710-09072-Aa-NI	U-4710-UT-1013-0001-1-01	STH-U-4710-0103
3/4"-AD-4710-09088-Aa-NI	U-4710-UT-1013-0001-1-01	STH-U-4710-0103
3/4"-AD-4710-09089-Aa-NI	U-4710-UT-1013-0001-1-01	STH-U-4710-0103
3/4"-AD-4710-10136-Aa-NI	U-4710-UT-1013-0001-1-01	STH-U-4710-0103
3/4"-AD-4710-10143-Aa-NI	U-4710-UT-1013-0001-1-01	STH-U-4710-0103
3/4"-AI-4710-10113-Ac-NI	U-4710-UT-1011-0005-1-01	STH-U-4710-0102
3/4"-AI-4710-10502-Ac-NI	U-4710-UT-1011-0004-1-01	STH-A-4710-0051
1"-AI-4710-10393-Ac-NI	U-4710-UT-1011-0002-1-01	STH-A-4710-0051
2"-AI-4710-10391-Ac-NI	U-4710-UT-1011-0002-1-01	STH-A-4710-0051
2"-AI-4710-10392-Ac-NI	U-4710-UT-1011-0002-1-01	STH-A-4710-0051
2"-AI-4710-10488-Ac-NI	U-4710-UT-1011-0002-1-01	STH-A-4710-0051
2"-AI-4710-10489-Ac-NI	U-4710-UT-1011-0002-1-01	STH-A-4710-0051
2"-AI-4710-10490-Ac-NI	U-4710-UT-1011-0002-1-01	STH-A-4710-0051
2"-AI-4710-10491-Ac-NI	U-4710-UT-1011-0002-1-01	STH-A-4710-0051
2"-AI-4710-10492-Ac-NI	U-4710-UT-1011-0002-1-01	STH-A-4710-0051
3/4"-AI-4710-10493-Ac-NI	U-4710-UT-1011-0002-1-01	STH-A-4710-0051
3/4"-AI-4710-10578-Ac-NI	U-4710-UT-1011-0002-1-01	STH-A-4710-0051
3/4"-AI-4710-10579-Ac-NI	U-4710-UT-1011-0002-1-01	STH-A-4710-0051
3/4"-AI-4710-10580-Ac-NI	U-4710-UT-1011-0002-1-01	STH-A-4710-0051
3/4"-AI-4710-10581-Ac-NI	U-4710-UT-1011-0002-1-01	STH-A-4710-0051
3/4"-AI-4710-10582-Ac-NI	U-4710-UT-1011-0002-1-01	STH-A-4710-0051
3/4"-AI-4710-10583-Ac-NI	U-4710-UT-1011-0002-1-01	STH-A-4710-0051
3/4"-AI-4710-10584-Ac-NI	U-4710-UT-1011-0002-1-01	STH-A-4710-0051
3/4"-AI-4710-10585-Ac-NI	U-4710-UT-1011-0002-1-01	STH-A-4710-0051
1"-AI-4710-04139-Ac-NI	U-4710-UT-1011-0001-1-01	STH-U-4710-0102
1"-AI-4710-04140-Ac-NI	U-4710-UT-1011-0001-1-01	STH-U-4710-0102
1"-AI-4710-09057-Ac-NI	U-4710-UT-1011-0001-1-01	STH-U-4710-0102
1"-AI-4710-09068-Ac-NI	U-4710-UT-1011-0001-1-01	STH-U-4710-0102
1"-AI-4710-09105-Ac-NI	U-4710-UT-1011-0001-1-01	STH-U-4710-0102
1"-AI-4710-10046-Ac-NI	U-4710-UT-1011-0001-1-01	STH-U-4710-0102
1"-AI-4710-10048-Ac-NI	U-4710-UT-1011-0001-1-01	STH-U-4710-0102
1"-AI-4710-10049-Ac-NI	U-4710-UT-1011-0001-1-01	STH-U-4710-0102
1"-AI-4710-10050-Ac-NI	U-4710-UT-1011-0001-1-01	STH-U-4710-0102
1"-AI-4710-10052-Ac-NI	U-4710-UT-1011-0001-1-01	STH-U-4710-0102
1"-AI-4710-10053-Ac-NI	U-4710-UT-1011-0001-1-01	STH-U-4710-0102
1"-AI-4710-10054-Ac-NI	U-4710-UT-1011-0001-1-01	STH-U-4710-0102
1.1/2"-AI-4710-04142-Ac-NI	U-4710-UT-1011-0001-1-01	STH-U-4710-0102
2"-AI-4710-04145-Ac-NI	U-4710-UT-1011-0001-1-01	STH-U-4710-0102
3/4"-AI-4710-04138-Ac-NI	U-4710-UT-1011-0001-1-01	STH-U-4710-0102
3/4"-AI-4710-04141-Ac-NI	U-4710-UT-1011-0001-1-01	STH-U-4710-0102
3/4"-AI-4710-09013-Ac-NI	U-4710-UT-1011-0001-1-01	STH-U-4710-0102
3/4"-AI-4710-09056-Ac-NI	U-4710-UT-1011-0001-1-01	STH-U-4710-0102
3/4"-AI-4710-09058-Ac-NI	U-4710-UT-1011-0001-1-01	STH-U-4710-0102
3/4"-AI-4710-09059-Ac-NI	U-4710-UT-1011-0001-1-01	STH-U-4710-0102
3/4"-AI-4710-09060-Ac-NI	U-4710-UT-1011-0001-1-01	STH-U-4710-0102
3/4"-AI-4710-09069-Ac-NI	U-4710-UT-1011-0001-1-01	STH-U-4710-0102
3/4"-AI-4710-09070-Ac-NI	U-4710-UT-1011-0001-1-01	STH-U-4710-0102
3/4"-AI-4710-10047-Ac-NI	U-4710-UT-1011-0001-1-01	STH-U-4710-0102
3/4"-AI-4710-10051-Ac-NI	U-4710-UT-1011-0001-1-01	STH-U-4710-0102
3/4"-AI-4710-10132-Ac-NI	U-4710-UT-1011-0001-1-01	STH-U-4710-0102
4"-AI-4710-04146-Ac-NI	U-4710-UT-1011-0001-1-01	STH-U-4710-0102
2"-AS-4710-10397-Aa-NI	U-4710-UT-1010-0002-1-01	STH-A-4710-0050
2"-AS-4710-10398-Aa-NI	U-4710-UT-1010-0002-1-01	STH-A-4710-0050
3/4"-AS-4710-10399-Aa-NI	U-4710-UT-1010-0002-1-01	STH-A-4710-0050
3/4"-AS-4710-10523-Aa-NI	U-4710-UT-1010-0002-1-01	STH-A-4710-0050
3/4"-AS-4710-10524-Aa-NI	U-4710-UT-1010-0002-1-01	STH-A-4710-0050
1"-AS-4710-04129-Aa-NI	U-4710-UT-1010-0001-1-01	STH-U-4710-0101
1"-AS-4710-04131-Aa-NI	U-4710-UT-1010-0001-1-01	STH-U-4710-0101
1"-AS-4710-04133-Aa-NI	U-4710-UT-1010-0001-1-01	STH-U-4710-0101
1"-AS-4710-04882-Aa-NI	U-4710-UT-1010-0001-1-01	STH-U-4710-0101
1"-AS-4710-09103-Aa-NI	U-4710-UT-1010-0001-1-01	STH-U-4710-0101
1.1/2"-AS-4710-04136-Aa-NI	U-4710-UT-1010-0001-1-01	STH-U-4710-0101
1.1/2"-AS-4710-07754-Aa-NI	U-4710-UT-1010-0001-1-01	STH-U-4710-0101
3/4"-AS-4710-04121-Aa-NI	U-4710-UT-1010-0001-1-01	STH-U-4710-0101
3/4"-AS-4710-04122-Aa-NI	U-4710-UT-1010-0001-1-01	STH-U-4710-0101
3/4"-AS-4710-04123-Aa-NI	U-4710-UT-1010-0001-1-01	STH-U-4710-0101
3/4"-AS-4710-04124-Aa-NI	U-4710-UT-1010-0001-1-01	STH-U-4710-0101
3/4"-AS-4710-04125-Aa-NI	U-4710-UT-1010-0001-1-01	STH-U-4710-0101
3/4"-AS-4710-04126-Aa-NI	U-4710-UT-1010-0001-1-01	STH-U-4710-0101
3/4"-AS-4710-04127-Aa-NI	U-4710-UT-1010-0001-1-01	STH-U-4710-0101
3/4"-AS-4710-04128-Aa-NI	U-4710-UT-1010-0001-1-01	STH-U-4710-0101
3/4"-AS-4710-04130-Aa-NI	U-4710-UT-1010-0001-1-01	STH-U-4710-0101
3/4"-AS-4710-04132-Aa-NI	U-4710-UT-1010-0001-1-01	STH-U-4710-0101
3/4"-AS-4710-04134-Aa-NI	U-4710-UT-1010-0001-1-01	STH-U-4710-0101
3/4"-AS-4710-04135-Aa-NI	U-4710-UT-1010-0001-1-01	STH-U-4710-0101
3/4"-AS-4710-09075-Aa-NI	U-4710-UT-1010-0001-1-01	STH-U-4710-0101
3/4"-AS-4710-09076-Aa-NI	U-4710-UT-1010-0001-1-01	STH-U-4710-0101
3/4"-AS-4710-09090-Aa-NI	U-4710-UT-1010-0001-1-01	STH-U-4710-0101
3/4"-AS-4710-09091-Aa-NI	U-4710-UT-1010-0001-1-01	STH-U-4710-0101
3"-AS-4710-04137-Aa-NI	U-4710-UT-1010-0001-1-01	STH-U-4710-0101
1.1/2"-AO-4710-10037-Bf-PP	U-4710-UT-1008-0005-1-04	STH-U-4710-0100
2"-AO-4710-10038-Bf-PP	U-4710-UT-1008-0005-1-04	STH-U-4710-0100
6"-V4-4710-10036-Bf-PP	U-4710-UT-1008-0005-1-03	STH-U-4710-0099
6"-V4-4710-10035-Bf-PP	U-4710-UT-1008-0005-1-02	STH-U-4710-0097
24"-V4-4710-10387-Bf-IQ	U-4710-UT-1008-0004-1-01	STH-A-4710-0049
1"-V4-4710-10389-Bf-IQ	U-4710-UT-1008-0004-1-01	STH-A-4710-0049
1"-V4-4710-10520-Bf-IQ	U-4710-UT-1008-0004-1-01	STH-A-4710-0049
1"-V4-4710-10521-Bf-IQ	U-4710-UT-1008-0004-1-01	STH-A-4710-0049
1.1/2"-V4-4710-10519-Bf-IQ	U-4710-UT-1008-0004-1-01	STH-A-4710-0049
2"-V4-4710-10337-Bf-IQ	U-4710-UT-1008-0004-1-01	STH-A-4710-0049
3/4"-C4-4710-10587-Bf-PP	U-4710-UT-1008-0004-1-01	STH-A-4710-0049
3/4"-C4-4710-10588-Bf-PP	U-4710-UT-1008-0004-1-01	STH-A-4710-0049
3/4"-C4-4710-10589-Bf-PP	U-4710-UT-1008-0004-1-01	STH-A-4710-0049
8"-V4-4710-10388-Bf-IQ	U-4710-UT-1008-0004-1-01	STH-A-4710-0049
16"-V2-4710-10334-Bf-IQ	U-4710-UT-1008-0004-1-01	STH-A-4710-0049
24"-V2-4710-10333-Bf-IQ	U-4710-UT-1008-0004-1-01	STH-A-4710-0049
3/4"-DRAIN-4710-AM784/N5-Ba-IQ	U-4710-UT-1008-0003-1-06	STH-U-4710-0123
8"-V4-4710-12975-Bf-PP	U-4710-UT-1008-0003-1-03	Não encontrada
8"-V4-4710-12976-Bf-PP	U-4710-UT-1008-0003-1-02	Não encontrada
12"-V4-4710-04059-Bf-IQ	U-4710-UT-1008-0003-1-01	STH-U-4710-0096
10"-V4-4710-12307-Bf-IQ	U-4710-UT-1008-0003-1-01	STH-U-4710-0096
10"-V4-4710-12308-Bf-IQ	U-4710-UT-1008-0003-1-01	STH-U-4710-0096
16"-V4-4710-12306-Bf-IQ	U-4710-UT-1008-0003-1-01	STH-U-4710-0096
3"-V4-4710-07550-Bf-IQ	U-4710-UT-1008-0003-1-01	STH-U-4710-0096
3"-V4-4710-12309-Bf-IQ	U-4710-UT-1008-0003-1-01	STH-U-4710-0096
3"-V4-4710-12311-Bf-IQ	U-4710-UT-1008-0003-1-01	STH-U-4710-0096
6"-V4-4710-12310-Bf-IQ	U-4710-UT-1008-0003-1-01	STH-U-4710-0096
6"-V4-4710-12312-Bf-IQ	U-4710-UT-1008-0003-1-01	STH-U-4710-0096
8"-V4-4710-12323-Bf-PP	U-4710-UT-1008-0003-1-01	STH-U-4710-0096
1"-V4-4710-04041-Bf-IQ	U-4710-UT-1008-0003-1-01	STH-U-4710-0096
1"-V4-4710-04043-Bf-IQ	U-4710-UT-1008-0003-1-01	STH-U-4710-0096
1"-V4-4710-04044-Bf-IQ	U-4710-UT-1008-0003-1-01	STH-U-4710-0096
1"-V4-4710-04045-Bf-IQ	U-4710-UT-1008-0003-1-01	STH-U-4710-0096
1"-V4-4710-04046-Bf-IQ	U-4710-UT-1008-0003-1-01	STH-U-4710-0096
1"-V4-4710-04047-Bf-IQ	U-4710-UT-1008-0003-1-01	STH-U-4710-0096
1"-V4-4710-04048-Bf-IQ	U-4710-UT-1008-0003-1-01	STH-U-4710-0096
1"-V4-4710-04050-Bf-IQ	U-4710-UT-1008-0003-1-01	STH-U-4710-0096
1"-V4-4710-04053-Bf-IQ	U-4710-UT-1008-0003-1-01	STH-U-4710-0096
1"-V4-4710-04056-Bf-IQ	U-4710-UT-1008-0003-1-01	STH-U-4710-0096
1"-V4-4710-04057-Bf-IQ	U-4710-UT-1008-0003-1-01	STH-U-4710-0096
1"-V4-4710-04060-Bf-IQ	U-4710-UT-1008-0003-1-01	STH-U-4710-0096
1"-V4-4710-07523-Bf-IQ	U-4710-UT-1008-0003-1-01	STH-U-4710-0096
1"-V4-4710-07524-Bf-IQ	U-4710-UT-1008-0003-1-01	STH-U-4710-0096
1"-V4-4710-07526-Bf-IQ	U-4710-UT-1008-0003-1-01	STH-U-4710-0096
1"-V4-4710-07527-Bf-IQ	U-4710-UT-1008-0003-1-01	STH-U-4710-0096
1"-V4-4710-07528-Bf-IQ	U-4710-UT-1008-0003-1-01	STH-U-4710-0096
1"-V4-4710-07529-Bf-IQ	U-4710-UT-1008-0003-1-01	STH-U-4710-0096
1"-V4-4710-07530-Bf-IQ	U-4710-UT-1008-0003-1-01	STH-U-4710-0096
1"-V4-4710-07531-Bf-IQ	U-4710-UT-1008-0003-1-01	STH-U-4710-0096
1"-V4-4710-07532-Bf-IQ	U-4710-UT-1008-0003-1-01	STH-U-4710-0096
1"-V4-4710-07533-Bf-IQ	U-4710-UT-1008-0003-1-01	STH-U-4710-0096
1"-V4-4710-07534-Bf-IQ	U-4710-UT-1008-0003-1-01	STH-U-4710-0096
1"-V4-4710-07535-Bf-IQ	U-4710-UT-1008-0003-1-01	STH-U-4710-0096
1"-V4-4710-07536-Bf-IQ	U-4710-UT-1008-0003-1-01	STH-U-4710-0096
1"-V4-4710-07537-Bf-IQ	U-4710-UT-1008-0003-1-01	STH-U-4710-0096
1"-V4-4710-07538-Bf-IQ	U-4710-UT-1008-0003-1-01	STH-U-4710-0096
1"-V4-4710-07539-Bf-IQ	U-4710-UT-1008-0003-1-01	STH-U-4710-0096
1"-V4-4710-07545-Bf-IQ	U-4710-UT-1008-0003-1-01	STH-U-4710-0096
1"-V4-4710-07546-Bf-IQ	U-4710-UT-1008-0003-1-01	STH-U-4710-0096
1"-V4-4710-07547-Bf-IQ	U-4710-UT-1008-0003-1-01	STH-U-4710-0096
1"-V4-4710-07548-Bf-IQ	U-4710-UT-1008-0003-1-01	STH-U-4710-0096
1"-V4-4710-07549-Bf-IQ	U-4710-UT-1008-0003-1-01	STH-U-4710-0096
1"-V4-4710-07551-Bf-IQ	U-4710-UT-1008-0003-1-01	STH-U-4710-0096
1"-V4-4710-07552-Bf-IQ	U-4710-UT-1008-0003-1-01	STH-U-4710-0096
1"-V4-4710-07553-Bf-IQ	U-4710-UT-1008-0003-1-01	STH-U-4710-0096
1"-V4-4710-07554-Bf-IQ	U-4710-UT-1008-0003-1-01	STH-U-4710-0096
1"-V4-4710-07557-Bf-IQ	U-4710-UT-1008-0003-1-01	STH-U-4710-0096
1"-V4-4710-09073-Bf-IQ	U-4710-UT-1008-0003-1-01	STH-U-4710-0096
1"-V4-4710-09074-Bf-IQ	U-4710-UT-1008-0003-1-01	STH-U-4710-0096
1"-V4-4710-09086-Bf-IQ	U-4710-UT-1008-0003-1-01	STH-U-4710-0096
1"-V4-4710-09087-Bf-IQ	U-4710-UT-1008-0003-1-01	STH-U-4710-0096
1.1/2"-V4-4710-04042-Bf-IQ	U-4710-UT-1008-0003-1-01	STH-U-4710-0096
1.1/2"-V4-4710-04049-Bf-IQ	U-4710-UT-1008-0003-1-01	STH-U-4710-0096
1.1/2"-V4-4710-04052-Bf-IQ	U-4710-UT-1008-0003-1-01	STH-U-4710-0096
1.1/2"-V4-4710-04886-Bf-IQ	U-4710-UT-1008-0003-1-01	STH-U-4710-0096
1.1/2"-V4-4710-10098-Bf-IQ	U-4710-UT-1008-0003-1-01	STH-U-4710-0096
1.1/2"-V4-4710-10099-Bf-IQ	U-4710-UT-1008-0003-1-01	STH-U-4710-0096
1.1/2"-V4-4710-10100-Bf-IQ	U-4710-UT-1008-0003-1-01	STH-U-4710-0096
1.1/2"-V4-4710-10101-Bf-IQ	U-4710-UT-1008-0003-1-01	STH-U-4710-0096
12"-V4-4710-04062-BF-IQ	U-4710-UT-1008-0003-1-01	STH-U-4710-0096
2"-V4-4710-00270-Bf-IQ	U-4710-UT-1008-0003-1-01	STH-U-4710-0096
2"-V4-4710-00271-Bf-IQ	U-4710-UT-1008-0003-1-01	STH-U-4710-0096
2"-V4-4710-00710-Bf-IQ	U-4710-UT-1008-0003-1-01	STH-U-4710-0096
2"-V4-4710-01070-Bf-PP	U-4710-UT-1008-0003-1-01	STH-U-4710-0096
2"-V4-4710-01071-Ec-PP	U-4710-UT-1008-0003-1-01	STH-U-4710-0096
2"-V4-4710-02540-Bf-IQ	U-4710-UT-1008-0003-1-01	STH-U-4710-0096
2"-V4-4710-03130-Bf-IQ	U-4710-UT-1008-0003-1-01	STH-U-4710-0096
2"-V4-4710-07558-Bf-IQ	U-4710-UT-1008-0003-1-01	STH-U-4710-0096
2"-V4-4710-12313-Ec-IQ	U-4710-UT-1008-0003-1-01	STH-U-4710-0096
2"-V4-4710-12315-Ec-IQ	U-4710-UT-1008-0003-1-01	STH-U-4710-0096
3"-V4-4710-04061-Bf-IQ	U-4710-UT-1008-0003-1-01	STH-U-4710-0096
3/4"-C63-4710-12966-Ec-PP	U-4710-UT-1008-0003-1-01	STH-U-4710-0096
3/4"-V4-4710-04654-Bf-IQ	U-4710-UT-1008-0003-1-01	STH-U-4710-0096
3/4"-V4-4710-10030-Bf-IQ	U-4710-UT-1008-0003-1-01	STH-U-4710-0096
3/4"-V4-4710-10126-Bf-IQ	U-4710-UT-1008-0003-1-01	STH-U-4710-0096
3/4"-V4-4710-10127-Bf-IQ	U-4710-UT-1008-0003-1-01	STH-U-4710-0096
3/4"-V4-4710-10128-Bf-IQ	U-4710-UT-1008-0003-1-01	STH-U-4710-0096
3/4"-V4-4710-10145-Bf-IQ	U-4710-UT-1008-0003-1-01	STH-U-4710-0096
3/4"-V4-4710-10790-Bf-PP	U-4710-UT-1008-0003-1-01	STH-U-4710-0096
3/4"-V4-4710-10791-Bf-PP	U-4710-UT-1008-0003-1-01	STH-U-4710-0096
3/4"-V4-4710-10792-Bf-PP	U-4710-UT-1008-0003-1-01	STH-U-4710-0096
3/4"-V4-4710-10793-Bf-PP	U-4710-UT-1008-0003-1-01	STH-U-4710-0096
3/4"-V4-4710-10794-Bf-PP	U-4710-UT-1008-0003-1-01	STH-U-4710-0096
3/4"-V4-4710-10795-Bf-PP	U-4710-UT-1008-0003-1-01	STH-U-4710-0096
3/4"-V4-4710-10796-Bf-PP	U-4710-UT-1008-0003-1-01	STH-U-4710-0096
3/4"-V4-4710-10797-Bf-PP	U-4710-UT-1008-0003-1-01	STH-U-4710-0096
3"-V4-4710-02840-Bf-IQ	U-4710-UT-1008-0003-1-01	STH-U-4710-0096
2"-AO-4710-04876-Bf-PP	U-4710-UT-1008-0002-1-02	STH-U-4710-0095
12"-V4-4710-03734-Bf-PP	U-4710-UT-1008-0002-1-02	STH-U-4710-0095
12"-V4-4710-03735-Bf-PP	U-4710-UT-1008-0002-1-02	STH-U-4710-0095
16"-V4-4710-10137-Bf-PP	U-4710-UT-1008-0002-1-02	STH-U-4710-0095
8"-V4-4710-04267-Bf-PP	U-4710-UT-1008-0002-1-01	STH-U-4710-0094
8"-V4-4710-04268-Bf-PP	U-4710-UT-1008-0002-1-01	STH-U-4710-0094
2"-AO-4710-04873-Bf-PP	U-4710-UT-1008-0002-1-01	STH-U-4710-0094
2"-AO-4710-04789-Bf-PP	U-4710-UT-1008-0001-1-04	STH-U-4710-0093
2"-AO-4710-04855-Bf-PP	U-4710-UT-1008-0001-1-04	STH-U-4710-0093
2"-AO-4710-10031-Bf-PP	U-4710-UT-1008-0001-1-04	STH-U-4710-0093
3"-AO-4710-04790-Bf-PP	U-4710-UT-1008-0001-1-04	STH-U-4710-0093
8"-V4-4710-09131-Ec-PP	U-4710-UT-1008-0001-1-03	STH-U-4710-0092
8"-V4-4710-09130-Bf-PP	U-4710-UT-1008-0001-1-02	STH-U-4710-0091
3"-V4-4710-09078-Bf-PP	U-4710-UT-1008-0001-1-01	STH-U-4710-0090
6"-V29-4710-00540-O1-IQ	U-4710-UT-1007-0002-1-01	STH-U-4710-0089
1/2"-C29-4710-10161-O1-PP	U-4710-UT-1007-0002-1-01	STH-U-4710-0215
3/4"-C29-4710-10162-O1-PP	U-4710-UT-1007-0002-1-01	STH-U-4710-0216
4"-V29-4710-04266-Ce-IQ	U-4710-UT-1007-0001-1-01	STH-U-4710-0088
6"-V29-4710-02901-Ce-IQ	U-4710-UT-1007-0001-1-01	STH-U-4710-0088
6"-V29-4710-02903-Ce-IQ	U-4710-UT-1007-0001-1-01	STH-U-4710-0088
8"-V63-4710-02824-Ec-IQ	U-4710-UT-1006-0003-1-01	STH-U-4710-0087
8"-V63-4710-02827-Ec-IQ	U-4710-UT-1006-0003-1-01	STH-U-4710-0087
8"-V63-4710-02829-Ec-IQ	U-4710-UT-1006-0003-1-01	STH-U-4710-0087
1.1/2"-V63-4710-04741-Ec-IQ	U-4710-UT-1006-0003-1-01	STH-U-4710-0087
1.1/2"-V63-4710-04742-Ec-IQ	U-4710-UT-1006-0003-1-01	STH-U-4710-0087
3"-V63-4710-02470-Ec-IQ	U-4710-UT-1006-0003-1-01	STH-U-4710-0087
6"-V63-4710-00282-Ec-IQ	U-4710-UT-1006-0003-1-01	STH-U-4710-0087
6"-V63-4710-02831-Ec-IQ	U-4710-UT-1006-0003-1-01	STH-U-4710-0087
6"-V63-4710-00283-Ec-IQ	U-4710-UT-1006-0003-1-01	STH-U-4710-0087
12"-V63-4710-00348-Pa-IQ	U-4710-UT-1006-0002-1-02	STH-U-4710-0086
12"-V63-4710-00520-Pa-IQ	U-4710-UT-1006-0002-1-02	STH-U-4710-0086
16"-V29-4710-00526-Pa-IQ	U-4710-UT-1006-0002-1-02	STH-U-4710-0086
8"-V29-4710-00525-Pa-IQ	U-4710-UT-1006-0002-1-02	STH-U-4710-0086
8"-V29-4710-00528-Pa-IQ	U-4710-UT-1006-0002-1-02	STH-U-4710-0086
10"-V63-4710-00346-Pa-IQ	U-4710-UT-1006-0002-1-02	STH-U-4710-0086
8"-V63-4710-00521-Pa-IQ	U-4710-UT-1006-0002-1-02	STH-U-4710-0086
8"-V63-4710-00523-Pa-IQ	U-4710-UT-1006-0002-1-02	STH-U-4710-0086
12"-V63-4710-00342-Pa-IQ	U-4710-UT-1006-0002-1-01	STH-U-4710-0085
16"-V63-4710-00812-Pa-IQ	U-4710-UT-1006-0002-1-01	STH-U-4710-0085
6"-V63-4710-10033-Pa-IQ	U-4710-UT-1006-0002-1-01	STH-U-4710-0085
12"-V63-4710-00344-Pa-IQ	U-4710-UT-1006-0002-1-01	STH-U-4710-0085
10"-V63-4710-00341-Pa-IQ	U-4710-UT-1006-0002-1-01	STH-U-4710-0085
12"-V63-4710-02803-Pa-IQ	U-4710-UT-1006-0002-1-01	STH-U-4710-0085
12"-V63-4710-02806-Pa-IQ	U-4710-UT-1006-0002-1-01	STH-U-4710-0085
4"-V63-4710-10034-Pa-IQ	U-4710-UT-1006-0002-1-01	STH-U-4710-0085
12"-V63-4710-00340-Pa-IQ	U-4710-UT-1006-0002-1-01	STH-U-4710-0085
12"-V63-4710-02801-Pa-IQ	U-4710-UT-1006-0002-1-01	STH-U-4710-0085
3/4"-DRAIN-4710-AM768/N5-Ba-NI	U-4710-UT-1006-0001-1-04	STH-U-4710-0128
1/2"-C43-4710-10150-Ec-PP	U-4710-UT-1006-0001-1-02	STH-U-4710-0083
1/2"-C43-4710-10151-Ec-PP	U-4710-UT-1006-0001-1-02	STH-U-4710-0083
1/2"-C43-4710-10152-Ec-PP	U-4710-UT-1006-0001-1-02	STH-U-4710-0083
10"-V43-4710-02817-Ec-IQ	U-4710-UT-1006-0001-1-02	STH-U-4710-0083
12"-V43-4710-02804-Ec-PP	U-4710-UT-1006-0001-1-02	STH-U-4710-0083
4"-V43-4710-02818-Ec-IQ	U-4710-UT-1006-0001-1-02	STH-U-4710-0083
8"-V43-4710-02820-Ec-IQ	U-4710-UT-1006-0001-1-02	STH-U-4710-0083
12"-V43-4710-02813-Ec-IQ	U-4710-UT-1006-0001-1-01	STH-U-4710-0082
6"-V43-4710-02810-Ec-IQ	U-4710-UT-1006-0001-1-01	STH-U-4710-0082
6"-V43-4710-02811-Ec-IQ	U-4710-UT-1006-0001-1-01	STH-U-4710-0082
12"-V43-4710-04055-Ef-IQ	U-4710-UT-1006-0001-1-01	STH-U-4710-0082
3/4"-V43-4710-04653-Ec-IQ	U-4710-UT-1006-0001-1-01	STH-U-4710-0082
8"-V43-4710-04776-Ef-IQ	U-4710-UT-1006-0001-1-01	STH-U-4710-0082
10"-V43-4710-02815-Ec-IQ	U-4710-UT-1006-0001-1-01	STH-U-4710-0082
1.1/2"-AV-4710-10122-Q3-IQ	U-4710-UT-1003-0003-1-05	STH-U-4710-0081
3/4"-HC-4710-04454-Q3-IQ	U-4710-UT-1003-0003-1-05	STH-U-4710-0058
3/4"-HC-4710-04774-Q3-IQ	U-4710-UT-1003-0003-1-05	STH-U-4710-0058
3/4"-HC-4710-04775-Q3-IQ	U-4710-UT-1003-0003-1-05	STH-U-4710-0058
4"-AV-4710-02604-Q3-IQ	U-4710-UT-1003-0003-1-05	STH-U-4710-0081
1.1/2"-AV-4710-10123-Q3-IQ	U-4710-UT-1003-0003-1-04	STH-U-4710-0081
3/4"-HC-4710-04770-Q3-IQ	U-4710-UT-1003-0003-1-04	STH-U-4710-0058
3/4"-HC-4710-04772-Q3-IQ	U-4710-UT-1003-0003-1-04	STH-U-4710-0058
3/4"-HC-4710-04773-Q3-IQ	U-4710-UT-1003-0003-1-04	STH-U-4710-0058
4"-AV-4710-02606-Q3-IQ	U-4710-UT-1003-0003-1-04	STH-U-4710-0081
6"-AV-4710-02601-O1-IQ	U-4710-UT-1003-0003-1-02	STH-U-4710-0081
6"-AV-4710-02605-O1-IQ	U-4710-UT-1003-0003-1-02	STH-U-4710-0081
3/4"-AV-4710-04808-O1-IQ	U-4710-UT-1003-0003-1-02	STH-U-4710-0081
6"-AV-4710-02927-O1-IQ	U-4710-UT-1003-0003-1-01	STH-U-4710-0080
3/4"-DRAIN-4710-AM529/N5-Ba-NI	U-4710-UT-1003-0002-1-10	STH-U-4710-0129
3"-Ca-4710-02925-O1-IQ	U-4710-UT-1003-0002-1-09	STH-U-4710-0079
4"-HC-4710-04189-Mb-NI	U-4710-UT-1003-0002-1-09	STH-U-4710-0130
2"-AO-4710-09002-Ba-NI	U-4710-UT-1003-0002-1-07	STH-U-4710-0133
3/4"-AO-4710-09109-Ba-NI	U-4710-UT-1003-0002-1-07	STH-U-4710-0133
2"-AO-4710-09001-Ba-NI	U-4710-UT-1003-0002-1-06	STH-U-4710-0134
3/4"-AO-4710-09108-Ba-NI	U-4710-UT-1003-0002-1-06	STH-U-4710-0134
3"-Ca-4710-02915-O1-NI	U-4710-UT-1003-0002-1-04	STH-U-4710-0077
3"-Ca-4710-02920-O1-NI	U-4710-UT-1003-0002-1-04	STH-U-4710-0077
3"-Ca-4710-02923-O1-NI	U-4710-UT-1003-0002-1-04	STH-U-4710-0077
3/4"-Ca-4710-04269-O1-NI	U-4710-UT-1003-0002-1-04	STH-U-4710-0078
3/4"-Ca-4710-04270-O1-NI	U-4710-UT-1003-0002-1-04	STH-U-4710-0078
3/4"-Ca-4710-04701-O1-NI	U-4710-UT-1003-0002-1-04	STH-U-4710-0078
3/4"-Ca-4710-04702-O1-NI	U-4710-UT-1003-0002-1-04	STH-U-4710-0078
3/4"-Ca-4710-04703-O1-NI	U-4710-UT-1003-0002-1-04	STH-U-4710-0078
3/4"-Ca-4710-04765-O1-NI	U-4710-UT-1003-0002-1-04	STH-U-4710-0078
4"-Ca-4710-02913-O1-NI	U-4710-UT-1003-0002-1-03	STH-U-4710-0078
4"-Ca-4710-02911-O1-NI	U-4710-UT-1003-0002-1-02	STH-U-4710-0078
3/4"-Ca-4710-04258-Mb-NI	U-4710-UT-1003-0002-1-01	STH-U-4710-0078
4"-Ca-4710-01322-Mb-NI	U-4710-UT-1003-0002-1-01	STH-U-4710-0078
4"-Ca-4710-01324-Mb-NI	U-4710-UT-1003-0002-1-01	STH-U-4710-0078
4"-Ca-4710-02910-Mb-NI	U-4710-UT-1003-0002-1-01	STH-U-4710-0078
1.1/2"-Ca-4710-01320-Mb-NI	U-4710-UT-1003-0001-1-02	STH-U-4710-0077
1.1/2"-Ca-4710-02917-Mb-NI	U-4710-UT-1003-0001-1-01	STH-U-4710-0077
3/4"-DRAIN-4710-CL300/D-AC-NI	U-4710-SR-3015-0002-1-01	STH-U-4710-0135
3/4"-DRAIN-4710-CL001/D-AC-NI	U-4710-SR-3015-0001-1-01	STH-U-4710-0136
3/4"-DRAIN-4710-CL002/D-AC-NI	U-4710-SR-3015-0001-1-01	STH-U-4710-0136
3/4"-DRAIN-4710-CL003/D-AC-NI	U-4710-SR-3015-0001-1-01	STH-U-4710-0136
3/4"-DRAIN-4710-CL004/D-AC-NI	U-4710-SR-3015-0001-1-01	STH-U-4710-0136
3/4"-DRAIN-4710-CL005/D-AC-NI	U-4710-SR-3015-0001-1-01	STH-U-4710-0136
3/4"-DRAIN-4710-CL007/D-AC-NI	U-4710-SR-3015-0001-1-01	STH-U-4710-0136
3/4"-DRAIN-4710-CL008/D-AC-NI	U-4710-SR-3015-0001-1-01	STH-U-4710-0136
3/4"-DRAIN-4710-CL009/D-AC-NI	U-4710-SR-3015-0001-1-01	STH-U-4710-0136
4"-AF-4710-10745-Ac-NI	U-4710-SR-3001-0004-1-02	STH-A-4710-0047
1.1/2"-AF-4710-10753-Ac-NI	U-4710-SR-3001-0004-1-02	STH-A-4710-0047
3"-AF-4710-10754-AC-NI	U-4710-SR-3001-0004-1-02	STH-A-4710-0047
3"-AF-4710-10806-AC-NI	U-4710-SR-3001-0004-1-02	STH-A-4710-0047
4"-AF-4710-10755-AC-NI	U-4710-SR-3001-0004-1-02	STH-A-4710-0047
1"-AF-4710-10764-Ac-NI	U-4710-SR-3001-0004-1-01	STH-A-4710-0047
1"-AF-4710-10765-Ac-NI	U-4710-SR-3001-0004-1-01	STH-A-4710-0047
1"-AF-4710-10766-Ac-NI	U-4710-SR-3001-0004-1-01	STH-A-4710-0047
1"-AF-4710-10767-Ac-NI	U-4710-SR-3001-0004-1-01	STH-A-4710-0047
1"-AF-4710-10768-Ac-NI	U-4710-SR-3001-0004-1-01	STH-A-4710-0047
1"-AF-4710-10769-Ac-NI	U-4710-SR-3001-0004-1-01	STH-A-4710-0047
1"-AF-4710-10770-Ac-NI	U-4710-SR-3001-0004-1-01	STH-A-4710-0047
1"-AF-4710-10771-Ac-NI	U-4710-SR-3001-0004-1-01	STH-A-4710-0047
1"-AF-4710-10776-Ac-NI	U-4710-SR-3001-0004-1-01	STH-A-4710-0047
1"-AF-4710-10777-Ac-NI	U-4710-SR-3001-0004-1-01	STH-A-4710-0047
1"-AF-4710-10778-Ac-NI	U-4710-SR-3001-0004-1-01	STH-A-4710-0047
1"-AF-4710-10779-Ac-NI	U-4710-SR-3001-0004-1-01	STH-A-4710-0047
1"-AF-4710-10780-Ac-NI	U-4710-SR-3001-0004-1-01	STH-A-4710-0047
1"-AF-4710-10781-Ac-NI	U-4710-SR-3001-0004-1-01	STH-A-4710-0047
1"-AF-4710-10782-Ac-NI	U-4710-SR-3001-0004-1-01	STH-A-4710-0047
1"-AF-4710-10783-Ac-NI	U-4710-SR-3001-0004-1-01	STH-A-4710-0047
1"-AF-4710-10788-Ac-NI	U-4710-SR-3001-0004-1-01	STH-A-4710-0047
1"-AF-4710-10789-Ac-NI	U-4710-SR-3001-0004-1-01	STH-A-4710-0047
1"-AF-4710-10800-Ac-NI	U-4710-SR-3001-0004-1-01	STH-A-4710-0047
1"-AF-4710-10801-Ac-NI	U-4710-SR-3001-0004-1-01	STH-A-4710-0047
1"-AF-4710-10802-Ac-NI	U-4710-SR-3001-0004-1-01	STH-A-4710-0047
1"-AF-4710-10803-Ac-NI	U-4710-SR-3001-0004-1-01	STH-A-4710-0047
1"-AF-4710-10804-Ac-NI	U-4710-SR-3001-0004-1-01	STH-A-4710-0047
1"-AF-4710-10805-Ac-NI	U-4710-SR-3001-0004-1-01	STH-A-4710-0047
1.1/2"-AF-4710-10760-Ac-NI	U-4710-SR-3001-0004-1-01	STH-A-4710-0047
1.1/2"-AF-4710-10761-Ac-NI	U-4710-SR-3001-0004-1-01	STH-A-4710-0047
1.1/2"-AF-4710-10773-Ac-NI	U-4710-SR-3001-0004-1-01	STH-A-4710-0047
1.1/2"-AF-4710-10774-Ac-NI	U-4710-SR-3001-0004-1-01	STH-A-4710-0047
1.1/2"-AF-4710-10785-Ac-NI	U-4710-SR-3001-0004-1-01	STH-A-4710-0047
1.1/2"-AF-4710-10786-Ac-NI	U-4710-SR-3001-0004-1-01	STH-A-4710-0047
2"-AF-4710-10762-Ac-NI	U-4710-SR-3001-0004-1-01	STH-A-4710-0047
2"-AF-4710-10775-Ac-NI	U-4710-SR-3001-0004-1-01	STH-A-4710-0047
2"-AF-4710-10784-Ac-NI	U-4710-SR-3001-0004-1-01	STH-A-4710-0047
2"-AF-4710-10787-Ac-NI	U-4710-SR-3001-0004-1-01	STH-A-4710-0047
2.1/2"-AF-4710-10756-Ac-NI	U-4710-SR-3001-0004-1-01	STH-A-4710-0047
3"-AF-4710-10757-Ac-NI	U-4710-SR-3001-0004-1-01	STH-A-4710-0047
3"-AF-4710-10758-Ac-NI	U-4710-SR-3001-0004-1-01	STH-A-4710-0047
3"-AF-4710-10759-Ac-NI	U-4710-SR-3001-0004-1-01	STH-A-4710-0047
3"-AF-4710-10763-Ac-NI	U-4710-SR-3001-0004-1-01	STH-A-4710-0047
3"-AF-4710-10772-Ac-NI	U-4710-SR-3001-0004-1-01	STH-A-4710-0047
6"-AF-4710-10746-Ac-NI	U-4710-SR-3001-0004-1-01	STH-A-4710-0047
4"-AF-4710-10742-Bh-NI	U-4710-SR-3001-0003-1-05	STH-U-4710-0076
6"-AF-4710-10741-Bh-NI	U-4710-SR-3001-0003-1-05	STH-U-4710-0076
6"-AF-4710-10747-Bh-NI	U-4710-SR-3001-0003-1-04	STH-U-4710-0076
6"-AF-4710-10748-Bh-NI	U-4710-SR-3001-0003-1-03	STH-U-4710-0076
16"-AF-4710-10744-Bh-NI	U-4710-SR-3001-0003-1-02	STH-A-4710-0047
16"-AF-4710-10743-Bh-NI	U-4710-SR-3001-0003-1-01	STH-A-4710-0047
6"-AF-4710-10740-Bh-NI	U-4710-SR-3001-0003-1-01	STH-A-4710-0047
6"-AF-4710-10751-Bh-NI	U-4710-SR-3001-0003-1-01	STH-A-4710-0047
6"-AF-4710-10752-Bh-NI	U-4710-SR-3001-0003-1-01	STH-A-4710-0047
8"-AF-4710-10750-Bh-NI	U-4710-SR-3001-0003-1-01	STH-A-4710-0047
8"-AF-4710-10712-Bh-NI	U-4710-SR-3001-0001-1-03	STH-U-4710-0076
8"-AF-4710-10707-Bh-NI	U-4710-SR-3001-0001-1-02	STH-U-4710-0076
8"-AF-4710-10708-Bh-NI	U-4710-SR-3001-0001-1-02	STH-U-4710-0076
16"-AF-4710-10700-Bh-NI	U-4710-SR-3001-0001-1-01	STH-U-4710-0076
4"-AF-4710-10732-Bh-NI	U-4710-SR-3001-0001-1-01	STH-U-4710-0076
6"-AF-4710-10701-Bh-NI	U-4710-SR-3001-0001-1-01	STH-U-4710-0076
6"-AF-4710-10705-Bh-NI	U-4710-SR-3001-0001-1-01	STH-U-4710-0076
6"-AF-4710-10711-Bh-NI	U-4710-SR-3001-0001-1-01	STH-U-4710-0076
6"-AF-4710-10713-Bh-NI	U-4710-SR-3001-0001-1-01	STH-U-4710-0076
6"-AF-4710-10717-Bh-NI	U-4710-SR-3001-0001-1-01	STH-U-4710-0076
6"-AF-4710-10733-Bh-NI	U-4710-SR-3001-0001-1-01	STH-U-4710-0076
8"-AF-4710-10702-Bh-NI	U-4710-SR-3001-0001-1-01	STH-U-4710-0076
8"-AF-4710-10710-Bh-NI	U-4710-SR-3001-0001-1-01	STH-U-4710-0076
8"-AF-4710-10715-Bh-NI	U-4710-SR-3001-0001-1-01	STH-U-4710-0076
8"-AF-4710-10718-Bh-NI	U-4710-SR-3001-0001-1-01	STH-U-4710-0076
16"-AF-4710-10704-Bh-NI	U-4710-SR-3001-0001-1-01	STH-U-4710-0076
16"-AF-4710-10716-Bh-NI	U-4710-SR-3001-0001-1-01	STH-A-4710-0047
6"-AF-4710-10706-Bh-NI	U-4710-SR-3001-0001-1-01	STH-A-4710-0047
6"-AF-4710-10709-Bh-NI	U-4710-SR-3001-0001-1-01	STH-A-4710-0047
2"-OL-4710-13596-Lb-NI	U-4710-PR-0108-0003-1-04	STH-U-4710-0137
2"-OL-4710-13595-Lb-NI	U-4710-PR-0108-0003-1-03	STH-U-4710-0138
2"-OL-4710-13594-Lb-NI	U-4710-PR-0108-0003-1-02	STH-U-4710-0139
2"-OL-4710-13593-Lb-NI	U-4710-PR-0108-0003-1-01	STH-U-4710-0140
1.1/2"-HD-4710-13401-C13-NI	U-4710-PR-0108-0001-1-03	STH-U-4710-0142
1.1/2"-HD-4710-13402-C13-NI	U-4710-PR-0108-0001-1-03	STH-U-4710-0142
1.1/2"-HD-4710-13403-C13-NI	U-4710-PR-0108-0001-1-03	STH-U-4710-0142
1.1/2"-HD-4710-13404-C13-NI	U-4710-PR-0108-0001-1-03	STH-U-4710-0142
1.1/2"-HD-4710-13405-C13-IQ	U-4710-PR-0108-0001-1-03	STH-U-4710-0142
1.1/2"-HD-4710-13406-C13-IQ	U-4710-PR-0108-0001-1-03	STH-U-4710-0142
1.1/2"-HD-4710-13407-C13-IQ	U-4710-PR-0108-0001-1-03	STH-U-4710-0142
1.1/2"-HD-4710-13408-C13-IQ	U-4710-PR-0108-0001-1-03	STH-U-4710-0142
2"-HD-4710-10570-Ba-NI	U-4710-PR-0108-0001-1-02	STH-U-4710-0143
1"-AO-4710-10564-Ba-NI	U-4710-PR-0108-0001-1-01	STH-U-4710-0144
1.1/2"-AO-4710-10567-Ba-NI	U-4710-PR-0108-0001-1-01	STH-U-4710-0144
2"-OL-4710-13396-Lb-NI	U-4710-PR-0107-0003-1-04	STH-U-4710-0145
2"-OL-4710-13395-Lb-NI	U-4710-PR-0107-0003-1-03	STH-U-4710-0146
2"-OL-4710-13394-Lb-NI	U-4710-PR-0107-0003-1-02	STH-U-4710-0147
2"-OL-4710-13393-Lb-NI	U-4710-PR-0107-0003-1-01	STH-U-4710-0148
1.1/2"-HD-4710-13201-C13-NI	U-4710-PR-0107-0001-1-03	STH-U-4710-0149
1.1/2"-HD-4710-13202-C13-NI	U-4710-PR-0107-0001-1-03	STH-U-4710-0149
1.1/2"-HD-4710-13203-C13-NI	U-4710-PR-0107-0001-1-03	STH-U-4710-0149
1.1/2"-HD-4710-13204-C13-NI	U-4710-PR-0107-0001-1-03	STH-U-4710-0149
1.1/2"-HD-4710-13205-C13-IQ	U-4710-PR-0107-0001-1-03	STH-U-4710-0149
1.1/2"-HD-4710-13206-C13-IQ	U-4710-PR-0107-0001-1-03	STH-U-4710-0149
1.1/2"-HD-4710-13207-C13-IQ	U-4710-PR-0107-0001-1-03	STH-U-4710-0149
1.1/2"-HD-4710-13208-C13-IQ	U-4710-PR-0107-0001-1-03	STH-U-4710-0149
2"-HD-4710-10569-Ba-NI	U-4710-PR-0107-0001-1-02	STH-U-4710-0150
1"-AO-4710-10563-Ba-NI	U-4710-PR-0107-0001-1-01	STH-U-4710-0152
1.1/2"-AO-4710-10566-Ba-NI	U-4710-PR-0107-0001-1-01	STH-U-4710-0152
2"-OL-4710-13196-Lb-NI	U-4710-PR-0106-0003-1-04	STH-U-4710-0153
2"-OL-4710-13195-Lb-NI	U-4710-PR-0106-0003-1-03	STH-U-4710-0153
2"-OL-4710-13194-Lb-NI	U-4710-PR-0106-0003-1-02	STH-U-4710-0154
2"-OL-4710-13193-Lb-NI	U-4710-PR-0106-0003-1-01	STH-U-4710-0155
1.1/2"-HD-4710-13001-C13-NI	U-4710-PR-0106-0001-1-03	STH-U-4710-0156
1.1/2"-HD-4710-13002-C13-NI	U-4710-PR-0106-0001-1-03	STH-U-4710-0156
1.1/2"-HD-4710-13003-C13-NI	U-4710-PR-0106-0001-1-03	STH-U-4710-0156
1.1/2"-HD-4710-13004-C13-NI	U-4710-PR-0106-0001-1-03	STH-U-4710-0156
1.1/2"-HD-4710-13005-C13-IQ	U-4710-PR-0106-0001-1-03	STH-U-4710-0156
1.1/2"-HD-4710-13006-C13-IQ	U-4710-PR-0106-0001-1-03	STH-U-4710-0156
1.1/2"-HD-4710-13007-C13-IQ	U-4710-PR-0106-0001-1-03	STH-U-4710-0156
1.1/2"-HD-4710-13008-C13-IQ	U-4710-PR-0106-0001-1-03	STH-U-4710-0156
2"-HD-4710-10568-Ba-NI	U-4710-PR-0106-0001-1-02	STH-U-4710-0157
1"-AO-4710-10562-Ba-NI	U-4710-PR-0106-0001-1-01	STH-U-4710-0158
1.1/2"-AO-4710-10565-Ba-NI	U-4710-PR-0106-0001-1-01	STH-U-4710-0158
1.1/2"-HS-4710-13801-C13-NI	U-4710-PR-0105-0001-1-03	STH-U-4710-0159
1.1/2"-HS-4710-13802-C13-NI	U-4710-PR-0105-0001-1-03	STH-U-4710-0159
1.1/2"-HS-4710-13803-C13-NI	U-4710-PR-0105-0001-1-03	STH-U-4710-0159
1.1/2"-HS-4710-13804-C13-NI	U-4710-PR-0105-0001-1-03	STH-U-4710-0159
1.1/2"-HS-4710-10553-Ba-NI	U-4710-PR-0105-0001-1-02	STH-U-4710-0160
1"-AO-4710-10551-Ba-NI	U-4710-PR-0105-0001-1-01	STH-U-4710-0161
1.1/2"-AO-4710-10555-Ba-NI	U-4710-PR-0105-0001-1-01	STH-U-4710-0161
1.1/2"-HS-4710-13601-C13-NI	U-4710-PR-0104-0001-1-03	STH-U-4710-0162
1.1/2"-HS-4710-13602-C13-NI	U-4710-PR-0104-0001-1-03	STH-U-4710-0162
1.1/2"-HS-4710-13603-C13-NI	U-4710-PR-0104-0001-1-03	STH-U-4710-0162
1.1/2"-HS-4710-13604-C13-NI	U-4710-PR-0104-0001-1-03	STH-U-4710-0162
1.1/2"-HS-4710-10552-Ba-NI	U-4710-PR-0104-0001-1-02	STH-U-4710-0163
1"-AO-4710-10550-Ba-NI	U-4710-PR-0104-0001-1-01	STH-U-4710-0164
1.1/2"-AO-4710-10554-Ba-NI	U-4710-PR-0104-0001-1-01	STH-U-4710-0164
1.1/2"-DRAIN-4710-P003/D-Ba-PP	U-4710-PR-0103-0003-1-02	STH-U-4710-0165
1.1/2"-VENT-4710-P003/V-Ba-PP	U-4710-PR-0103-0003-1-02	STH-U-4710-0165
2"-C63-4710-12314-Ec-PP	U-4710-PR-0103-0003-1-01	STH-U-4710-0075
2"-C63-4710-12316-Ec-PP	U-4710-PR-0103-0003-1-01	STH-U-4710-0075
2"-C63-4710-12332-Ec-PP	U-4710-PR-0103-0003-1-01	STH-U-4710-0075
2"-C63-4710-14013-Ec-PP	U-4710-PR-0103-0003-1-01	STH-U-4710-0075
2"-C63-4710-14014-Ec-PP	U-4710-PR-0103-0003-1-01	STH-U-4710-0075
1.1/2"-INST-4710-V003/P1-Ec-IQ	U-4710-PR-0103-0001-1-11	STH-U-4710-0166
1.1/2"-INST-4710-V003/P2-Ec-IQ	U-4710-PR-0103-0001-1-11	STH-U-4710-0166
2"-INST-4710-V003/D-Ec-IQ	U-4710-PR-0103-0001-1-11	STH-U-4710-0166
2"-INST-4710-V003/G1-Ec-IQ	U-4710-PR-0103-0001-1-11	STH-U-4710-0166
2"-INST-4710-V003/G3-Ec-IQ	U-4710-PR-0103-0001-1-11	STH-U-4710-0166
2"-INST-4710-V003/L1-Ec-IQ	U-4710-PR-0103-0001-1-11	STH-U-4710-0166
2"-INST-4710-V003/L2-Ec-IQ	U-4710-PR-0103-0001-1-11	STH-U-4710-0166
2"-INST-4710-V003/L3-Ec-IQ	U-4710-PR-0103-0001-1-11	STH-U-4710-0166
2"-INST-4710-V003/L4-Ec-IQ	U-4710-PR-0103-0001-1-11	STH-U-4710-0166
2"-INST-4710-V003/L5-Ec-IQ	U-4710-PR-0103-0001-1-11	STH-U-4710-0166
2"-INST-4710-V003/L6-Ec-IQ	U-4710-PR-0103-0001-1-11	STH-U-4710-0166
1.1/2"-INST-4710-V004/D-Bf-PP	U-4710-PR-0103-0001-1-10	STH-U-4710-0167
2"-DRAIN-4710-V004/D-Bf-PP	U-4710-PR-0103-0001-1-10	STH-U-4710-0167
18"-V4-4710-12352-Bf-PP	U-4710-PR-0103-0001-1-08	STH-U-4710-0074
3/4"-HC-4710-07903-La-PP	U-4710-PR-0103-0001-1-07	STH-U-4710-0073
3/4"-HC-4710-12979-Ba-NI	U-4710-PR-0103-0001-1-07	STH-U-4710-0073
18"-V4-4710-12351-Bf-PP	U-4710-PR-0103-0001-1-07	STH-U-4710-0073
2"-V63-4710-01012-Ec-IQ	U-4710-PR-0103-0001-1-06	STH-U-4710-0072
8"-V4-4710-12336-Bf-PP	U-4710-PR-0103-0001-1-06	STH-U-4710-0072
18"-V4-4710-12350-Bf-PP	U-4710-PR-0103-0001-1-06	STH-U-4710-0072
3"-GC-4710-12834-Bb-NI	U-4710-PR-0103-0001-1-05	STH-U-4710-0071
3"-GC-4710-12835-Bb-NI	U-4710-PR-0103-0001-1-05	STH-U-4710-0071
3"-GC-4710-12836-Bb-NI	U-4710-PR-0103-0001-1-05	STH-U-4710-0071
3"-GC-4710-12837-Bb-NI	U-4710-PR-0103-0001-1-05	STH-U-4710-0071
3"-GC-4710-12838-Bb-NI	U-4710-PR-0103-0001-1-05	STH-U-4710-0071
2"-GC-4710-12810-Bb-NI	U-4710-PR-0103-0001-1-05	STH-U-4710-0071
2"-GC-4710-12811-Bb-NI	U-4710-PR-0103-0001-1-05	STH-U-4710-0071
2"-GC-4710-12812-Bb-NI	U-4710-PR-0103-0001-1-05	STH-U-4710-0071
2"-GC-4710-12813-Bb-NI	U-4710-PR-0103-0001-1-05	STH-U-4710-0071
2"-GC-4710-12814-Bb-NI	U-4710-PR-0103-0001-1-05	STH-U-4710-0071
2"-GC-4710-12815-Bb-NI	U-4710-PR-0103-0001-1-05	STH-U-4710-0071
2"-GC-4710-12816-Bb-NI	U-4710-PR-0103-0001-1-05	STH-U-4710-0071
2"-GC-4710-12817-Bb-NI	U-4710-PR-0103-0001-1-05	STH-U-4710-0071
2"-GC-4710-12818-Bb-NI	U-4710-PR-0103-0001-1-05	STH-U-4710-0071
2"-GC-4710-12819-Bb-NI	U-4710-PR-0103-0001-1-05	STH-U-4710-0071
2"-GC-4710-12820-Bb-NI	U-4710-PR-0103-0001-1-05	STH-U-4710-0071
2"-GC-4710-12821-Bb-NI	U-4710-PR-0103-0001-1-05	STH-U-4710-0071
2"-GC-4710-12822-Bb-NI	U-4710-PR-0103-0001-1-05	STH-U-4710-0071
2"-GC-4710-12823-Bb-NI	U-4710-PR-0103-0001-1-05	STH-U-4710-0071
2"-GC-4710-12824-Bb-NI	U-4710-PR-0103-0001-1-05	STH-U-4710-0071
2"-GC-4710-12825-Bb-NI	U-4710-PR-0103-0001-1-05	STH-U-4710-0071
2"-GC-4710-12826-Bb-NI	U-4710-PR-0103-0001-1-05	STH-U-4710-0071
2"-GC-4710-12827-Bb-NI	U-4710-PR-0103-0001-1-05	STH-U-4710-0071
2"-GC-4710-12828-Bb-NI	U-4710-PR-0103-0001-1-05	STH-U-4710-0071
2"-GC-4710-12829-Bb-NI	U-4710-PR-0103-0001-1-05	STH-U-4710-0071
2"-GC-4710-12830-Bb-NI	U-4710-PR-0103-0001-1-05	STH-U-4710-0071
2"-GC-4710-12831-Bb-NI	U-4710-PR-0103-0001-1-05	STH-U-4710-0071
2"-GC-4710-12832-Bb-NI	U-4710-PR-0103-0001-1-05	STH-U-4710-0071
2"-GC-4710-12833-Bb-NI	U-4710-PR-0103-0001-1-05	STH-U-4710-0071
3"-GC-4710-12839-Bb-NI	U-4710-PR-0103-0001-1-05	STH-U-4710-0071
3"-GC-4710-12840-Bb-NI	U-4710-PR-0103-0001-1-05	STH-U-4710-0071
3"-GC-4710-12841-Bb-NI	U-4710-PR-0103-0001-1-05	STH-U-4710-0071
3"-GC-4710-12842-Bb-NI	U-4710-PR-0103-0001-1-05	STH-U-4710-0071
3"-GC-4710-12843-Bb-NI	U-4710-PR-0103-0001-1-05	STH-U-4710-0071
3"-GC-4710-12844-Bb-NI	U-4710-PR-0103-0001-1-05	STH-U-4710-0071
3"-GC-4710-12845-Bb-NI	U-4710-PR-0103-0001-1-05	STH-U-4710-0071
3"-GC-4710-12846-Bb-NI	U-4710-PR-0103-0001-1-05	STH-U-4710-0071
3"-GC-4710-12847-Bb-NI	U-4710-PR-0103-0001-1-05	STH-U-4710-0071
3"-GC-4710-12848-Bb-NI	U-4710-PR-0103-0001-1-05	STH-U-4710-0071
3"-GC-4710-12849-Bb-NI	U-4710-PR-0103-0001-1-05	STH-U-4710-0071
3"-GC-4710-12850-Bb-NI	U-4710-PR-0103-0001-1-05	STH-U-4710-0071
3"-GC-4710-12851-Bb-NI	U-4710-PR-0103-0001-1-05	STH-U-4710-0071
3"-GC-4710-12852-Bb-NI	U-4710-PR-0103-0001-1-05	STH-U-4710-0071
3"-GC-4710-12853-Bb-NI	U-4710-PR-0103-0001-1-05	STH-U-4710-0071
3"-GC-4710-12854-Bb-NI	U-4710-PR-0103-0001-1-05	STH-U-4710-0071
3"-GC-4710-12855-Bb-NI	U-4710-PR-0103-0001-1-05	STH-U-4710-0071
3"-GC-4710-12856-Bb-NI	U-4710-PR-0103-0001-1-05	STH-U-4710-0071
3"-GC-4710-12857-Bb-NI	U-4710-PR-0103-0001-1-05	STH-U-4710-0071
3"-GC-4710-12858-Bb-NI	U-4710-PR-0103-0001-1-05	STH-U-4710-0071
3"-GC-4710-12859-Bb-NI	U-4710-PR-0103-0001-1-05	STH-U-4710-0071
3"-GC-4710-12860-Bb-NI	U-4710-PR-0103-0001-1-05	STH-U-4710-0071
3"-GC-4710-12861-Bb-NI	U-4710-PR-0103-0001-1-05	STH-U-4710-0071
3"-GC-4710-12862-Bb-NI	U-4710-PR-0103-0001-1-05	STH-U-4710-0071
3"-GC-4710-12863-Bb-NI	U-4710-PR-0103-0001-1-05	STH-U-4710-0071
3"-GC-4710-12864-Bb-NI	U-4710-PR-0103-0001-1-05	STH-U-4710-0071
3"-GC-4710-12865-Bb-NI	U-4710-PR-0103-0001-1-05	STH-U-4710-0071
3"-GC-4710-12866-Bb-NI	U-4710-PR-0103-0001-1-05	STH-U-4710-0071
3"-GC-4710-12867-Bb-NI	U-4710-PR-0103-0001-1-05	STH-U-4710-0071
3"-GC-4710-12868-Bb-NI	U-4710-PR-0103-0001-1-05	STH-U-4710-0071
3"-GC-4710-12869-Bb-NI	U-4710-PR-0103-0001-1-05	STH-U-4710-0071
3"-GC-4710-12870-Bb-NI	U-4710-PR-0103-0001-1-05	STH-U-4710-0071
3"-GC-4710-12871-Bb-NI	U-4710-PR-0103-0001-1-05	STH-U-4710-0071
3"-GC-4710-12872-Bb-NI	U-4710-PR-0103-0001-1-05	STH-U-4710-0071
3"-GC-4710-12873-Bb-NI	U-4710-PR-0103-0001-1-05	STH-U-4710-0071
3"-GC-4710-12874-Bb-NI	U-4710-PR-0103-0001-1-05	STH-U-4710-0071
3"-GC-4710-12875-Bb-NI	U-4710-PR-0103-0001-1-05	STH-U-4710-0071
3"-GC-4710-12876-Bb-NI	U-4710-PR-0103-0001-1-05	STH-U-4710-0071
3"-GC-4710-12877-Bb-NI	U-4710-PR-0103-0001-1-05	STH-U-4710-0071
3"-GC-4710-12878-Bb-NI	U-4710-PR-0103-0001-1-05	STH-U-4710-0071
3"-GC-4710-12879-Bb-NI	U-4710-PR-0103-0001-1-05	STH-U-4710-0071
3"-GC-4710-12880-Bb-NI	U-4710-PR-0103-0001-1-05	STH-U-4710-0071
3"-GC-4710-12881-Bb-NI	U-4710-PR-0103-0001-1-05	STH-U-4710-0071
3"-GC-4710-12882-Bb-NI	U-4710-PR-0103-0001-1-05	STH-U-4710-0071
3"-GC-4710-12883-Bb-NI	U-4710-PR-0103-0001-1-05	STH-U-4710-0071
3"-GC-4710-12884-Bb-NI	U-4710-PR-0103-0001-1-05	STH-U-4710-0071
3"-GC-4710-12885-Bb-NI	U-4710-PR-0103-0001-1-05	STH-U-4710-0071
3"-GC-4710-12886-Bb-NI	U-4710-PR-0103-0001-1-05	STH-U-4710-0071
3"-GC-4710-12887-Bb-NI	U-4710-PR-0103-0001-1-05	STH-U-4710-0071
3"-GC-4710-12888-Bb-NI	U-4710-PR-0103-0001-1-05	STH-U-4710-0071
3"-GC-4710-12889-Bb-NI	U-4710-PR-0103-0001-1-05	STH-U-4710-0071
3"-GC-4710-12890-Bb-NI	U-4710-PR-0103-0001-1-05	STH-U-4710-0071
3"-GC-4710-12891-Bb-NI	U-4710-PR-0103-0001-1-05	STH-U-4710-0071
3"-GC-4710-12892-Bb-NI	U-4710-PR-0103-0001-1-05	STH-U-4710-0071
3"-GC-4710-12893-Bb-NI	U-4710-PR-0103-0001-1-05	STH-U-4710-0071
3"-GC-4710-12894-Bb-NI	U-4710-PR-0103-0001-1-05	STH-U-4710-0071
3"-GC-4710-12895-Bb-NI	U-4710-PR-0103-0001-1-05	STH-U-4710-0071
3"-GC-4710-12896-Bb-NI	U-4710-PR-0103-0001-1-05	STH-U-4710-0071
3"-GC-4710-12897-Bb-NI	U-4710-PR-0103-0001-1-05	STH-U-4710-0071
3"-GC-4710-12898-Bb-NI	U-4710-PR-0103-0001-1-05	STH-U-4710-0071
3"-GC-4710-12899-Bb-NI	U-4710-PR-0103-0001-1-05	STH-U-4710-0071
3"-GC-4710-12900-Bb-NI	U-4710-PR-0103-0001-1-05	STH-U-4710-0071
3"-GC-4710-12901-Bb-NI	U-4710-PR-0103-0001-1-05	STH-U-4710-0071
3"-GC-4710-12902-Bb-NI	U-4710-PR-0103-0001-1-05	STH-U-4710-0071
3"-GC-4710-12903-Bb-NI	U-4710-PR-0103-0001-1-05	STH-U-4710-0071
3"-GC-4710-12904-Bb-NI	U-4710-PR-0103-0001-1-05	STH-U-4710-0071
3"-GC-4710-12905-Bb-NI	U-4710-PR-0103-0001-1-05	STH-U-4710-0071
3"-GC-4710-12906-Bb-NI	U-4710-PR-0103-0001-1-05	STH-U-4710-0071
3"-GC-4710-12907-Bb-NI	U-4710-PR-0103-0001-1-05	STH-U-4710-0071
3"-GC-4710-12908-Bb-NI	U-4710-PR-0103-0001-1-05	STH-U-4710-0071
3"-GC-4710-12909-Bb-NI	U-4710-PR-0103-0001-1-05	STH-U-4710-0071
3"-GC-4710-12910-Bb-NI	U-4710-PR-0103-0001-1-05	STH-U-4710-0071
3"-GC-4710-12911-Bb-NI	U-4710-PR-0103-0001-1-05	STH-U-4710-0071
3"-GC-4710-12912-Bb-NI	U-4710-PR-0103-0001-1-05	STH-U-4710-0071
3"-GC-4710-12913-Bb-NI	U-4710-PR-0103-0001-1-05	STH-U-4710-0071
3"-GC-4710-12914-Bb-NI	U-4710-PR-0103-0001-1-05	STH-U-4710-0071
3"-GC-4710-12915-Bb-NI	U-4710-PR-0103-0001-1-05	STH-U-4710-0071
3"-GC-4710-12916-Bb-NI	U-4710-PR-0103-0001-1-05	STH-U-4710-0071
3"-GC-4710-12917-Bb-NI	U-4710-PR-0103-0001-1-05	STH-U-4710-0071
3"-GC-4710-12918-Bb-NI	U-4710-PR-0103-0001-1-05	STH-U-4710-0071
3"-GC-4710-12919-Bb-NI	U-4710-PR-0103-0001-1-05	STH-U-4710-0071
3"-GC-4710-12920-Bb-NI	U-4710-PR-0103-0001-1-05	STH-U-4710-0071
3"-GC-4710-12921-Bb-NI	U-4710-PR-0103-0001-1-05	STH-U-4710-0071
3"-GC-4710-12922-Bb-NI	U-4710-PR-0103-0001-1-05	STH-U-4710-0071
3"-GC-4710-12923-Bb-NI	U-4710-PR-0103-0001-1-05	STH-U-4710-0071
3"-GC-4710-12924-Bb-NI	U-4710-PR-0103-0001-1-05	STH-U-4710-0071
3"-GC-4710-12925-Bb-NI	U-4710-PR-0103-0001-1-05	STH-U-4710-0071
3"-GC-4710-12926-Bb-NI	U-4710-PR-0103-0001-1-05	STH-U-4710-0071
3"-GC-4710-12927-Bb-NI	U-4710-PR-0103-0001-1-05	STH-U-4710-0071
3"-GC-4710-12928-Bb-NI	U-4710-PR-0103-0001-1-05	STH-U-4710-0071
3"-GC-4710-12929-Bb-NI	U-4710-PR-0103-0001-1-05	STH-U-4710-0071
3"-GC-4710-12714-Bb-NI	U-4710-PR-0103-0001-1-04	STH-U-4710-0070
3"-GC-4710-12715-Bb-NI	U-4710-PR-0103-0001-1-04	STH-U-4710-0070
3"-GC-4710-12716-Bb-NI	U-4710-PR-0103-0001-1-04	STH-U-4710-0070
3"-GC-4710-12717-Bb-NI	U-4710-PR-0103-0001-1-04	STH-U-4710-0070
3"-GC-4710-12718-Bb-NI	U-4710-PR-0103-0001-1-04	STH-U-4710-0070
3"-GC-4710-12719-Bb-NI	U-4710-PR-0103-0001-1-04	STH-U-4710-0070
3"-GC-4710-12720-Bb-NI	U-4710-PR-0103-0001-1-04	STH-U-4710-0070
3"-GC-4710-12721-Bb-NI	U-4710-PR-0103-0001-1-04	STH-U-4710-0070
3"-GC-4710-12722-Bb-NI	U-4710-PR-0103-0001-1-04	STH-U-4710-0070
3"-GC-4710-12723-Bb-NI	U-4710-PR-0103-0001-1-04	STH-U-4710-0070
3"-GC-4710-12724-Bb-NI	U-4710-PR-0103-0001-1-04	STH-U-4710-0070
3"-GC-4710-12725-Bb-NI	U-4710-PR-0103-0001-1-04	STH-U-4710-0070
3"-GC-4710-12726-Bb-NI	U-4710-PR-0103-0001-1-04	STH-U-4710-0070
3"-GC-4710-12727-Bb-NI	U-4710-PR-0103-0001-1-04	STH-U-4710-0070
3"-GC-4710-12728-Bb-NI	U-4710-PR-0103-0001-1-04	STH-U-4710-0070
3"-GC-4710-12729-Bb-NI	U-4710-PR-0103-0001-1-04	STH-U-4710-0070
3"-GC-4710-12730-Bb-NI	U-4710-PR-0103-0001-1-04	STH-U-4710-0070
3"-GC-4710-12731-Bb-NI	U-4710-PR-0103-0001-1-04	STH-U-4710-0070
3"-GC-4710-12732-Bb-NI	U-4710-PR-0103-0001-1-04	STH-U-4710-0070
3"-GC-4710-12733-Bb-NI	U-4710-PR-0103-0001-1-04	STH-U-4710-0070
3"-GC-4710-12734-Bb-NI	U-4710-PR-0103-0001-1-04	STH-U-4710-0070
3"-GC-4710-12735-Bb-NI	U-4710-PR-0103-0001-1-04	STH-U-4710-0070
3"-GC-4710-12736-Bb-NI	U-4710-PR-0103-0001-1-04	STH-U-4710-0070
3"-GC-4710-12737-Bb-NI	U-4710-PR-0103-0001-1-04	STH-U-4710-0070
3"-GC-4710-12738-Bb-NI	U-4710-PR-0103-0001-1-04	STH-U-4710-0070
3"-GC-4710-12739-Bb-NI	U-4710-PR-0103-0001-1-04	STH-U-4710-0070
3"-GC-4710-12740-Bb-NI	U-4710-PR-0103-0001-1-04	STH-U-4710-0070
3"-GC-4710-12741-Bb-NI	U-4710-PR-0103-0001-1-04	STH-U-4710-0070
3"-GC-4710-12742-Bb-NI	U-4710-PR-0103-0001-1-04	STH-U-4710-0070
3"-GC-4710-12743-Bb-NI	U-4710-PR-0103-0001-1-04	STH-U-4710-0070
3"-GC-4710-12744-Bb-NI	U-4710-PR-0103-0001-1-04	STH-U-4710-0070
3"-GC-4710-12745-Bb-NI	U-4710-PR-0103-0001-1-04	STH-U-4710-0070
3"-GC-4710-12746-Bb-NI	U-4710-PR-0103-0001-1-04	STH-U-4710-0070
3"-GC-4710-12747-Bb-NI	U-4710-PR-0103-0001-1-04	STH-U-4710-0070
3"-GC-4710-12748-Bb-NI	U-4710-PR-0103-0001-1-04	STH-U-4710-0070
3"-GC-4710-12749-Bb-NI	U-4710-PR-0103-0001-1-04	STH-U-4710-0070
3"-GC-4710-12750-Bb-NI	U-4710-PR-0103-0001-1-04	STH-U-4710-0070
3"-GC-4710-12751-Bb-NI	U-4710-PR-0103-0001-1-04	STH-U-4710-0070
3"-GC-4710-12752-Bb-NI	U-4710-PR-0103-0001-1-04	STH-U-4710-0070
3"-GC-4710-12753-Bb-NI	U-4710-PR-0103-0001-1-04	STH-U-4710-0070
3"-GC-4710-12754-Bb-NI	U-4710-PR-0103-0001-1-04	STH-U-4710-0070
3"-GC-4710-12755-Bb-NI	U-4710-PR-0103-0001-1-04	STH-U-4710-0070
3"-GC-4710-12756-Bb-NI	U-4710-PR-0103-0001-1-04	STH-U-4710-0070
3"-GC-4710-12757-Bb-NI	U-4710-PR-0103-0001-1-04	STH-U-4710-0070
3"-GC-4710-12758-Bb-NI	U-4710-PR-0103-0001-1-04	STH-U-4710-0070
3"-GC-4710-12759-Bb-NI	U-4710-PR-0103-0001-1-04	STH-U-4710-0070
3"-GC-4710-12760-Bb-NI	U-4710-PR-0103-0001-1-04	STH-U-4710-0070
3"-GC-4710-12761-Bb-NI	U-4710-PR-0103-0001-1-04	STH-U-4710-0070
3"-GC-4710-12762-Bb-NI	U-4710-PR-0103-0001-1-04	STH-U-4710-0070
3"-GC-4710-12763-Bb-NI	U-4710-PR-0103-0001-1-04	STH-U-4710-0070
3"-GC-4710-12764-Bb-NI	U-4710-PR-0103-0001-1-04	STH-U-4710-0070
3"-GC-4710-12765-Bb-NI	U-4710-PR-0103-0001-1-04	STH-U-4710-0070
3"-GC-4710-12766-Bb-NI	U-4710-PR-0103-0001-1-04	STH-U-4710-0070
3"-GC-4710-12767-Bb-NI	U-4710-PR-0103-0001-1-04	STH-U-4710-0070
3"-GC-4710-12768-Bb-NI	U-4710-PR-0103-0001-1-04	STH-U-4710-0070
3"-GC-4710-12769-Bb-NI	U-4710-PR-0103-0001-1-04	STH-U-4710-0070
3"-GC-4710-12770-Bb-NI	U-4710-PR-0103-0001-1-04	STH-U-4710-0070
3"-GC-4710-12771-Bb-NI	U-4710-PR-0103-0001-1-04	STH-U-4710-0070
3"-GC-4710-12772-Bb-NI	U-4710-PR-0103-0001-1-04	STH-U-4710-0070
3"-GC-4710-12773-Bb-NI	U-4710-PR-0103-0001-1-04	STH-U-4710-0070
3"-GC-4710-12774-Bb-NI	U-4710-PR-0103-0001-1-04	STH-U-4710-0070
3"-GC-4710-12775-Bb-NI	U-4710-PR-0103-0001-1-04	STH-U-4710-0070
3"-GC-4710-12776-Bb-NI	U-4710-PR-0103-0001-1-04	STH-U-4710-0070
3"-GC-4710-12777-Bb-NI	U-4710-PR-0103-0001-1-04	STH-U-4710-0070
3"-GC-4710-12778-Bb-NI	U-4710-PR-0103-0001-1-04	STH-U-4710-0070
3"-GC-4710-12779-Bb-NI	U-4710-PR-0103-0001-1-04	STH-U-4710-0070
3"-GC-4710-12780-Bb-NI	U-4710-PR-0103-0001-1-04	STH-U-4710-0070
3"-GC-4710-12781-Bb-NI	U-4710-PR-0103-0001-1-04	STH-U-4710-0070
3"-GC-4710-12782-Bb-NI	U-4710-PR-0103-0001-1-04	STH-U-4710-0070
3"-GC-4710-12783-Bb-NI	U-4710-PR-0103-0001-1-04	STH-U-4710-0070
3"-GC-4710-12784-Bb-NI	U-4710-PR-0103-0001-1-04	STH-U-4710-0070
3"-GC-4710-12785-Bb-NI	U-4710-PR-0103-0001-1-04	STH-U-4710-0070
3"-GC-4710-12786-Bb-NI	U-4710-PR-0103-0001-1-04	STH-U-4710-0070
3"-GC-4710-12787-Bb-NI	U-4710-PR-0103-0001-1-04	STH-U-4710-0070
3"-GC-4710-12788-Bb-NI	U-4710-PR-0103-0001-1-04	STH-U-4710-0070
3"-GC-4710-12789-Bb-NI	U-4710-PR-0103-0001-1-04	STH-U-4710-0070
3"-GC-4710-12790-Bb-NI	U-4710-PR-0103-0001-1-04	STH-U-4710-0070
3"-GC-4710-12791-Bb-NI	U-4710-PR-0103-0001-1-04	STH-U-4710-0070
3"-GC-4710-12792-Bb-NI	U-4710-PR-0103-0001-1-04	STH-U-4710-0070
3"-GC-4710-12793-Bb-NI	U-4710-PR-0103-0001-1-04	STH-U-4710-0070
3"-GC-4710-12794-Bb-NI	U-4710-PR-0103-0001-1-04	STH-U-4710-0070
3"-GC-4710-12795-Bb-NI	U-4710-PR-0103-0001-1-04	STH-U-4710-0070
3"-GC-4710-12796-Bb-NI	U-4710-PR-0103-0001-1-04	STH-U-4710-0070
3"-GC-4710-12797-Bb-NI	U-4710-PR-0103-0001-1-04	STH-U-4710-0070
3"-GC-4710-12798-Bb-NI	U-4710-PR-0103-0001-1-04	STH-U-4710-0070
3"-GC-4710-12799-Bb-NI	U-4710-PR-0103-0001-1-04	STH-U-4710-0070
3"-GC-4710-12800-Bb-NI	U-4710-PR-0103-0001-1-04	STH-U-4710-0070
3"-GC-4710-12801-Bb-NI	U-4710-PR-0103-0001-1-04	STH-U-4710-0070
3"-GC-4710-12802-Bb-NI	U-4710-PR-0103-0001-1-04	STH-U-4710-0070
3"-GC-4710-12803-Bb-NI	U-4710-PR-0103-0001-1-04	STH-U-4710-0070
3"-GC-4710-12804-Bb-NI	U-4710-PR-0103-0001-1-04	STH-U-4710-0070
3"-GC-4710-12805-Bb-NI	U-4710-PR-0103-0001-1-04	STH-U-4710-0070
3"-GC-4710-12806-Bb-NI	U-4710-PR-0103-0001-1-04	STH-U-4710-0070
3"-GC-4710-12807-Bb-NI	U-4710-PR-0103-0001-1-04	STH-U-4710-0070
3"-GC-4710-12808-Bb-NI	U-4710-PR-0103-0001-1-04	STH-U-4710-0070
3"-GC-4710-12809-Bb-NI	U-4710-PR-0103-0001-1-04	STH-U-4710-0070
2"-GC-4710-12690-Bb-NI	U-4710-PR-0103-0001-1-04	STH-U-4710-0070
2"-GC-4710-12691-Bb-NI	U-4710-PR-0103-0001-1-04	STH-U-4710-0070
2"-GC-4710-12692-Bb-NI	U-4710-PR-0103-0001-1-04	STH-U-4710-0070
2"-GC-4710-12693-Bb-NI	U-4710-PR-0103-0001-1-04	STH-U-4710-0070
2"-GC-4710-12694-Bb-NI	U-4710-PR-0103-0001-1-04	STH-U-4710-0070
2"-GC-4710-12695-Bb-NI	U-4710-PR-0103-0001-1-04	STH-U-4710-0070
2"-GC-4710-12696-Bb-NI	U-4710-PR-0103-0001-1-04	STH-U-4710-0070
2"-GC-4710-12697-Bb-NI	U-4710-PR-0103-0001-1-04	STH-U-4710-0070
2"-GC-4710-12698-Bb-NI	U-4710-PR-0103-0001-1-04	STH-U-4710-0070
2"-GC-4710-12699-Bb-NI	U-4710-PR-0103-0001-1-04	STH-U-4710-0070
2"-GC-4710-12700-Bb-NI	U-4710-PR-0103-0001-1-04	STH-U-4710-0070
2"-GC-4710-12701-Bb-NI	U-4710-PR-0103-0001-1-04	STH-U-4710-0070
2"-GC-4710-12702-Bb-NI	U-4710-PR-0103-0001-1-04	STH-U-4710-0070
2"-GC-4710-12703-Bb-NI	U-4710-PR-0103-0001-1-04	STH-U-4710-0070
2"-GC-4710-12704-Bb-NI	U-4710-PR-0103-0001-1-04	STH-U-4710-0070
2"-GC-4710-12705-Bb-NI	U-4710-PR-0103-0001-1-04	STH-U-4710-0070
2"-GC-4710-12706-Bb-NI	U-4710-PR-0103-0001-1-04	STH-U-4710-0070
2"-GC-4710-12707-Bb-NI	U-4710-PR-0103-0001-1-04	STH-U-4710-0070
2"-GC-4710-12708-Bb-NI	U-4710-PR-0103-0001-1-04	STH-U-4710-0070
2"-GC-4710-12709-Bb-NI	U-4710-PR-0103-0001-1-04	STH-U-4710-0070
2"-GC-4710-12710-Bb-NI	U-4710-PR-0103-0001-1-04	STH-U-4710-0070
2"-GC-4710-12711-Bb-NI	U-4710-PR-0103-0001-1-04	STH-U-4710-0070
2"-GC-4710-12712-Bb-NI	U-4710-PR-0103-0001-1-04	STH-U-4710-0070
2"-GC-4710-12713-Bb-NI	U-4710-PR-0103-0001-1-04	STH-U-4710-0070
3"-GC-4710-12594-Bb-NI	U-4710-PR-0103-0001-1-03	STH-U-4710-0069
3"-GC-4710-12595-Bb-NI	U-4710-PR-0103-0001-1-03	STH-U-4710-0069
3"-GC-4710-12596-Bb-NI	U-4710-PR-0103-0001-1-03	STH-U-4710-0069
3"-GC-4710-12597-Bb-NI	U-4710-PR-0103-0001-1-03	STH-U-4710-0069
3"-GC-4710-12598-Bb-NI	U-4710-PR-0103-0001-1-03	STH-U-4710-0069
3"-GC-4710-12599-Bb-NI	U-4710-PR-0103-0001-1-03	STH-U-4710-0069
3"-GC-4710-12600-Bb-NI	U-4710-PR-0103-0001-1-03	STH-U-4710-0069
3"-GC-4710-12601-Bb-NI	U-4710-PR-0103-0001-1-03	STH-U-4710-0069
3"-GC-4710-12602-Bb-NI	U-4710-PR-0103-0001-1-03	STH-U-4710-0069
3"-GC-4710-12603-Bb-NI	U-4710-PR-0103-0001-1-03	STH-U-4710-0069
3"-GC-4710-12604-Bb-NI	U-4710-PR-0103-0001-1-03	STH-U-4710-0069
3"-GC-4710-12605-Bb-NI	U-4710-PR-0103-0001-1-03	STH-U-4710-0069
3"-GC-4710-12606-Bb-NI	U-4710-PR-0103-0001-1-03	STH-U-4710-0069
3"-GC-4710-12607-Bb-NI	U-4710-PR-0103-0001-1-03	STH-U-4710-0069
3"-GC-4710-12608-Bb-NI	U-4710-PR-0103-0001-1-03	STH-U-4710-0069
3"-GC-4710-12609-Bb-NI	U-4710-PR-0103-0001-1-03	STH-U-4710-0069
3"-GC-4710-12610-Bb-NI	U-4710-PR-0103-0001-1-03	STH-U-4710-0069
3"-GC-4710-12611-Bb-NI	U-4710-PR-0103-0001-1-03	STH-U-4710-0069
3"-GC-4710-12612-Bb-NI	U-4710-PR-0103-0001-1-03	STH-U-4710-0069
3"-GC-4710-12613-Bb-NI	U-4710-PR-0103-0001-1-03	STH-U-4710-0069
3"-GC-4710-12614-Bb-NI	U-4710-PR-0103-0001-1-03	STH-U-4710-0069
3"-GC-4710-12615-Bb-NI	U-4710-PR-0103-0001-1-03	STH-U-4710-0069
3"-GC-4710-12616-Bb-NI	U-4710-PR-0103-0001-1-03	STH-U-4710-0069
3"-GC-4710-12617-Bb-NI	U-4710-PR-0103-0001-1-03	STH-U-4710-0069
3"-GC-4710-12618-Bb-NI	U-4710-PR-0103-0001-1-03	STH-U-4710-0069
3"-GC-4710-12619-Bb-NI	U-4710-PR-0103-0001-1-03	STH-U-4710-0069
3"-GC-4710-12620-Bb-NI	U-4710-PR-0103-0001-1-03	STH-U-4710-0069
3"-GC-4710-12621-Bb-NI	U-4710-PR-0103-0001-1-03	STH-U-4710-0069
3"-GC-4710-12622-Bb-NI	U-4710-PR-0103-0001-1-03	STH-U-4710-0069
3"-GC-4710-12623-Bb-NI	U-4710-PR-0103-0001-1-03	STH-U-4710-0069
3"-GC-4710-12624-Bb-NI	U-4710-PR-0103-0001-1-03	STH-U-4710-0069
3"-GC-4710-12625-Bb-NI	U-4710-PR-0103-0001-1-03	STH-U-4710-0069
3"-GC-4710-12626-Bb-NI	U-4710-PR-0103-0001-1-03	STH-U-4710-0069
3"-GC-4710-12627-Bb-NI	U-4710-PR-0103-0001-1-03	STH-U-4710-0069
3"-GC-4710-12628-Bb-NI	U-4710-PR-0103-0001-1-03	STH-U-4710-0069
3"-GC-4710-12629-Bb-NI	U-4710-PR-0103-0001-1-03	STH-U-4710-0069
3"-GC-4710-12630-Bb-NI	U-4710-PR-0103-0001-1-03	STH-U-4710-0069
3"-GC-4710-12631-Bb-NI	U-4710-PR-0103-0001-1-03	STH-U-4710-0069
3"-GC-4710-12632-Bb-NI	U-4710-PR-0103-0001-1-03	STH-U-4710-0069
3"-GC-4710-12633-Bb-NI	U-4710-PR-0103-0001-1-03	STH-U-4710-0069
3"-GC-4710-12634-Bb-NI	U-4710-PR-0103-0001-1-03	STH-U-4710-0069
3"-GC-4710-12635-Bb-NI	U-4710-PR-0103-0001-1-03	STH-U-4710-0069
3"-GC-4710-12636-Bb-NI	U-4710-PR-0103-0001-1-03	STH-U-4710-0069
3"-GC-4710-12637-Bb-NI	U-4710-PR-0103-0001-1-03	STH-U-4710-0069
3"-GC-4710-12638-Bb-NI	U-4710-PR-0103-0001-1-03	STH-U-4710-0069
3"-GC-4710-12639-Bb-NI	U-4710-PR-0103-0001-1-03	STH-U-4710-0069
3"-GC-4710-12640-Bb-NI	U-4710-PR-0103-0001-1-03	STH-U-4710-0069
3"-GC-4710-12641-Bb-NI	U-4710-PR-0103-0001-1-03	STH-U-4710-0069
3"-GC-4710-12642-Bb-NI	U-4710-PR-0103-0001-1-03	STH-U-4710-0069
3"-GC-4710-12643-Bb-NI	U-4710-PR-0103-0001-1-03	STH-U-4710-0069
3"-GC-4710-12644-Bb-NI	U-4710-PR-0103-0001-1-03	STH-U-4710-0069
3"-GC-4710-12645-Bb-NI	U-4710-PR-0103-0001-1-03	STH-U-4710-0069
3"-GC-4710-12646-Bb-NI	U-4710-PR-0103-0001-1-03	STH-U-4710-0069
3"-GC-4710-12647-Bb-NI	U-4710-PR-0103-0001-1-03	STH-U-4710-0069
3"-GC-4710-12648-Bb-NI	U-4710-PR-0103-0001-1-03	STH-U-4710-0069
3"-GC-4710-12649-Bb-NI	U-4710-PR-0103-0001-1-03	STH-U-4710-0069
3"-GC-4710-12650-Bb-NI	U-4710-PR-0103-0001-1-03	STH-U-4710-0069
3"-GC-4710-12651-Bb-NI	U-4710-PR-0103-0001-1-03	STH-U-4710-0069
3"-GC-4710-12652-Bb-NI	U-4710-PR-0103-0001-1-03	STH-U-4710-0069
3"-GC-4710-12653-Bb-NI	U-4710-PR-0103-0001-1-03	STH-U-4710-0069
3"-GC-4710-12654-Bb-NI	U-4710-PR-0103-0001-1-03	STH-U-4710-0069
3"-GC-4710-12655-Bb-NI	U-4710-PR-0103-0001-1-03	STH-U-4710-0069
3"-GC-4710-12656-Bb-NI	U-4710-PR-0103-0001-1-03	STH-U-4710-0069
3"-GC-4710-12657-Bb-NI	U-4710-PR-0103-0001-1-03	STH-U-4710-0069
3"-GC-4710-12658-Bb-NI	U-4710-PR-0103-0001-1-03	STH-U-4710-0069
3"-GC-4710-12659-Bb-NI	U-4710-PR-0103-0001-1-03	STH-U-4710-0069
3"-GC-4710-12660-Bb-NI	U-4710-PR-0103-0001-1-03	STH-U-4710-0069
3"-GC-4710-12661-Bb-NI	U-4710-PR-0103-0001-1-03	STH-U-4710-0069
3"-GC-4710-12662-Bb-NI	U-4710-PR-0103-0001-1-03	STH-U-4710-0069
3"-GC-4710-12663-Bb-NI	U-4710-PR-0103-0001-1-03	STH-U-4710-0069
3"-GC-4710-12664-Bb-NI	U-4710-PR-0103-0001-1-03	STH-U-4710-0069
3"-GC-4710-12665-Bb-NI	U-4710-PR-0103-0001-1-03	STH-U-4710-0069
3"-GC-4710-12666-Bb-NI	U-4710-PR-0103-0001-1-03	STH-U-4710-0069
3"-GC-4710-12667-Bb-NI	U-4710-PR-0103-0001-1-03	STH-U-4710-0069
3"-GC-4710-12668-Bb-NI	U-4710-PR-0103-0001-1-03	STH-U-4710-0069
3"-GC-4710-12669-Bb-NI	U-4710-PR-0103-0001-1-03	STH-U-4710-0069
3"-GC-4710-12670-Bb-NI	U-4710-PR-0103-0001-1-03	STH-U-4710-0069
3"-GC-4710-12671-Bb-NI	U-4710-PR-0103-0001-1-03	STH-U-4710-0069
3"-GC-4710-12672-Bb-NI	U-4710-PR-0103-0001-1-03	STH-U-4710-0069
3"-GC-4710-12673-Bb-NI	U-4710-PR-0103-0001-1-03	STH-U-4710-0069
3"-GC-4710-12674-Bb-NI	U-4710-PR-0103-0001-1-03	STH-U-4710-0069
3"-GC-4710-12675-Bb-NI	U-4710-PR-0103-0001-1-03	STH-U-4710-0069
3"-GC-4710-12676-Bb-NI	U-4710-PR-0103-0001-1-03	STH-U-4710-0069
3"-GC-4710-12677-Bb-NI	U-4710-PR-0103-0001-1-03	STH-U-4710-0069
3"-GC-4710-12678-Bb-NI	U-4710-PR-0103-0001-1-03	STH-U-4710-0069
3"-GC-4710-12679-Bb-NI	U-4710-PR-0103-0001-1-03	STH-U-4710-0069
3"-GC-4710-12680-Bb-NI	U-4710-PR-0103-0001-1-03	STH-U-4710-0069
3"-GC-4710-12681-Bb-NI	U-4710-PR-0103-0001-1-03	STH-U-4710-0069
3"-GC-4710-12682-Bb-NI	U-4710-PR-0103-0001-1-03	STH-U-4710-0069
3"-GC-4710-12683-Bb-NI	U-4710-PR-0103-0001-1-03	STH-U-4710-0069
3"-GC-4710-12684-Bb-NI	U-4710-PR-0103-0001-1-03	STH-U-4710-0069
3"-GC-4710-12685-Bb-NI	U-4710-PR-0103-0001-1-03	STH-U-4710-0069
3"-GC-4710-12686-Bb-NI	U-4710-PR-0103-0001-1-03	STH-U-4710-0069
3"-GC-4710-12687-Bb-NI	U-4710-PR-0103-0001-1-03	STH-U-4710-0069
3"-GC-4710-12688-Bb-NI	U-4710-PR-0103-0001-1-03	STH-U-4710-0069
3"-GC-4710-12689-Bb-NI	U-4710-PR-0103-0001-1-03	STH-U-4710-0069
2"-GC-4710-12570-Bb-NI	U-4710-PR-0103-0001-1-03	STH-U-4710-0069
2"-GC-4710-12571-Bb-NI	U-4710-PR-0103-0001-1-03	STH-U-4710-0069
2"-GC-4710-12572-Bb-NI	U-4710-PR-0103-0001-1-03	STH-U-4710-0069
2"-GC-4710-12573-Bb-NI	U-4710-PR-0103-0001-1-03	STH-U-4710-0069
2"-GC-4710-12574-Bb-NI	U-4710-PR-0103-0001-1-03	STH-U-4710-0069
2"-GC-4710-12575-Bb-NI	U-4710-PR-0103-0001-1-03	STH-U-4710-0069
2"-GC-4710-12576-Bb-NI	U-4710-PR-0103-0001-1-03	STH-U-4710-0069
2"-GC-4710-12577-Bb-NI	U-4710-PR-0103-0001-1-03	STH-U-4710-0069
2"-GC-4710-12578-Bb-NI	U-4710-PR-0103-0001-1-03	STH-U-4710-0069
2"-GC-4710-12579-Bb-NI	U-4710-PR-0103-0001-1-03	STH-U-4710-0069
2"-GC-4710-12580-Bb-NI	U-4710-PR-0103-0001-1-03	STH-U-4710-0069
2"-GC-4710-12581-Bb-NI	U-4710-PR-0103-0001-1-03	STH-U-4710-0069
2"-GC-4710-12582-Bb-NI	U-4710-PR-0103-0001-1-03	STH-U-4710-0069
2"-GC-4710-12583-Bb-NI	U-4710-PR-0103-0001-1-03	STH-U-4710-0069
2"-GC-4710-12584-Bb-NI	U-4710-PR-0103-0001-1-03	STH-U-4710-0069
2"-GC-4710-12585-Bb-NI	U-4710-PR-0103-0001-1-03	STH-U-4710-0069
2"-GC-4710-12586-Bb-NI	U-4710-PR-0103-0001-1-03	STH-U-4710-0069
2"-GC-4710-12587-Bb-NI	U-4710-PR-0103-0001-1-03	STH-U-4710-0069
2"-GC-4710-12588-Bb-NI	U-4710-PR-0103-0001-1-03	STH-U-4710-0069
2"-GC-4710-12589-Bb-NI	U-4710-PR-0103-0001-1-03	STH-U-4710-0069
2"-GC-4710-12590-Bb-NI	U-4710-PR-0103-0001-1-03	STH-U-4710-0069
2"-GC-4710-12591-Bb-NI	U-4710-PR-0103-0001-1-03	STH-U-4710-0069
2"-GC-4710-12592-Bb-NI	U-4710-PR-0103-0001-1-03	STH-U-4710-0069
2"-GC-4710-12593-Bb-NI	U-4710-PR-0103-0001-1-03	STH-U-4710-0069
3"-GC-4710-12564-Bb-NI	U-4710-PR-0103-0001-1-02	STH-U-4710-0068
3"-GC-4710-12565-Bb-NI	U-4710-PR-0103-0001-1-02	STH-U-4710-0068
3"-GC-4710-12566-Bb-NI	U-4710-PR-0103-0001-1-02	STH-U-4710-0068
3"-GC-4710-12567-Bb-NI	U-4710-PR-0103-0001-1-02	STH-U-4710-0068
3"-GC-4710-12568-Bb-NI	U-4710-PR-0103-0001-1-02	STH-U-4710-0068
3"-GC-4710-12569-Bb-NI	U-4710-PR-0103-0001-1-02	STH-U-4710-0068
2"-GC-4710-12450-Bb-NI	U-4710-PR-0103-0001-1-02	STH-U-4710-0068
2"-GC-4710-12451-Bb-NI	U-4710-PR-0103-0001-1-02	STH-U-4710-0068
2"-GC-4710-12452-Bb-NI	U-4710-PR-0103-0001-1-02	STH-U-4710-0068
2"-GC-4710-12453-Bb-NI	U-4710-PR-0103-0001-1-02	STH-U-4710-0068
2"-GC-4710-12454-Bb-NI	U-4710-PR-0103-0001-1-02	STH-U-4710-0068
2"-GC-4710-12455-Bb-NI	U-4710-PR-0103-0001-1-02	STH-U-4710-0068
2"-GC-4710-12456-Bb-NI	U-4710-PR-0103-0001-1-02	STH-U-4710-0068
2"-GC-4710-12457-Bb-NI	U-4710-PR-0103-0001-1-02	STH-U-4710-0068
2"-GC-4710-12458-Bb-NI	U-4710-PR-0103-0001-1-02	STH-U-4710-0068
2"-GC-4710-12459-Bb-NI	U-4710-PR-0103-0001-1-02	STH-U-4710-0068
2"-GC-4710-12460-Bb-NI	U-4710-PR-0103-0001-1-02	STH-U-4710-0068
2"-GC-4710-12461-Bb-NI	U-4710-PR-0103-0001-1-02	STH-U-4710-0068
2"-GC-4710-12462-Bb-NI	U-4710-PR-0103-0001-1-02	STH-U-4710-0068
2"-GC-4710-12463-Bb-NI	U-4710-PR-0103-0001-1-02	STH-U-4710-0068
2"-GC-4710-12464-Bb-NI	U-4710-PR-0103-0001-1-02	STH-U-4710-0068
2"-GC-4710-12465-Bb-NI	U-4710-PR-0103-0001-1-02	STH-U-4710-0068
2"-GC-4710-12466-Bb-NI	U-4710-PR-0103-0001-1-02	STH-U-4710-0068
2"-GC-4710-12467-Bb-NI	U-4710-PR-0103-0001-1-02	STH-U-4710-0068
2"-GC-4710-12468-Bb-NI	U-4710-PR-0103-0001-1-02	STH-U-4710-0068
2"-GC-4710-12469-Bb-NI	U-4710-PR-0103-0001-1-02	STH-U-4710-0068
2"-GC-4710-12470-Bb-NI	U-4710-PR-0103-0001-1-02	STH-U-4710-0068
2"-GC-4710-12471-Bb-NI	U-4710-PR-0103-0001-1-02	STH-U-4710-0068
2"-GC-4710-12472-Bb-NI	U-4710-PR-0103-0001-1-02	STH-U-4710-0068
2"-GC-4710-12473-Bb-NI	U-4710-PR-0103-0001-1-02	STH-U-4710-0068
3"-GC-4710-12474-Bb-NI	U-4710-PR-0103-0001-1-02	STH-U-4710-0068
3"-GC-4710-12475-Bb-NI	U-4710-PR-0103-0001-1-02	STH-U-4710-0068
3"-GC-4710-12476-Bb-NI	U-4710-PR-0103-0001-1-02	STH-U-4710-0068
3"-GC-4710-12477-Bb-NI	U-4710-PR-0103-0001-1-02	STH-U-4710-0068
3"-GC-4710-12478-Bb-NI	U-4710-PR-0103-0001-1-02	STH-U-4710-0068
3"-GC-4710-12479-Bb-NI	U-4710-PR-0103-0001-1-02	STH-U-4710-0068
3"-GC-4710-12480-Bb-NI	U-4710-PR-0103-0001-1-02	STH-U-4710-0068
3"-GC-4710-12481-Bb-NI	U-4710-PR-0103-0001-1-02	STH-U-4710-0068
3"-GC-4710-12482-Bb-NI	U-4710-PR-0103-0001-1-02	STH-U-4710-0068
3"-GC-4710-12483-Bb-NI	U-4710-PR-0103-0001-1-02	STH-U-4710-0068
3"-GC-4710-12484-Bb-NI	U-4710-PR-0103-0001-1-02	STH-U-4710-0068
3"-GC-4710-12485-Bb-NI	U-4710-PR-0103-0001-1-02	STH-U-4710-0068
3"-GC-4710-12486-Bb-NI	U-4710-PR-0103-0001-1-02	STH-U-4710-0068
3"-GC-4710-12487-Bb-NI	U-4710-PR-0103-0001-1-02	STH-U-4710-0068
3"-GC-4710-12488-Bb-NI	U-4710-PR-0103-0001-1-02	STH-U-4710-0068
3"-GC-4710-12489-Bb-NI	U-4710-PR-0103-0001-1-02	STH-U-4710-0068
3"-GC-4710-12490-Bb-NI	U-4710-PR-0103-0001-1-02	STH-U-4710-0068
3"-GC-4710-12491-Bb-NI	U-4710-PR-0103-0001-1-02	STH-U-4710-0068
3"-GC-4710-12492-Bb-NI	U-4710-PR-0103-0001-1-02	STH-U-4710-0068
3"-GC-4710-12493-Bb-NI	U-4710-PR-0103-0001-1-02	STH-U-4710-0068
3"-GC-4710-12494-Bb-NI	U-4710-PR-0103-0001-1-02	STH-U-4710-0068
3"-GC-4710-12495-Bb-NI	U-4710-PR-0103-0001-1-02	STH-U-4710-0068
3"-GC-4710-12496-Bb-NI	U-4710-PR-0103-0001-1-02	STH-U-4710-0068
3"-GC-4710-12497-Bb-NI	U-4710-PR-0103-0001-1-02	STH-U-4710-0068
3"-GC-4710-12498-Bb-NI	U-4710-PR-0103-0001-1-02	STH-U-4710-0068
3"-GC-4710-12499-Bb-NI	U-4710-PR-0103-0001-1-02	STH-U-4710-0068
3"-GC-4710-12500-Bb-NI	U-4710-PR-0103-0001-1-02	STH-U-4710-0068
3"-GC-4710-12501-Bb-NI	U-4710-PR-0103-0001-1-02	STH-U-4710-0068
3"-GC-4710-12502-Bb-NI	U-4710-PR-0103-0001-1-02	STH-U-4710-0068
3"-GC-4710-12503-Bb-NI	U-4710-PR-0103-0001-1-02	STH-U-4710-0068
3"-GC-4710-12504-Bb-NI	U-4710-PR-0103-0001-1-02	STH-U-4710-0068
3"-GC-4710-12505-Bb-NI	U-4710-PR-0103-0001-1-02	STH-U-4710-0068
3"-GC-4710-12506-Bb-NI	U-4710-PR-0103-0001-1-02	STH-U-4710-0068
3"-GC-4710-12507-Bb-NI	U-4710-PR-0103-0001-1-02	STH-U-4710-0068
3"-GC-4710-12508-Bb-NI	U-4710-PR-0103-0001-1-02	STH-U-4710-0068
3"-GC-4710-12509-Bb-NI	U-4710-PR-0103-0001-1-02	STH-U-4710-0068
3"-GC-4710-12510-Bb-NI	U-4710-PR-0103-0001-1-02	STH-U-4710-0068
3"-GC-4710-12511-Bb-NI	U-4710-PR-0103-0001-1-02	STH-U-4710-0068
3"-GC-4710-12512-Bb-NI	U-4710-PR-0103-0001-1-02	STH-U-4710-0068
3"-GC-4710-12513-Bb-NI	U-4710-PR-0103-0001-1-02	STH-U-4710-0068
3"-GC-4710-12514-Bb-NI	U-4710-PR-0103-0001-1-02	STH-U-4710-0068
3"-GC-4710-12515-Bb-NI	U-4710-PR-0103-0001-1-02	STH-U-4710-0068
3"-GC-4710-12516-Bb-NI	U-4710-PR-0103-0001-1-02	STH-U-4710-0068
3"-GC-4710-12517-Bb-NI	U-4710-PR-0103-0001-1-02	STH-U-4710-0068
3"-GC-4710-12518-Bb-NI	U-4710-PR-0103-0001-1-02	STH-U-4710-0068
3"-GC-4710-12519-Bb-NI	U-4710-PR-0103-0001-1-02	STH-U-4710-0068
3"-GC-4710-12520-Bb-NI	U-4710-PR-0103-0001-1-02	STH-U-4710-0068
3"-GC-4710-12521-Bb-NI	U-4710-PR-0103-0001-1-02	STH-U-4710-0068
3"-GC-4710-12522-Bb-NI	U-4710-PR-0103-0001-1-02	STH-U-4710-0068
3"-GC-4710-12523-Bb-NI	U-4710-PR-0103-0001-1-02	STH-U-4710-0068
3"-GC-4710-12524-Bb-NI	U-4710-PR-0103-0001-1-02	STH-U-4710-0068
3"-GC-4710-12525-Bb-NI	U-4710-PR-0103-0001-1-02	STH-U-4710-0068
3"-GC-4710-12526-Bb-NI	U-4710-PR-0103-0001-1-02	STH-U-4710-0068
3"-GC-4710-12527-Bb-NI	U-4710-PR-0103-0001-1-02	STH-U-4710-0068
3"-GC-4710-12528-Bb-NI	U-4710-PR-0103-0001-1-02	STH-U-4710-0068
3"-GC-4710-12529-Bb-NI	U-4710-PR-0103-0001-1-02	STH-U-4710-0068
3"-GC-4710-12530-Bb-NI	U-4710-PR-0103-0001-1-02	STH-U-4710-0068
3"-GC-4710-12531-Bb-NI	U-4710-PR-0103-0001-1-02	STH-U-4710-0068
3"-GC-4710-12532-Bb-NI	U-4710-PR-0103-0001-1-02	STH-U-4710-0068
3"-GC-4710-12533-Bb-NI	U-4710-PR-0103-0001-1-02	STH-U-4710-0068
3"-GC-4710-12534-Bb-NI	U-4710-PR-0103-0001-1-02	STH-U-4710-0068
3"-GC-4710-12535-Bb-NI	U-4710-PR-0103-0001-1-02	STH-U-4710-0068
3"-GC-4710-12536-Bb-NI	U-4710-PR-0103-0001-1-02	STH-U-4710-0068
3"-GC-4710-12537-Bb-NI	U-4710-PR-0103-0001-1-02	STH-U-4710-0068
3"-GC-4710-12538-Bb-NI	U-4710-PR-0103-0001-1-02	STH-U-4710-0068
3"-GC-4710-12539-Bb-NI	U-4710-PR-0103-0001-1-02	STH-U-4710-0068
3"-GC-4710-12540-Bb-NI	U-4710-PR-0103-0001-1-02	STH-U-4710-0068
3"-GC-4710-12541-Bb-NI	U-4710-PR-0103-0001-1-02	STH-U-4710-0068
3"-GC-4710-12542-Bb-NI	U-4710-PR-0103-0001-1-02	STH-U-4710-0068
3"-GC-4710-12543-Bb-NI	U-4710-PR-0103-0001-1-02	STH-U-4710-0068
3"-GC-4710-12544-Bb-NI	U-4710-PR-0103-0001-1-02	STH-U-4710-0068
3"-GC-4710-12545-Bb-NI	U-4710-PR-0103-0001-1-02	STH-U-4710-0068
3"-GC-4710-12546-Bb-NI	U-4710-PR-0103-0001-1-02	STH-U-4710-0068
3"-GC-4710-12547-Bb-NI	U-4710-PR-0103-0001-1-02	STH-U-4710-0068
3"-GC-4710-12548-Bb-NI	U-4710-PR-0103-0001-1-02	STH-U-4710-0068
3"-GC-4710-12549-Bb-NI	U-4710-PR-0103-0001-1-02	STH-U-4710-0068
3"-GC-4710-12550-Bb-NI	U-4710-PR-0103-0001-1-02	STH-U-4710-0068
3"-GC-4710-12551-Bb-NI	U-4710-PR-0103-0001-1-02	STH-U-4710-0068
3"-GC-4710-12552-Bb-NI	U-4710-PR-0103-0001-1-02	STH-U-4710-0068
3"-GC-4710-12553-Bb-NI	U-4710-PR-0103-0001-1-02	STH-U-4710-0068
3"-GC-4710-12554-Bb-NI	U-4710-PR-0103-0001-1-02	STH-U-4710-0068
3"-GC-4710-12555-Bb-NI	U-4710-PR-0103-0001-1-02	STH-U-4710-0068
3"-GC-4710-12556-Bb-NI	U-4710-PR-0103-0001-1-02	STH-U-4710-0068
3"-GC-4710-12557-Bb-NI	U-4710-PR-0103-0001-1-02	STH-U-4710-0068
3"-GC-4710-12558-Bb-NI	U-4710-PR-0103-0001-1-02	STH-U-4710-0068
3"-GC-4710-12559-Bb-NI	U-4710-PR-0103-0001-1-02	STH-U-4710-0068
3"-GC-4710-12560-Bb-NI	U-4710-PR-0103-0001-1-02	STH-U-4710-0068
3"-GC-4710-12561-Bb-NI	U-4710-PR-0103-0001-1-02	STH-U-4710-0068
3"-GC-4710-12562-Bb-NI	U-4710-PR-0103-0001-1-02	STH-U-4710-0068
3"-GC-4710-12563-Bb-NI	U-4710-PR-0103-0001-1-02	STH-U-4710-0068
10"-GC-4710-00915-Bb-NI	U-4710-PR-0103-0001-1-01	STH-U-4710-0064
10"-GC-4710-00916-Bb-NI	U-4710-PR-0103-0001-1-01	STH-U-4710-0064
10"-GC-4710-00935-Bb-NI	U-4710-PR-0103-0001-1-01	STH-U-4710-0064
10"-GC-4710-00936-Bb-NI	U-4710-PR-0103-0001-1-01	STH-U-4710-0064
12"-GC-4710-00917-Bb-NI	U-4710-PR-0103-0001-1-01	STH-U-4710-0064
12"-GC-4710-00918-Bb-NI	U-4710-PR-0103-0001-1-01	STH-U-4710-0064
12"-GC-4710-00921-Bb-NI	U-4710-PR-0103-0001-1-01	STH-U-4710-0064
12"-GC-4710-00922-Bb-NI	U-4710-PR-0103-0001-1-01	STH-U-4710-0064
12"-GC-4710-00937-Bb-NI	U-4710-PR-0103-0001-1-01	STH-U-4710-0064
12"-GC-4710-00938-Bb-NI	U-4710-PR-0103-0001-1-01	STH-U-4710-0064
12"-GC-4710-00941-Bb-NI	U-4710-PR-0103-0001-1-01	STH-U-4710-0064
12"-GC-4710-00942-Bb-NI	U-4710-PR-0103-0001-1-01	STH-U-4710-0064
12"-GC-4710-02206-Bb-NI	U-4710-PR-0103-0001-1-01	STH-U-4710-0064
1.1/2"-HC-4710-02302-Bb-NI	U-4710-PR-0103-0001-1-01	STH-U-4710-0064
12"-GC-4710-12962-Bb-NI	U-4710-PR-0103-0001-1-01	STH-U-4710-0064
18"-GC-4710-00919-Bb-NI	U-4710-PR-0103-0001-1-01	STH-U-4710-0064
18"-GC-4710-00920-Bb-NI	U-4710-PR-0103-0001-1-01	STH-U-4710-0064
18"-GC-4710-00939-Bb-NI	U-4710-PR-0103-0001-1-01	STH-U-4710-0064
18"-GC-4710-00940-Bb-NI	U-4710-PR-0103-0001-1-01	STH-U-4710-0064
30"-GC-4710-00912-Bb-NI	U-4710-PR-0103-0001-1-01	STH-U-4710-0064
30"-GC-4710-00932-Bb-NI	U-4710-PR-0103-0001-1-01	STH-U-4710-0064
4"-V63-4710-12968-Ec-IQ	U-4710-PR-0103-0001-1-01	STH-U-4710-0064
4"-V63-4710-12970-Ec-IQ	U-4710-PR-0103-0001-1-01	STH-U-4710-0064
4"-V63-4710-12972-Ec-IQ	U-4710-PR-0103-0001-1-01	STH-U-4710-0064
48"-GC-4710-00910-Bb-NI	U-4710-PR-0103-0001-1-01	STH-U-4710-0064
24"-GC-4710-00913-Bb-NI	U-4710-PR-0103-0001-1-01	STH-U-4710-0064
24"-GC-4710-00914-Bb-NI	U-4710-PR-0103-0001-1-01	STH-U-4710-0064
24"-GC-4710-00933-Bb-NI	U-4710-PR-0103-0001-1-01	STH-U-4710-0064
24"-GC-4710-00934-Bb-NI+A11674:A11849	U-4710-PR-0103-0001-1-01	STH-U-4710-0064
1.1/2"-DRAIN-4710-TBC002/V6-Ab-NI	U-4710-PR-0102-0006-1-01	STH-U-4710-0168
1.1/2"-DRAIN-4710-TBC002/V7-Ab-NI	U-4710-PR-0102-0006-1-01	STH-U-4710-0168
1.1/2"-DRAIN-4710-TBC002/V8-Ab-NI	U-4710-PR-0102-0006-1-01	STH-U-4710-0168
1.1/2"-DRAIN-4710-TBC002/V9-Ab-NI	U-4710-PR-0102-0006-1-01	STH-U-4710-0168
3"-DRAIN-4710-TBC002/D1-Ba-NI	U-4710-PR-0102-0006-1-01	STH-U-4710-0168
1.1/2"-INST-4710-T001/P1-O1-PP	U-4710-PR-0101-0001-1-09	STH-U-4710-0169
1.1/2"-INST-4710-T001/P2-O1-PP	U-4710-PR-0101-0001-1-09	STH-U-4710-0169
2"-INST-4710-T001/L1-O1-PP	U-4710-PR-0101-0001-1-09	STH-U-4710-0169
2"-INST-4710-T001/L2-O1-PP	U-4710-PR-0101-0001-1-09	STH-U-4710-0169
2"-INST-4710-T001/L3-O1-PP	U-4710-PR-0101-0001-1-09	STH-U-4710-0169
2"-INST-4710-T001/L4-O1-PP	U-4710-PR-0101-0001-1-09	STH-U-4710-0169
2"-INST-4710-T001/L5-O1-PP	U-4710-PR-0101-0001-1-09	STH-U-4710-0169
2"-INST-4710-T001/L6-O1-PP	U-4710-PR-0101-0001-1-09	STH-U-4710-0169
30"-HC-4710-05400-C5-AC	U-4710-PR-0100-0006-1-01	STH-U-4710-0067
30"-HC-4710-05402-C5-AC - 30"-HC-4710-05400-C5-AC 	U-4710-PR-0100-0006-1-01	STH-U-4710-0067
16"-HC-4710-05401-C5-AC	U-4710-PR-0100-0006-1-01	STH-U-4710-0067
16"-HC-4710-05402-C5-AC	U-4710-PR-0100-0006-1-01	STH-U-4710-0067
16"-HC-4710-05403-C5-AC	U-4710-PR-0100-0006-1-01	STH-U-4710-0067
16"-HC-4710-05404-C5-AC	U-4710-PR-0100-0006-1-01	STH-U-4710-0067
16"-HC-4710-05405-C5-AC	U-4710-PR-0100-0006-1-01	STH-U-4710-0067
16"-HC-4710-05406-C5-AC	U-4710-PR-0100-0006-1-01	STH-U-4710-0067
10"-HD-4710-05201-C5-AC	U-4710-PR-0100-0002-1-01	STH-U-4710-0066
10"-HD-4710-05202-C5-AC	U-4710-PR-0100-0002-1-01	STH-U-4710-0066
10"-HD-4710-05203-C5-AC	U-4710-PR-0100-0002-1-01	STH-U-4710-0066
10"-HD-4710-05204-C5-AC	U-4710-PR-0100-0002-1-01	STH-U-4710-0066
10"-HD-4710-05205-C5-AC	U-4710-PR-0100-0002-1-01	STH-U-4710-0066
10"-HD-4710-05206-C5-AC	U-4710-PR-0100-0002-1-01	STH-U-4710-0066
10"-HD-4710-05207-C5-AC	U-4710-PR-0100-0002-1-01	STH-U-4710-0066
10"-HD-4710-05208-C5-AC	U-4710-PR-0100-0002-1-01	STH-U-4710-0066
10"-HD-4710-05209-C5-AC	U-4710-PR-0100-0002-1-01	STH-U-4710-0066
10"-HD-4710-05210-C5-AC	U-4710-PR-0100-0002-1-01	STH-U-4710-0066
10"-HD-4710-05211-C5-AC	U-4710-PR-0100-0002-1-01	STH-U-4710-0066
10"-HD-4710-05212-C5-AC	U-4710-PR-0100-0002-1-01	STH-U-4710-0066
3"-HC-4710-05901-C5-NI	U-4710-PR-0100-0002-1-01	STH-U-4710-0066
3"-HC-4710-05902-C5-NI	U-4710-PR-0100-0002-1-01	STH-U-4710-0066
3"-HC-4710-05903-C5-NI	U-4710-PR-0100-0002-1-01	STH-U-4710-0066
3"-HC-4710-05904-C5-NI	U-4710-PR-0100-0002-1-01	STH-U-4710-0066
3"-HC-4710-05905-C5-NI	U-4710-PR-0100-0002-1-01	STH-U-4710-0066
3"-HC-4710-05906-C5-NI	U-4710-PR-0100-0002-1-01	STH-U-4710-0066
3"-HC-4710-05907-C5-NI	U-4710-PR-0100-0002-1-01	STH-U-4710-0066
3"-HC-4710-05908-C5-NI	U-4710-PR-0100-0002-1-01	STH-U-4710-0066
3"-HC-4710-05909-C5-NI	U-4710-PR-0100-0002-1-01	STH-U-4710-0066
3"-HC-4710-05910-C5-NI	U-4710-PR-0100-0002-1-01	STH-U-4710-0066
3"-HC-4710-05911-C5-NI	U-4710-PR-0100-0002-1-01	STH-U-4710-0066
3"-HC-4710-05912-C5-NI	U-4710-PR-0100-0002-1-01	STH-U-4710-0066
16"-HC-4710-05101-C5-AC	U-4710-PR-0100-0001-1-01	STH-U-4710-0065
16"-HC-4710-05102-C5-AC	U-4710-PR-0100-0001-1-01	STH-U-4710-0065
16"-HC-4710-05103-C5-AC	U-4710-PR-0100-0001-1-01	STH-U-4710-0065
16"-HC-4710-05104-C5-AC	U-4710-PR-0100-0001-1-01	STH-U-4710-0065
16"-HC-4710-05105-C5-AC	U-4710-PR-0100-0001-1-01	STH-U-4710-0065
16"-HC-4710-05106-C5-AC	U-4710-PR-0100-0001-1-01	STH-U-4710-0065
16"-HC-4710-05107-C5-AC	U-4710-PR-0100-0001-1-01	STH-U-4710-0065
16"-HC-4710-05108-C5-AC	U-4710-PR-0100-0001-1-01	STH-U-4710-0065
16"-HC-4710-05109-C5-AC	U-4710-PR-0100-0001-1-01	STH-U-4710-0065
16"-HC-4710-05110-C5-AC	U-4710-PR-0100-0001-1-01	STH-U-4710-0065
16"-HC-4710-05111-C5-AC	U-4710-PR-0100-0001-1-01	STH-U-4710-0065
16"-HC-4710-05112-C5-AC	U-4710-PR-0100-0001-1-01	STH-U-4710-0065
1.1/2"-DRAIN-4710-TBC001/V6-Ab-NI	U-4710-PR-0099-0006-1-01	STH-U-4710-0170
1.1/2"-DRAIN-4710-TBC001/V7-Ab-NI	U-4710-PR-0099-0006-1-01	STH-U-4710-0170
1.1/2"-DRAIN-4710-TBC001/V8-Ab-NI	U-4710-PR-0099-0006-1-01	STH-U-4710-0170
1.1/2"-DRAIN-4710-TBC001/V9-Ab-NI	U-4710-PR-0099-0006-1-01	STH-U-4710-0170
3"-DRAIN-4710-TBC001/D1-Ba-NI	U-4710-PR-0099-0006-1-01	STH-U-4710-0170
3"-DRAIN-4710-TBC001/D2-Ba-NI	U-4710-PR-0099-0006-1-01	STH-U-4710-0170
3"-HC-4710-02303-Bb-NI	U-4710-PR-0098-0002-1-03	STH-U-4710-0171
3"-HC-4710-02301-Bb-NI	U-4710-PR-0098-0002-1-02	STH-U-4710-0064
28"-HC-4710-01413-Bb-NI	U-4710-PR-0098-0002-1-01	STH-U-4710-0064
3/4"-HC-4710-10044-Bb-NI	U-4710-PR-0098-0002-1-01	STH-U-4710-0064
48"-HC-4710-01410-Bb-NI	U-4710-PR-0098-0002-1-01	STH-U-4710-0064
48"-HC-4710-01415-Bb-NI	U-4710-PR-0098-0002-1-01	STH-U-4710-0064
18"-HC-4710-04812-Bb-NI	U-4710-PR-0098-0002-1-01	STH-U-4710-0064
18"-HC-4710-10058-Bb-NI	U-4710-PR-0098-0002-1-01	STH-U-4710-0064
18"-HC-4710-10115-Bb-NI	U-4710-PR-0098-0002-1-01	STH-U-4710-0064
20"-HC-4710-01411-Bb-NI	U-4710-PR-0098-0002-1-01	STH-U-4710-0064
2"-INST-4710-V342/G1-C13-NI	U-4710-PR-0098-0001-1-04	STH-U-4710-0172
2"-INST-4710-V342/L1-C13-NI	U-4710-PR-0098-0001-1-04	STH-U-4710-0172
2"-INST-4710-V342/L2-C13-NI	U-4710-PR-0098-0001-1-04	STH-U-4710-0172
2"-AO-4710-10358-C13-NI	U-4710-PR-0098-0001-1-03	STH-A-4710-0046
4"-HS-4710-10317-C13-NI	U-4710-PR-0098-0001-1-02	STH-A-4710-0045
8"-HS-4710-10316-C13-NI	U-4710-PR-0098-0001-1-02	STH-A-4710-0045
4"-HS-4710-10314-C13-NI	U-4710-PR-0098-0001-1-01	STH-A-4710-0044
8"-G14-4710-10243-Cb-AE	U-4710-PR-0098-0001-1-01	STH-A-4710-0044
3/4"-HS-4710-10418-C13-AE	U-4710-PR-0098-0001-1-01	STH-A-4710-0044
8"-HS-4710-10325-C13-NI	U-4710-PR-0098-0001-1-01	STH-A-4710-0044
8"-HS-4710-10315-C13-AE	U-4710-PR-0098-0001-1-01	STH-A-4710-0044
2"-DRAIN-4710-V002/LG510-Ba-NI	U-4710-PR-0097-0003-1-09	STH-U-4710-0173
2"-INST-4710-V002/L1-Mb-NI	U-4710-PR-0097-0003-1-09	STH-U-4710-0173
2"-INST-4710-V002/L2-Mb-NI	U-4710-PR-0097-0003-1-09	STH-U-4710-0173
2"-INST-4710-V002/L3-Mb-NI	U-4710-PR-0097-0003-1-09	STH-U-4710-0173
2"-INST-4710-V002/L4-Mb-NI	U-4710-PR-0097-0003-1-09	STH-U-4710-0173
2"-INST-4710-V002/L5-Mb-NI	U-4710-PR-0097-0003-1-09	STH-U-4710-0173
2"-INST-4710-V002/L6-Mb-NI	U-4710-PR-0097-0003-1-09	STH-U-4710-0173
2"-INST-4710-V002/G1-Mb-NI	U-4710-PR-0097-0003-1-09	STH-U-4710-0173
12"-HC-4710-01304-Mb-AE	U-4710-PR-0097-0003-1-04	STH-U-4710-0063
12"-GI-4710-01329-Mb-NI	U-4710-PR-0097-0003-1-04	STH-U-4710-0063
3/4"-HC-4710-04252-Mb-AE	U-4710-PR-0097-0003-1-04	STH-U-4710-0063
4"-HC-4710-01401-Mb-AE	U-4710-PR-0097-0003-1-04	STH-U-4710-0063
6"-HC-4710-01305-Mb-AE	U-4710-PR-0097-0003-1-04	STH-U-4710-0063
18"-HC-4710-01306-Mb-AE	U-4710-PR-0097-0003-1-04	STH-U-4710-0063
1"-HC-4710-04256-Mb-AE	U-4710-PR-0097-0003-1-01	STH-U-4710-0062
2"-HC-4710-04870-Mb-AE	U-4710-PR-0097-0003-1-01	STH-U-4710-0062
3/4"-DRAIN-4710-AM461/N5-Ba-NI	U-4710-PR-0097-0002-1-18	STH-U-4710-0174
3/4"-DRAIN-4710-AM480/N5-Ba-NI	U-4710-PR-0097-0002-1-18	STH-U-4710-0174
18"-HC-4710-01303-Mb-NI	U-4710-PR-0097-0002-1-17	STH-U-4710-0061
18"-HC-4710-01308-Mb-NI	U-4710-PR-0097-0002-1-17	STH-U-4710-0061
18"-HC-4710-01309-Mb-NI	U-4710-PR-0097-0002-1-17	STH-U-4710-0061
12"-HC-4710-01302-Mb-PP	U-4710-PR-0097-0002-1-16	STH-U-4710-0060
12"-HC-4710-01311-Mb-PP	U-4710-PR-0097-0002-1-16	STH-U-4710-0060
6"-HC-4710-10078-Mb-PP	U-4710-PR-0097-0002-1-16	STH-U-4710-0060
6"-HC-4710-10079-Mb-PP	U-4710-PR-0097-0002-1-16	STH-U-4710-0060
6"-HC-4710-10080-Mb-PP	U-4710-PR-0097-0002-1-16	STH-U-4710-0060
6"-HC-4710-10081-Mb-PP	U-4710-PR-0097-0002-1-16	STH-U-4710-0060
6"-HC-4710-10082-Mb-PP	U-4710-PR-0097-0002-1-16	STH-U-4710-0060
6"-HC-4710-10083-Mb-PP	U-4710-PR-0097-0002-1-16	STH-U-4710-0060
6"-HC-4710-10084-Mb-PP	U-4710-PR-0097-0002-1-16	STH-U-4710-0060
6"-HC-4710-10085-Mb-PP	U-4710-PR-0097-0002-1-16	STH-U-4710-0060
6"-HC-4710-10086-Mb-PP	U-4710-PR-0097-0002-1-16	STH-U-4710-0060
6"-HC-4710-10087-Mb-PP	U-4710-PR-0097-0002-1-16	STH-U-4710-0060
6"-HC-4710-10089-Mb-PP	U-4710-PR-0097-0002-1-16	STH-U-4710-0060
6"-HC-4710-10090-Mb-PP	U-4710-PR-0097-0002-1-16	STH-U-4710-0060
6"-HC-4710-10091-Mb-PP	U-4710-PR-0097-0002-1-16	STH-U-4710-0060
6"-HC-4710-10092-Mb-PP	U-4710-PR-0097-0002-1-16	STH-U-4710-0060
2"-HC-4710-09093-Mb-PP	U-4710-PR-0097-0002-1-16	STH-U-4710-0060
6"-HC-4710-10088-Mb-PP	U-4710-PR-0097-0002-1-16	STH-U-4710-0060
6"-HC-4710-10093-Mb-PP	U-4710-PR-0097-0002-1-16	STH-U-4710-0060
6"-HC-4710-10094-Mb-PP	U-4710-PR-0097-0002-1-16	STH-U-4710-0060
6"-HC-4710-10095-Mb-PP	U-4710-PR-0097-0002-1-16	STH-U-4710-0060
2"-HC-4710-04845-Mb-PP	U-4710-PR-0097-0002-1-16	STH-U-4710-0060
2"-HC-4710-04847-Mb-PP	U-4710-PR-0097-0002-1-16	STH-U-4710-0060
2"-HC-4710-04849-Mb-PP	U-4710-PR-0097-0002-1-16	STH-U-4710-0060
2"-HC-4710-04851-Mb-PP	U-4710-PR-0097-0002-1-16	STH-U-4710-0060
2"-HC-4710-04853-Mb-PP	U-4710-PR-0097-0002-1-16	STH-U-4710-0060
20"-HC-4710-01301-Mb-PP	U-4710-PR-0097-0002-1-16	STH-U-4710-0060
6"-HC-4710-10060-Mb-IQ	U-4710-PR-0097-0002-1-15	STH-U-4710-0059
6"-HC-4710-10061-Mb-IQ	U-4710-PR-0097-0002-1-15	STH-U-4710-0059
6"-HC-4710-10062-Mb-IQ	U-4710-PR-0097-0002-1-15	STH-U-4710-0059
6"-HC-4710-10063-Mb-IQ	U-4710-PR-0097-0002-1-15	STH-U-4710-0059
6"-HC-4710-10064-Mb-IQ	U-4710-PR-0097-0002-1-15	STH-U-4710-0059
6"-HC-4710-10065-Mb-IQ	U-4710-PR-0097-0002-1-15	STH-U-4710-0059
6"-HC-4710-10066-Mb-IQ	U-4710-PR-0097-0002-1-15	STH-U-4710-0059
6"-HC-4710-10067-Mb-IQ	U-4710-PR-0097-0002-1-15	STH-U-4710-0059
6"-HC-4710-10068-Mb-IQ	U-4710-PR-0097-0002-1-15	STH-U-4710-0059
6"-HC-4710-10069-Mb-IQ	U-4710-PR-0097-0002-1-15	STH-U-4710-0059
6"-HC-4710-10070-Mb-IQ	U-4710-PR-0097-0002-1-15	STH-U-4710-0059
6"-HC-4710-10071-Mb-IQ	U-4710-PR-0097-0002-1-15	STH-U-4710-0059
6"-HC-4710-10072-Mb-IQ	U-4710-PR-0097-0002-1-15	STH-U-4710-0059
6"-HC-4710-10073-Mb-IQ	U-4710-PR-0097-0002-1-15	STH-U-4710-0059
6"-HC-4710-10074-Mb-IQ	U-4710-PR-0097-0002-1-15	STH-U-4710-0059
6"-HC-4710-10075-Mb-IQ	U-4710-PR-0097-0002-1-15	STH-U-4710-0059
6"-HC-4710-10076-Mb-IQ	U-4710-PR-0097-0002-1-15	STH-U-4710-0059
6"-HC-4710-10077-Mb-IQ	U-4710-PR-0097-0002-1-15	STH-U-4710-0059
20"-HC-4710-01128-Mb-IQ	U-4710-PR-0097-0002-1-15	STH-U-4710-0059
20"-HC-4710-01129-Mb-IQ	U-4710-PR-0097-0002-1-15	STH-U-4710-0059
20"-HC-4710-01130-Mb-IQ	U-4710-PR-0097-0002-1-15	STH-U-4710-0059
20"-HC-4710-09035-Mb-IQ	U-4710-PR-0097-0002-1-14	STH-U-4710-0056
20"-HC-4710-09036-Mb-IQ	U-4710-PR-0097-0002-1-13	STH-U-4710-0055
12"-GI-4710-01226-M1-IQ	U-4710-PR-0097-0002-1-10	STH-U-4710-0054
20"-HC-4710-01122-M1-IQ	U-4710-PR-0097-0002-1-10	STH-U-4710-0054
20"-HC-4710-01212-M1-IQ	U-4710-PR-0097-0002-1-10	STH-U-4710-0054
24"-HC-4710-01120-M1-IQ	U-4710-PR-0097-0002-1-10	STH-U-4710-0054
24"-HC-4710-01208-M1-IQ	U-4710-PR-0097-0002-1-10	STH-U-4710-0054
3/4"-HC-4710-04398-M1-IQ	U-4710-PR-0097-0002-1-10	STH-U-4710-0054
8"-HC-4710-01210-M1-IQ	U-4710-PR-0097-0002-1-10	STH-U-4710-0054
20"-HC-4710-01121-M1-IQ	U-4710-PR-0097-0002-1-10	STH-U-4710-0054
1.1/2"-HC-4710-01211-M1-IQ	U-4710-PR-0097-0002-1-09	STH-U-4710-0054
1.1/2"-HC-4710-01203-C13-IQ	U-4710-PR-0097-0002-1-08	STH-U-4710-0053
10"-GI-4710-01222-C13-IQ	U-4710-PR-0097-0002-1-08	STH-U-4710-0053
18"-HC-4710-01112-M1-IQ	U-4710-PR-0097-0002-1-08	STH-U-4710-0053
24"-HC-4710-01114-C13-IQ	U-4710-PR-0097-0002-1-08	STH-U-4710-0053
24"-HC-4710-01205-C13-IQ	U-4710-PR-0097-0002-1-08	STH-U-4710-0053
3/4"-HC-4710-04560-C13-IQ	U-4710-PR-0097-0002-1-08	STH-U-4710-0053
24"-HC-4710-01110-M1-IQ	U-4710-PR-0097-0002-1-08	STH-U-4710-0053
20"-HC-4710-01201-C13-IQ	U-4710-PR-0097-0002-1-08	STH-U-4710-0053
20"-HC-4710-01105-C13-IQ	U-4710-PR-0097-0002-1-07	STH-U-4710-0052
20"-HC-4710-01106-C13-IQ	U-4710-PR-0097-0002-1-07	STH-U-4710-0052
24"-HC-4710-01108-C13-IQ	U-4710-PR-0097-0002-1-07	STH-U-4710-0052
20"-HC-4710-09032-C13-IQ	U-4710-PR-0097-0002-1-06	STH-U-4710-0051
20"-HC-4710-09031-C13-IQ	U-4710-PR-0097-0002-1-05	STH-U-4710-0050
20"-HC-4710-12985-Ba-NI	U-4710-PR-0097-0002-1-04	STH-U-4710-0001
20"-HC-4710-12983-Ba-NI	U-4710-PR-0097-0002-1-03	STH-U-4710-0001
16"-HC-4710-01124-C13-IQ	U-4710-PR-0097-0002-1-03	STH-U-4710-0049
16"-HC-4710-01126-C13-IQ	U-4710-PR-0097-0002-1-03	STH-U-4710-0048
20"-HC-4710-12981-Ba-NI	U-4710-PR-0097-0002-1-02	STH-U-4710-0001
18"-HC-4710-01103-M1-IQ	U-4710-PR-0097-0002-1-01	STH-U-4710-0046
12"-HC-4710-12980-M1-IQ	U-4710-PR-0097-0002-1-01	STH-U-4710-0046
12"-HC-4710-12984-M1-IQ	U-4710-PR-0097-0002-1-01	STH-U-4710-0046
12"-HC-4710-12982-M1-IQ	U-4710-PR-0097-0002-1-01	STH-U-4710-0046
24"-HC-4710-01001-M1-IQ	U-4710-PR-0097-0002-1-01	STH-U-4710-0046
3/4"-HC-4710-12993-M1-AE	U-4710-PR-0097-0002-1-01	STH-U-4710-0047
20"-HC-4710-01101-M1-IQ	U-4710-PR-0097-0002-1-01	STH-U-4710-0046
20"-HC-4710-01102-M1-IQ	U-4710-PR-0097-0002-1-01	STH-U-4710-0046
3/4"-DRAIN-4710-AM300/N5-Ba-NI	U-4710-PR-0097-0001-1-04	STH-U-4710-0045
3/4"-DRAIN-4710-AM319/5-Ba-IQ	U-4710-PR-0097-0001-1-04	STH-U-4710-0045
3/4"-HC-4710-04631-O4-IQ	U-4710-PR-0097-0001-1-03	STH-U-4710-0044
24"-HC-4710-00603-O4-IQ	U-4710-PR-0097-0001-1-02	STH-U-4710-0043
3/4"-HC-4710-04805-O4-IQ	U-4710-PR-0097-0001-1-02	STH-U-4710-0043
20"-HC-4710-00601-O4-IQ	U-4710-PR-0097-0001-1-01	STH-U-4710-0042
1"-HC-4710-04561-C13-IQ	U-4710-PR-0002-0004-1-01	STH-U-4710-0041
2"-HC-4710-01206-C13-IQ	U-4710-PR-0002-0004-1-01	STH-U-4710-0041
3/4"-DRAIN-4710-AM226/N5-Ba-IQ	U-4710-PR-0001-0005-1-10	STH-U-4710-0040
3/4"-DRAIN-4710-AM228/N5-Ba-IQ	U-4710-PR-0001-0005-1-10	STH-U-4710-0040
3/4"-DRAIN-4710-AM229/N5-Ba-IQ	U-4710-PR-0001-0005-1-10	STH-U-4710-0040
3/4"-DRAIN-4710-AM238/N5-Ba-IQ	U-4710-PR-0001-0005-1-10	STH-U-4710-0040
10"-HC-4710-00407-O12-IQ	U-4710-PR-0001-0005-1-09	STH-U-4710-0039
10"-HC-4710-00505-O12-IQ	U-4710-PR-0001-0005-1-09	STH-U-4710-0039
18"-HC-4710-00510-O12-IQ	U-4710-PR-0001-0005-1-09	STH-U-4710-0039
6"-HC-4710-00501-O12-IQ	U-4710-PR-0001-0005-1-09	STH-U-4710-0039
6"-HC-4710-00503-O12-IQ	U-4710-PR-0001-0005-1-09	STH-U-4710-0039
3/4"-HC-4710-04249-O12-IQ	U-4710-PR-0001-0005-1-09	STH-U-4710-0039
3/4"-HC-4710-04857-O12-IQ	U-4710-PR-0001-0005-1-09	STH-U-4710-0039
10"-HC-4710-00408-O12-IQ	U-4710-PR-0001-0005-1-09	STH-U-4710-0039
10"-HC-4710-00410-O12-IQ	U-4710-PR-0001-0005-1-09	STH-U-4710-0039
10"-HC-4710-00412-O12-IQ	U-4710-PR-0001-0005-1-09	STH-U-4710-0039
3"-GI-4710-00576-O12-IQ	U-4710-PR-0001-0005-1-09	STH-U-4710-0039
1.1/2"-HC-4710-00506-O12-IQ	U-4710-PR-0001-0005-1-07	STH-U-4710-0039
10"-HC-4710-00508-O12-IQ	U-4710-PR-0001-0005-1-07	STH-U-4710-0039
10"-HC-4710-00403-O12-IQ	U-4710-PR-0001-0005-1-06	STH-U-4710-0039
2"-HC-4710-00405-O12-IQ	U-4710-PR-0001-0005-1-06	STH-U-4710-0039
3/4"-HC-4710-04248-O12-IQ	U-4710-PR-0001-0005-1-06	STH-U-4710-0039
3/4"-HC-4710-04856-O12-IQ	U-4710-PR-0001-0005-1-06	STH-U-4710-0039
3/4"-HC-4710-04250-O12-IQ	U-4710-PR-0001-0005-1-04	STH-U-4710-0037
3/4"-HC-4710-04251-O12-IQ	U-4710-PR-0001-0005-1-04	STH-U-4710-0038
3/4"-HC-4710-04250-O12-IQ	U-4710-PR-0001-0005-1-04	STH-U-4710-0038
1.1/2"-HC-4710-04818-O12-IQ	U-4710-PR-0001-0005-1-03	STH-U-4710-0036
10"-HC-4710-00335-O12-IQ	U-4710-PR-0001-0005-1-03	STH-U-4710-0036
2"-HC-4710-00401-O12-IQ	U-4710-PR-0001-0005-1-03	STH-U-4710-0036
3"-HC-4710-04362-O12-IQ	U-4710-PR-0001-0005-1-03	STH-U-4710-0036
6"-HC-4710-00332-O12-IQ	U-4710-PR-0001-0005-1-03	STH-U-4710-0036
1.1/2"-HC-4710-00226-C13-IQ	U-4710-PR-0001-0005-1-02	STH-U-4710-0035
1.1/2"-HC-4710-00228-C13-IQ	U-4710-PR-0001-0005-1-02	STH-U-4710-0035
1.1/2"-HC-4710-04367-C13-IQ	U-4710-PR-0001-0005-1-02	STH-U-4710-0035
1.1/2"-HC-4710-04827-C13-IQ	U-4710-PR-0001-0005-1-02	STH-U-4710-0035
10"-HC-4710-00230-C13-IQ	U-4710-PR-0001-0005-1-02	STH-U-4710-0035
8"-HC-4710-00227-C13-IQ	U-4710-PR-0001-0005-1-02	STH-U-4710-0035
1"-HC-4710-04257-C13-NI	U-4710-PR-0001-0005-1-01	STH-U-4710-0034
1"-HC-4710-04271-C13-NI	U-4710-PR-0001-0005-1-01	STH-U-4710-0034
6"-HC-4710-00223-C13-NI	U-4710-PR-0001-0005-1-01	STH-U-4710-0034
8"-HC-4710-00222-C13-NI	U-4710-PR-0001-0005-1-01	STH-U-4710-0034
8"-HC-4710-05900-B7-NI	U-4710-PR-0001-0005-1-01	STH-U-4710-0034
2"-GI-4710-02501-Cb-NI	U-4710-PR-0001-0004-1-09	STH-U-4710-0033
3/4"-G14-4710-04530-Cb-AE	U-4710-PR-0001-0004-1-09	STH-U-4710-0033
8"-G14-4710-02516-Cb-AE	U-4710-PR-0001-0004-1-09	STH-U-4710-0033
12"-G14-4710-02515-C13-NI	U-4710-PR-0001-0004-1-06	STH-U-4710-0032
12"-G14-4710-02514-C13-AE	U-4710-PR-0001-0004-1-06	STH-U-4710-0032
2"-HC-4710-04801-Ca-PP	U-4710-PR-0001-0004-1-06	STH-U-4710-0032
8"-G14-4710-02512-C13-NI	U-4710-PR-0001-0004-1-06	STH-U-4710-0032
2"-HC-4710-02535-Ca-NI	U-4710-PR-0001-0004-1-05	STH-U-4710-0031
3"-GL-4710-10017-Ca-PP	U-4710-PR-0001-0004-1-04	STH-A-4710-0043
2"-GC-4710-02510-C13-NI	U-4710-PR-0001-0004-1-03	STH-U-4710-0030
12"-HC-4710-02530-C13-PP	U-4710-PR-0001-0004-1-02	STH-U-4710-0029
2"-HC-4710-10040-C13-NI	U-4710-PR-0001-0004-1-02	STH-U-4710-0029
2"-HC-4710-10041-C13-NI	U-4710-PR-0001-0004-1-02	STH-U-4710-0029
4"-HC-4710-00420-O12-IQ	U-4710-PR-0001-0004-1-01	STH-U-4710-0028
12"-HC-4710-00414-O12-IQ	U-4710-PR-0001-0004-1-01	STH-U-4710-0028
1"-DRAIN-4710-P301/B1-Ab-NI	U-4710-PR-0001-0003-1-02	STH-A-4710-0041
8"-HS-4710-10022-C13-NI	U-4710-PR-0001-0003-1-01	STH-A-4710-0040
8"-HS-4710-10023-C13-NI	U-4710-PR-0001-0003-1-01	STH-A-4710-0040
3/4"-DRAIN-4710-B300A/C5-Cb-NI	U-4710-PR-0001-0002-18	STH-A-4710-0039
3/4"-DRAIN-4710-B300B/C5-Cb-NI	U-4710-PR-0001-0002-18	STH-A-4710-0039
3/4"-DRAIN-4710-B300C/C5-Cb-NI	U-4710-PR-0001-0002-18	STH-A-4710-0039
2"-INST-4710-V340/G3-Cb-PP	U-4710-PR-0001-0002-1-26	STH-U-4710-0175
2"-INST-4710-V340/L5-Cb-PP	U-4710-PR-0001-0002-1-26	STH-U-4710-0175
2"-INST-4710-V340/L6-Cb-PP	U-4710-PR-0001-0002-1-26	STH-U-4710-0175
2"-INST-4710-V340/V2-Cb-PP	U-4710-PR-0001-0002-1-26	STH-U-4710-0175
4"-DRAIN-4710-V340/D-Cb-NI	U-4710-PR-0001-0002-1-26	STH-A-4710-0038
2"-DRAIN-4710-B300C/C6-Cb-NI	U-4710-PR-0001-0002-1-25	STH-A-4710-0037
3/4"-DRAIN-4710-B300C/C4-Cb-NI	U-4710-PR-0001-0002-1-25	STH-A-4710-0037
2"-DRAIN-4710-B300B/C6-Cb-NI	U-4710-PR-0001-0002-1-24	STH-A-4710-0036
3/4"-DRAIN-4710-B300B/C4-Cb-NI	U-4710-PR-0001-0002-1-24	STH-A-4710-0036
2"-DRAIN-4710-B300A/C6-Cb-NI	U-4710-PR-0001-0002-1-23	STH-A-4710-0035
3/4"-DRAIN-4710-B300A/C4-Cb-NI	U-4710-PR-0001-0002-1-23	STH-A-4710-0035
3"-GL-4710-10025-Ei-NI	U-4710-PR-0001-0002-1-22	STH-A-4710-0034
4"-GL-4710-10020-Ei-NI	U-4710-PR-0001-0002-1-22	STH-A-4710-0034
4"-GL-4710-10021-Ei-NI	U-4710-PR-0001-0002-1-22	STH-A-4710-0034
3"-GL-4710-10018-Cg-PP	U-4710-PR-0001-0002-1-21	STH-A-4710-0033
3"-AO-4710-10213-Cb-NI	U-4710-PR-0001-0002-1-17	STH-A-4710-0032
6"-GL-4710-10280-Cb-NI	U-4710-PR-0001-0002-1-16	STH-A-4710-0031
3"-GL-4710-10375-Cg-PP	U-4710-PR-0001-0002-1-15	STH-A-4710-0031
6"-GL-4710-10277-Ei-NI	U-4710-PR-0001-0002-1-14	STH-A-4710-0030
3/4"-GL-4710-10462-Cb-NI	U-4710-PR-0001-0002-1-13	STH-A-4710-0029
3/4"-GL-4710-10463-Cb-NI	U-4710-PR-0001-0002-1-13	STH-A-4710-0029
3/4"-GL-4710-10464-Cb-NI	U-4710-PR-0001-0002-1-13	STH-A-4710-0029
3/4"-GL-4710-10457-Cb-NI	U-4710-PR-0001-0002-1-12	STH-A-4710-0028
3/4"-GL-4710-10458-Cb-NI	U-4710-PR-0001-0002-1-12	STH-A-4710-0028
3/4"-GL-4710-10459-Cb-NI	U-4710-PR-0001-0002-1-12	STH-A-4710-0028
3/4"-GL-4710-10452-Cb-NI	U-4710-PR-0001-0002-1-11	STH-A-4710-0027
3/4"-GL-4710-10453-Cb-NI	U-4710-PR-0001-0002-1-11	STH-A-4710-0027
3/4"-GL-4710-10454-Cb-NI	U-4710-PR-0001-0002-1-11	STH-A-4710-0027
4"-GL-4710-10026-Cb-NI	U-4710-PR-0001-0002-1-10	STH-A-4710-0026
3"-GL-4710-10287-Cb-NI	U-4710-PR-0001-0002-1-09	STH-A-4710-0025
3"-GL-4710-10285-Cb-NI	U-4710-PR-0001-0002-1-09	STH-A-4710-0025
3"-GL-4710-10286-Cb-NI	U-4710-PR-0001-0002-1-09	STH-A-4710-0025
4"-GL-4710-10278-Ei-NI	U-4710-PR-0001-0002-1-08	STH-A-4710-0024
4"-GL-4710-10279-Ei-NI	U-4710-PR-0001-0002-1-07	STH-A-4710-0023
8"-GL-4710-10272-Ei-IQ	U-4710-PR-0001-0002-1-04	STH-A-4710-0022
8"-GL-4710-10268-Ei-IQ	U-4710-PR-0001-0002-1-03	STH-A-4710-0021
3/4"-GL-4710-10435-Cb-IQ	U-4710-PR-0001-0002-1-02	STH-A-4710-0020
10"-GL-4710-10486-Cb-IQ	U-4710-PR-0001-0002-1-02	STH-A-4710-0020
8"-GL-4710-10487-Cb-IQ	U-4710-PR-0001-0002-1-02	STH-A-4710-0020
8"-GL-4710-10503-Cb-IQ	U-4710-PR-0001-0002-1-02	STH-A-4710-0020
6"-GL-4710-10266-Cb-NI	U-4710-PR-0001-0002-1-01	STH-A-4710-0019
6"-GL-4710-10267-Cb-IQ	U-4710-PR-0001-0002-1-01	STH-A-4710-0019
8"-GL-4710-10269-Ei-IQ	U-4710-PR-0001-0002-1-01	STH-A-4710-0019
3/4"-G35-4710-04247-Ei-NI	U-4710-PR-0001-0001-1-01	STH-U-4710-0027
3/4"-G35-4710-05045-Ei-NI	U-4710-PR-0001-0001-1-01	STH-U-4710-0027
8"-G35-4710-00240-Ei-NI	U-4710-PR-0001-0001-1-01	STH-U-4710-0027
8"-G35-4710-00242-Ei-NI	U-4710-PR-0001-0001-1-01	STH-U-4710-0027
4"-G14-4710-10240-Cb-NI	U-4710-AX-2028-0002-1-01	STH-A-4710-0018
2"-G14-4710-10241-Cb-NI	U-4710-AX-2028-0001-1-03	STH-A-4710-0017
2"-G14-4710-10242-Cb-NI	U-4710-AX-2028-0001-1-03	STH-A-4710-0017
12"-G34-4710-10246-Ei-NI	U-4710-AX-2028-0001-1-02	STH-A-4710-0016
2"-G34-4710-10288-Ei-NI	U-4710-AX-2028-0001-1-02	STH-A-4710-0016
4"-G34-4710-10247-Ei-NI	U-4710-AX-2028-0001-1-02	STH-A-4710-0016
8"-G34-4710-10249-Ei-NI	U-4710-AX-2028-0001-1-02	STH-A-4710-0016
10"-G44-4710-10251-Ei-NI	U-4710-AX-2028-0001-1-01	STH-A-4710-0015
3/4"-HC-4710-10501-Ba-NI	U-4710-AX-2009-0002-1-02	STH-A-4710-0014
2"-OL-4710-10494-L1-NI	U-4710-AX-2009-0002-1-01	STH-A-4710-0013
3/4"-OL-4710-10495-L1-NI	U-4710-AX-2009-0002-1-01	STH-A-4710-0013
3/4"-OL-4710-10496-L1-NI	U-4710-AX-2009-0002-1-01	STH-A-4710-0013
3/4"-OL-4710-10497-L1-NI	U-4710-AX-2009-0002-1-01	STH-A-4710-0013
3/4"-OL-4710-10498-L1-NI	U-4710-AX-2009-0002-1-01	STH-A-4710-0013
3/4"-OL-4710-10499-L1-NI	U-4710-AX-2009-0002-1-01	STH-A-4710-0013
3/4"-OL-4710-10500-L1-NI	U-4710-AX-2009-0002-1-01	STH-A-4710-0013
3/4"-OL-4710-10104-L1-NI	U-4710-AX-2009-0001-1-02	STH-U-4710-0026
3/4"-OL-4710-10105-L1-NI	U-4710-AX-2009-0001-1-02	STH-U-4710-0026
3/4"-OL-4710-10106-L1-NI	U-4710-AX-2009-0001-1-02	STH-U-4710-0026
3/4"-OL-4710-10107-L1-NI	U-4710-AX-2009-0001-1-02	STH-U-4710-0026
2"-OL-4710-10103-L1-NI	U-4710-AX-2009-0001-1-02	STH-U-4710-0026
3/4"-HC-4710-10112-Ba-NI	U-4710-AX-2009-0001-1-01	STH-U-4710-0025
2"-PQ-4710-10525-L1-NI	U-4710-AX-2007-0005-1-03	STH-A-4710-0012
1.1/2"-PQ-4710-10413-L1-NI	U-4710-AX-2007-0005-1-02	STH-A-4710-0011
1.1/2"-PQ-4710-10331-L1-NI	U-4710-AX-2007-0005-1-01	STH-A-4710-0010
1.1/2"-PQ-4710-10332-L1-NI	U-4710-AX-2007-0005-1-01	STH-A-4710-0010
1"-AO-4710-10117-Ba-NI	U-4710-AX-2007-0004-1-04	STH-U-4710-0023
1.1/2"-PQ-4710-10028-O1-IQ	U-4710-AX-2007-0004-1-04	STH-U-4710-0023
1.1/2"-PQ-4710-02710-M2-NI	U-4710-AX-2007-0004-1-03	STH-U-4710-0022
1.1/2"-PQ-4710-02930-M2-NI	U-4710-AX-2007-0004-1-03	STH-U-4710-0022
3/4"-PQ-4710-04562-M2-NI	U-4710-AX-2007-0004-1-02	STH-U-4710-0021
1"-AO-4710-10118-Ba-NI	U-4710-AX-2007-0003-1-04	STH-U-4710-0020
1.1/2"-PQ-4710-01032-P1-IQ	U-4710-AX-2007-0003-1-04	STH-U-4710-0020
1.1/2"-PQ-4710-01030-O1-NI	U-4710-AX-2007-0003-1-03	STH-U-4710-0019
3/4"-PQ-4710-04704-O1-NI	U-4710-AX-2007-0003-1-03	STH-U-4710-0019
1.1/2"-PQ-4710-00550-Ca-NI	U-4710-AX-2007-0002-1-01	STH-U-4710-0018
1.1/2"-PQ-4710-03110-Ca-NI	U-4710-AX-2007-0002-1-01	STH-U-4710-0018
1.1/2"-PQ-4710-04888-Ca-NI	U-4710-AX-2007-0002-1-01	STH-U-4710-0018
3/4"-PQ-4710-04265-Ca-NI	U-4710-AX-2007-0002-1-01	STH-U-4710-0018
1.1/2"-DRAIN-4710-V011/D-Ba-NI	U-4710-AX-2007-0001-1-09	STH-U-4710-0017
2"-INST-4710-V011/G1-Ba-NI	U-4710-AX-2007-0001-1-09	STH-U-4710-0181
2"-INST-4710-V011/L1-Ba-NI	U-4710-AX-2007-0001-1-09	STH-U-4710-0181
2"-INST-4710-V011/L2-Ba-NI	U-4710-AX-2007-0001-1-09	STH-U-4710-0181
1.1/2"-PQ-4710-03108-Ba-NI	U-4710-AX-2007-0001-1-05	STH-U-4710-0016
1.1/2"-PQ-4710-03109-Ba-NI	U-4710-AX-2007-0001-1-05	STH-U-4710-0016
1.1/2"-PQ-4710-04263-Ca-NI	U-4710-AX-2007-0001-1-05	STH-U-4710-0016
1.1/2"-PQ-4710-03105-Ba-NI	U-4710-AX-2007-0001-1-04	STH-U-4710-0014
3/4"-PQ-4710-09122-Ba-NI	U-4710-AX-2007-0001-1-02	STH-U-4710-0013
4"-PQ-4710-04740-Ba-NI	U-4710-AX-2007-0001-1-02	STH-U-4710-0013
1.1/2"-PQ-4710-03101-Ba-NI	U-4710-AX-2007-0001-1-01	STH-U-4710-0012
1.1/2"-PQ-4710-03103-Ba-NI	U-4710-AX-2007-0001-1-01	STH-U-4710-0012
2"-INST-4710-V343/L1-C13-NI	U-4710-AX-2006-0004-1-04	STH-U-4710-0182
2"-INST-4710-V343/L2-C13-NI	U-4710-AX-2006-0004-1-04	STH-U-4710-0182
2"-INST-4710-V343/L3-C13-NI	U-4710-AX-2006-0004-1-04	STH-U-4710-0182
2"-INST-4710-V343/L4-C13-NI	U-4710-AX-2006-0004-1-04	STH-U-4710-0182
2"-AO-4710-10445-C13-NI	U-4710-AX-2006-0004-1-03	STH-A-4710-0008
12"-HD-4710-10295-C13-NI	U-4710-AX-2006-0004-1-02	STH-A-4710-0007
12"-HD-4710-10298-C13-NI	U-4710-AX-2006-0004-1-02	STH-A-4710-0007
18"-HD-4710-10294-C13-NI	U-4710-AX-2006-0004-1-02	STH-A-4710-0007
18"-HD-4710-10293-C13-NI	U-4710-AX-2006-0004-1-01	STH-A-4710-0006
18"-HD-4710-10308-C13-NI	U-4710-AX-2006-0004-1-01	STH-A-4710-0006
8"-HD-4710-10309-C13-NI	U-4710-AX-2006-0004-1-01	STH-A-4710-0006
8"-HD-4710-10576-C13-NI	U-4710-AX-2006-0004-1-01	STH-A-4710-0006
16"-HD-4710-10306-C13-NI	U-4710-AX-2006-0003-1-02	STH-A-4710-0005
16"-HD-4710-10307-C13-NI	U-4710-AX-2006-0003-1-02	STH-A-4710-0005
3"-HD-4710-10372-C13-IQ	U-4710-AX-2006-0003-1-01	STH-A-4710-0004
12"-HD-4710-10299-C13-IQ	U-4710-AX-2006-0003-1-01	STH-A-4710-0004
12"-HD-4710-10302-C13-IQ	U-4710-AX-2006-0003-1-01	STH-A-4710-0004
16"-HD-4710-10304-C13-IQ	U-4710-AX-2006-0003-1-01	STH-A-4710-0004
2"-HD-4710-10311-C13-IQ	U-4710-AX-2006-0003-1-01	STH-A-4710-0004
6"-HD-4710-10297-C13-IQ	U-4710-AX-2006-0003-1-01	STH-A-4710-0004
6"-HD-4710-10300-C13-IQ	U-4710-AX-2006-0003-1-01	STH-A-4710-0004
6"-HD-4710-10303-C13-IQ	U-4710-AX-2006-0003-1-01	STH-A-4710-0004
3/4"-DRAIN-4710-FT301/N3-C13-NI	U-4710-AX-2006-0002-1-05	STH-A-4710-0003
3/4"-DRAIN-4710-FT301/N5-C13-NI	U-4710-AX-2006-0002-1-05	STH-A-4710-0003
3/4"-VENT-4710-FT301/N4-C13-NI	U-4710-AX-2006-0002-1-05	STH-A-4710-0003
1.1/2"-HD-4710-10056-C13-NI	U-4710-AX-2006-0002-1-01	STH-U-4710-0011
12"-HD-4710-01422-C13-NI	U-4710-AX-2006-0002-1-01	STH-U-4710-0011
12"-HD-4710-01424-C13-NI	U-4710-AX-2006-0002-1-01	STH-U-4710-0011
12"-HD-4710-10055-C13-NI	U-4710-AX-2006-0002-1-01	STH-U-4710-0011
3/4"-HD-4710-04664-C13-NI	U-4710-AX-2006-0002-1-01	STH-U-4710-0011
4"-HC-4710-04893-C13-AE	U-4710-AX-2006-0002-1-01	STH-U-4710-0011
1.1/2"-AO-4710-10142-C13-PP	U-4710-AX-2006-0001-1-08	STH-A-4710-0002
2"-HD-4710-05015-C13-IQ	U-4710-AX-2006-0001-1-07	STH-U-4710-0010
1"-HD-4710-04661-C13-PP	U-4710-AX-2006-0001-1-05	STH-U-4710-0009
2"-HD-4710-03003-C13-PP	U-4710-AX-2006-0001-1-03	STH-U-4710-0008
3"-HD-4710-03005-C13-IQ	U-4710-AX-2006-0001-1-03	STH-U-4710-0008
3"-HD-4710-03001-E16-IQ	U-4710-AX-2006-0001-1-02	STH-U-4710-0007
1.1/2"-HD-4710-02460-C13-IQ	U-4710-AX-2006-0001-1-01	STH-U-4710-0006
1.1/2"-HD-4710-02462-C13-IQ	U-4710-AX-2006-0001-1-01	STH-U-4710-0006
1.1/2"-HD-4710-02463-C13-PP	U-4710-AX-2006-0001-1-01	STH-U-4710-0006
2"-HD-4710-00560-C13-IQ	U-4710-AX-2006-0001-1-01	STH-U-4710-0006
3"-HD-4710-00250-C13-IQ	U-4710-AX-2006-0001-1-01	STH-U-4710-0006
3"-HD-4710-00251-C13-IQ	U-4710-AX-2006-0001-1-01	STH-U-4710-0006
3"-HD-4710-10024-C13-IQ	U-4710-AX-2006-0001-1-01	STH-U-4710-0006
3/4"-HD-4710-04246-C13-IQ	U-4710-AX-2006-0001-1-01	STH-U-4710-0006
3/4"-HD-4710-05046-C13-IQ	U-4710-AX-2006-0001-1-01	STH-U-4710-0006
3"-HD-4710-05018-C13-IQ	U-4710-AX-2006-0001-1-01	STH-U-4710-0006
12"-GC-4710-02203-Bb-NI	U-4710-AX-2005-0001-1-01	STH-U-4710-0005
12"-GC-4710-02517-Bb-NI	U-4710-AX-2005-0001-1-01	STH-U-4710-0005
1"-GC-4710-04159-Bb-NI	U-4710-AX-2005-0001-1-01	STH-U-4710-0005
12"-GC-4710-02201-Bb-NI	U-4710-AX-2005-0001-1-01	STH-U-4710-0005
12"-GC-4710-04153-Bb-NI	U-4710-AX-2005-0001-1-01	STH-U-4710-0005
2"-GC-4710-02520-Bb-NI	U-4710-AX-2005-0001-1-01	STH-U-4710-0005
2"-GC-4710-09079-Bb-NI	U-4710-AX-2005-0001-1-01	STH-U-4710-0005
3/4"-GC-4710-04713-Bb-NI	U-4710-AX-2005-0001-1-01	STH-U-4710-0005
3"-HC-4710-05921-B7-NI	U-4710-AX-2002-0003-1-01	STH-U-4710-0004
3"-HC-4710-05922-B7-NI	U-4710-AX-2002-0003-1-01	STH-U-4710-0004
3"-HC-4710-05923-B7-NI	U-4710-AX-2002-0003-1-01	STH-U-4710-0004
3"-HC-4710-05924-B7-NI	U-4710-AX-2002-0003-1-01	STH-U-4710-0004
3"-HC-4710-05925-B7-NI	U-4710-AX-2002-0003-1-01	STH-U-4710-0004
3"-HC-4710-05926-B7-NI	U-4710-AX-2002-0003-1-01	STH-U-4710-0004
1"-HC-4710-10548-Ba-NI	U-4710-AX-2002-0002-1-01	STH-A-4710-0001
1"-HC-4710-10549-Ba-NI	U-4710-AX-2002-0002-1-01	STH-A-4710-0001
1"-HC-4710-10556-Ba-NI	U-4710-AX-2002-0002-1-01	STH-A-4710-0001
1"-HC-4710-10557-Ba-NI	U-4710-AX-2002-0002-1-01	STH-A-4710-0001
1"-HC-4710-10558-Ba-NI	U-4710-AX-2002-0002-1-01	STH-A-4710-0001
12"-HC-4710-10346-Ba-NI	U-4710-AX-2002-0002-1-01	STH-A-4710-0001
12"-HC-4710-10347-Ba-NI	U-4710-AX-2002-0002-1-01	STH-A-4710-0001
12"-HC-4710-10348-Ba-NI	U-4710-AX-2002-0002-1-01	STH-A-4710-0001
2"-GC-4710-10339-Ba-NI	U-4710-AX-2002-0002-1-01	STH-A-4710-0001
2"-GC-4710-10340-Ba-NI	U-4710-AX-2002-0002-1-01	STH-A-4710-0001
2"-HC-4710-10349-Ba-NI	U-4710-AX-2002-0002-1-01	STH-A-4710-0001
3"-HC-4710-10361-Ba-NI	U-4710-AX-2002-0002-1-01	STH-A-4710-0001
3/4"-GL-4710-10455-Ba-NI	U-4710-AX-2002-0002-1-01	STH-A-4710-0001
3/4"-GL-4710-10456-Ba-NI	U-4710-AX-2002-0002-1-01	STH-A-4710-0001
3/4"-GL-4710-10460-Ba-NI	U-4710-AX-2002-0002-1-01	STH-A-4710-0001
3/4"-GL-4710-10461-Ba-NI	U-4710-AX-2002-0002-1-01	STH-A-4710-0001
3/4"-GL-4710-10465-Ba-NI	U-4710-AX-2002-0002-1-01	STH-A-4710-0001
3/4"-GL-4710-10466-Ba-NI	U-4710-AX-2002-0002-1-01	STH-A-4710-0001
3/4"-GL-4710-10504-Ba-NI	U-4710-AX-2002-0002-1-01	STH-A-4710-0001
3/4"-GL-4710-10505-Ba-NI	U-4710-AX-2002-0002-1-01	STH-A-4710-0001
3/4"-GL-4710-10506-Ba-NI	U-4710-AX-2002-0002-1-01	STH-A-4710-0001
3/4"-GL-4710-10507-Ba-NI	U-4710-AX-2002-0002-1-01	STH-A-4710-0001
3/4"-GL-4710-10508-Ba-NI	U-4710-AX-2002-0002-1-01	STH-A-4710-0001
3/4"-GL-4710-10509-Ba-NI	U-4710-AX-2002-0002-1-01	STH-A-4710-0001
3/4"-HC-4710-10342-Ba-NI	U-4710-AX-2002-0002-1-01	STH-A-4710-0001
3/4"-HC-4710-10344-Ba-NI	U-4710-AX-2002-0002-1-01	STH-A-4710-0001
3/4"-HC-4710-10436-Ba-NI	U-4710-AX-2002-0002-1-01	STH-A-4710-0001
3/4"-HC-4710-10444-Ba-NI	U-4710-AX-2002-0002-1-01	STH-A-4710-0001
3/4"-HC-4710-10447-Ba-NI	U-4710-AX-2002-0002-1-01	STH-A-4710-0001
3/4"-HC-4710-10571-Ba-NI	U-4710-AX-2002-0002-1-01	STH-A-4710-0001
3/4"-HC-4710-10572-Ba-NI	U-4710-AX-2002-0002-1-01	STH-A-4710-0001
3/4"-HC-4710-10573-Ba-NI	U-4710-AX-2002-0002-1-01	STH-A-4710-0001
3/4"-HC-4710-10575-Ba-NI	U-4710-AX-2002-0002-1-01	STH-A-4710-0001
30"-HC-4710-10408-Ba-NI	U-4710-AX-2002-0002-1-01	STH-A-4710-0001
8"-GL-4710-10338-Ba-NI	U-4710-AX-2002-0002-1-01	STH-A-4710-0001
10"-HC-4710-10345-Ba-NI	U-4710-AX-2002-0002-1-01	STH-A-4710-0001
10"-HC-4710-10577-Ba-NI	U-4710-AX-2002-0002-1-01	STH-A-4710-0001
12"-HC-4710-10341-Ba-NI	U-4710-AX-2002-0002-1-01	STH-A-4710-0001
3"-HC-4710-10359-Ba-NI	U-4710-AX-2002-0002-1-01	STH-A-4710-0001
3"-HC-4710-10360-Ba-NI	U-4710-AX-2002-0002-1-01	STH-A-4710-0001
6"-HC-4710-10409-Ba-NI	U-4710-AX-2002-0002-1-01	STH-A-4710-0001
2"-INST-4710-V008/G1-Bb-NI	U-4710-AX-2002-0001-1-03	STH-U-4710-0183
2"-INST-4710-V008/L5-Bb-NI	U-4710-AX-2002-0001-1-03	STH-U-4710-0183
2"-INST-4710-V008/L6-Bb-NI	U-4710-AX-2002-0001-1-03	STH-U-4710-0183
1.1/2"-AO-4710-02220-Bc-NI	U-4710-AX-2002-0001-1-02	STH-U-4710-0002
1.1/2"-AO-4710-02221-Bc-NI	U-4710-AX-2002-0001-1-02	STH-U-4710-0002
10"-HC-4710-04209-Ba-NI	U-4710-AX-2002-0001-1-01	STH-U-4710-0001
14"-HC-4710-04216-Ba-NI	U-4710-AX-2002-0001-1-01	STH-U-4710-0001
1.1/2"-GI-4710-04890-Ba-NI	U-4710-AX-2002-0001-1-01	STH-U-4710-0001
1.1/2"-HC-4710-04227-Ba-NI	U-4710-AX-2002-0001-1-01	STH-U-4710-0001
1.1/2"-HC-4710-04228-Ba-NI	U-4710-AX-2002-0001-1-01	STH-U-4710-0001
1.1/2"-HC-4710-04630-Ba-NI	U-4710-AX-2002-0001-1-01	STH-U-4710-0001
1.1/2"-HC-4710-05020-Ba-NI	U-4710-AX-2002-0001-1-01	STH-U-4710-0001
1.1/2"-HC-4710-05024-Ba-NI	U-4710-AX-2002-0001-1-01	STH-U-4710-0001
18"-HC-4710-04212-Ba-NI	U-4710-AX-2002-0001-1-01	STH-U-4710-0001
2"-HC-4710-04210-Ba-NI	U-4710-AX-2002-0001-1-01	STH-U-4710-0001
2"-HC-4710-04211-Ba-NI	U-4710-AX-2002-0001-1-01	STH-U-4710-0001
2"-HC-4710-04229-Ba-NI	U-4710-AX-2002-0001-1-01	STH-U-4710-0001
2"-HC-4710-04230-Ba-NI	U-4710-AX-2002-0001-1-01	STH-U-4710-0001
2"-HC-4710-04259-Ba-NI	U-4710-AX-2002-0001-1-01	STH-U-4710-0001
2"-HC-4710-04440-Ba-NI	U-4710-AX-2002-0001-1-01	STH-U-4710-0001
2"-HC-4710-05016-Ba-NI	U-4710-AX-2002-0001-1-01	STH-U-4710-0001
2"-HD-4710-10057-Ba-NI	U-4710-AX-2002-0001-1-01	STH-U-4710-0001
3"-HC-4710-04214-Ba-NI	U-4710-AX-2002-0001-1-01	STH-U-4710-0001
3"-HC-4710-04218-Ba-NI	U-4710-AX-2002-0001-1-01	STH-U-4710-0001
3"-HC-4710-04220-Ba-NI	U-4710-AX-2002-0001-1-01	STH-U-4710-0001
3"-HC-4710-04222-Ba-NI	U-4710-AX-2002-0001-1-01	STH-U-4710-0001
3"-HC-4710-04662-Ba-NI	U-4710-AX-2002-0001-1-01	STH-U-4710-0001
3"-HC-4710-07599-Ba-NI	U-4710-AX-2002-0001-1-01	STH-U-4710-0001
3"-HC-4710-12988-Ba-NI	U-4710-AX-2002-0001-1-01	STH-U-4710-0001
3/4"-HC-4710-04644-Ba-NI	U-4710-AX-2002-0001-1-01	STH-U-4710-0001
3/4"-HC-4710-04667-Ba-NI	U-4710-AX-2002-0001-1-01	STH-U-4710-0001
3/4"-HC-4710-04668-Ba-NI	U-4710-AX-2002-0001-1-01	STH-U-4710-0001
3/4"-HC-4710-04669-Ba-NI	U-4710-AX-2002-0001-1-01	STH-U-4710-0001
3/4"-HC-4710-04710-Ba-NI	U-4710-AX-2002-0001-1-01	STH-U-4710-0001
3/4"-HC-4710-04711-Ba-NI	U-4710-AX-2002-0001-1-01	STH-U-4710-0001
3/4"-HC-4710-04712-Ba-NI	U-4710-AX-2002-0001-1-01	STH-U-4710-0001
3/4"-HC-4710-04715-Ba-NI	U-4710-AX-2002-0001-1-01	STH-U-4710-0001
3/4"-HC-4710-04716-Ba-NI	U-4710-AX-2002-0001-1-01	STH-U-4710-0001
3/4"-HC-4710-04717-Ba-NI	U-4710-AX-2002-0001-1-01	STH-U-4710-0001
3/4"-HC-4710-04736-Ba-NI	U-4710-AX-2002-0001-1-01	STH-U-4710-0001
3/4"-HC-4710-04767-Ba-NI	U-4710-AX-2002-0001-1-01	STH-U-4710-0001
3/4"-HC-4710-04768-Ba-NI	U-4710-AX-2002-0001-1-01	STH-U-4710-0001
3/4"-HC-4710-05035-Ba-NI	U-4710-AX-2002-0001-1-01	STH-U-4710-0001
3/4"-HC-4710-05037-Ba-NI	U-4710-AX-2002-0001-1-01	STH-U-4710-0001
3/4"-HC-4710-05038-Ba-NI	U-4710-AX-2002-0001-1-01	STH-U-4710-0001
3/4"-HC-4710-10045-Ba-NI	U-4710-AX-2002-0001-1-01	STH-U-4710-0001
3/4"-HC-4710-10164-Ba-NI	U-4710-AX-2002-0001-1-01	STH-U-4710-0001
30"-HC-4710-04203-Ba-NI	U-4710-AX-2002-0001-1-01	STH-U-4710-0001
30"-HC-4710-04815-Ba-NI	U-4710-AX-2002-0001-1-01	STH-U-4710-0001
4"-HC-4710-04213-Ba-NI	U-4710-AX-2002-0001-1-01	STH-U-4710-0001
8"-HC-4710-04217-Ba-NI	U-4710-AX-2002-0001-1-01	STH-U-4710-0001
8"-HC-4710-04225-Ba-NI	U-4710-AX-2002-0001-1-01	STH-U-4710-0001
8"-HC-4710-04366-Ba-NI	U-4710-AX-2002-0001-1-01	STH-U-4710-0001
14"-HC-4710-07001-Ba-NI	U-4710-AX-2002-0001-1-01	STH-U-4710-0001
14"-HC-4710-12963-Ba-NI	U-4710-AX-2002-0001-1-01	STH-U-4710-0001
14"-HC-4710-12964-Ba-NI	U-4710-AX-2002-0001-1-01	STH-U-4710-0001
12"-HC-4710-04206-Ba-NI	U-4710-AX-2002-0001-1-01	STH-U-4710-0001
16"-HC-4710-04814-Ba-NI	U-4710-AX-2002-0001-1-01	STH-U-4710-0001
16"-HC-4710-10059-Ba-NI	U-4710-AX-2002-0001-1-01	STH-U-4710-0001
16"-HC-4710-10116-Ba-NI	U-4710-AX-2002-0001-1-01	STH-U-4710-0001
24"-HC-4710-04813-Ba-NI	U-4710-AX-2002-0001-1-01	STH-U-4710-0001
8"-HC-4710-04204-Ba-NI	U-4710-AX-2002-0001-1-01	STH-U-4710-0001
20"-HC-4710-04224-Ba-NI	U-4710-AX-2002-0001-1-01	STH-U-4710-0001
20"-HC-4710-04724-Ba-NI	U-4710-AX-2002-0001-1-01	STH-U-4710-0001
20"-HC-4710-04800-Ba-NI	U-4710-AX-2002-0001-1-01	STH-U-4710-0001
4"-AF-4710-10742-Bh-NI	 	STH-U-4710-0218
3"-V63-4710-02472-Ec-IQ	 	STH-U-4710-0087
4"-VENT-CCC-4710.001-AA-NI	 	STH-U-4710-0184
4"-VENT-CCC-4710.002-AA-NI	 	STH-U-4710-0185
4"-VENT-CCC-4710.003-AA-NI	 	STH-U-4710-0186
4"-VENT-CCC-4710.004-AA-NI	 	STH-U-4710-0186
4"-VENT-CCC-4710.005-AA-NI	 	STH-U-4710-0186
4"-VENT-CCC-4710.009-AA-NI	 	STH-U-4710-0187
4"-VENT-CPC-4710.001-AA-NI	 	STH-U-4710-0187
4"-VENT-CPC-4710.002-AA-NI	 	STH-U-4710-0188
4"-VENT-CPC-4710.003-AA-NI	 	STH-U-4710-0188
4"-VENT-CPO-4710.001-AA-NI	 	STH-U-4710-0189
4"-VENT-CPO-4710.002-AA-NI	 	STH-U-4710-0190
4"-VENT-CPO-4710.003-AA-NI	 	STH-U-4710-0190
4"-VENT-CPO-4710.004-AA-NI	 	STH-U-4710-0190
4"-VENT-CPO-4710.005-AA-NI	 	STH-U-4710-0190
4"-VENT-CPO-4710.006-AA-NI	 	STH-U-4710-0191
4"-VENT-CPO-4710.006-AA-NI	 	STH-U-4710-0192
4"-VENT-CPO-4710.007-AA-NI	 	STH-U-4710-0192
4"-VENT-CPO-4710.008-AA-NI	 	STH-U-4710-0192
4"-VENT-CPO-4710.009-AA-NI	 	STH-U-4710-0192
4"-VENT-CPO-4710.009-AA-NI	 	STH-U-4710-0193
4"-VENT-CPO-4710.010-AA-NI	 	STH-U-4710-0193
4"-VENT-CPO-4710.011-AA-NI	 	STH-U-4710-0193
3/4"-C63-4710-10158-Pa-PP	 	STH-U-4710-0219
6"-V63-4710-00280-Ec-IQ	 	STH-U-4710-0087
1"-AI-4710-07639-Ac-NI	 	STH-U-4710-0217
1"-AI-4710-07672-Ac-NI	 	STH-U-4710-0217
1"-AI-4710-07673-Ac-NI	 	STH-U-4710-0223
1"-AI-4710-07674-Ac-NI	 	STH-U-4710-0223
1"-AI-4710-07675-Ac-NI	 	STH-U-4710-0223
1"-AI-4710-07676-Ac-NI	 	STH-U-4710-0223
1"-AI-4710-07677-Ac-NI	 	STH-U-4710-0217
1"-AI-4710-07681-Ac-NI	 	STH-U-4710-0217
1"-AI-4710-07682-Ac-NI	 	STH-U-4710-0217
1"-AI-4710-07683-Ac-NI	 	STH-U-4710-0217
1"-AI-4710-07685-Ac-NI	 	STH-U-4710-0217
1"-AI-4710-14010-Ac-NI	 	STH-U-4710-0223
1"-AI-4710-14015-Ac-NI	 	STH-U-4710-0217
1"-AO-4710-14026-Ba-NI	 	STH-U-4710-0224
1"-AO-4710-14027-Ba-NI	 	STH-U-4710-0225
1"-AR-4710-07616-Ab-NI	 	STH-U-4710-0226
1"-AR-4710-07617-Ab-NI	 	STH-U-4710-0227
1"-AR-4710-07618-Ab-NI	 	STH-U-4710-0226
1"-AR-4710-07619-Ab-NI	 	STH-U-4710-0227
1"-AR-4710-12974-Ba-NI	 	STH-U-4710-0228
1"-AS-4710-07755-Aa-NI	 	STH-U-4710-0229
1"-AS-4710-07756-Aa-NI	 	STH-U-4710-0229
1"-AS-4710-07757-Aa-NI	 	STH-U-4710-0229
1"-AS-4710-07758-Aa-NI	 	STH-U-4710-0229
1"-C4-4710-07509-Bf-PP	 	STH-U-4710-0096
1"-C4-4710-07567-Bf-PP	 	STH-U-4710-0230
1"-C4-4710-07568-Bf-PP	 	STH-U-4710-0231
1"-C4-4710-07570-Bf-PP	 	STH-U-4710-0232
1"-C4-4710-07571-Bf-PP	 	STH-U-4710-0233
1"-C4-4710-07572-Bf-PP	 	STH-U-4710-0234
1"-C4-4710-07573-Bf-PP	 	STH-U-4710-0235
1"-C4-4710-07713-Bf-PP	 	STH-U-4710-0236
1"-C4-4710-07714-Bf-PP	 	STH-U-4710-0237
1"-C4-4710-12994-Bf-PP	 	STH-U-4710-0238
1"-C4-4710-12995-Bf-PP	 	STH-U-4710-0238
1"-V4-4710-07525-Bf-IQ	 	STH-U-4710-0096
1"-V4-4710-14023-Bf-IQ	 	STH-U-4710-0096
1.1/2"-AI-4710-07671-Ac-NI	 	STH-U-4710-0223
1.1/2"-AI-4710-14009-Ac-NI	 	STH-U-4710-0223
1.1/2"-AR-4710-01060-Ab-NI	 	STH-U-4710-0227
1.1/2"-AR-4710-01061-Ab-NI	 	STH-U-4710-0226
1.1/2"-AR-4710-12989-Ba-NI	 	STH-U-4710-0228
1.1/2"-AR-4710-12990-Ba-NI	 	STH-U-4710-0228
1.1/2"-AR-4710-14024-Ab-NI	 	STH-U-4710-0239
1.1/2"-AR-4710-14025-Ab-NI	 	STH-U-4710-0240
1.1/2"-AS-4710-07753-Aa-NI	 	STH-U-4710-0229
1.1/2"-C4-4710-07506-Bf-PP	 	STH-U-4710-0096
1.1/2"-GC-4710-02311-Bb-NI	 	STH-U-4710-0241
1.1/2"-GC-4710-02312-Bb-NI	 	STH-U-4710-0064
1.1/2"-GI-4710-00950-Ba-NI	 	STH-U-4710-0242
1.1/2"-PQ-4710-03106-Ca-NI	 	STH-U-4710-0243
1.1/2"-V1-4710-14028-Ba-PP	 	STH-U-4710-0243
1.1/2"-V1-4710-14029-Ba-PP	 	STH-U-4710-0243
1.1/2"-V4-4710-14022-BF-IQ	 	STH-U-4710-0096
1/2"-AI-4710-07490-Ac-NI	 	STH-U-4710-0217
1/2"-AI-4710-07670-Ac-NI	 	STH-U-4710-0217
1/2"-AI-4710-07679-Ac-NI	 	STH-U-4710-0217
1/2"-AI-4710-07684-Ac-NI	 	STH-U-4710-0223
1/2"-AI-4710-14016-Ac-NI	 	STH-U-4710-0217
1/2"-C43-4710-10167-Ec-PP	 	STH-U-4710-0082
1/2"-C43-4710-10168-Ec-PP	 	STH-U-4710-0085
1/2"-C63-4710-10153-Ec-PP	 	STH-U-4710-0244
1/2"-C63-4710-10154-Pa-PP	 	STH-U-4710-0245
1/2"-C63-4710-10155-Pa-PP	 	STH-U-4710-0246
1/2"-C63-4710-10156-Pa-PP	 	STH-U-4710-0247
1/2"-C63-4710-10169-Ec-PP	 	STH-U-4710-0248
1/2"-C63-4710-10170-Ec-PP	 	STH-U-4710-0249
12"-GC-4710-02205-Bb-AE	 	STH-U-4710-0064
3"-HS-4710-10319-C13-NI	 	STH-A-4710-0040
3"-HS-4710-10322-C13-NI	 	STH-A-4710-0040
16"-V4-4710-14001-Bf-IQ	 	STH-U-4710-0096
3"-HS-4710-10326-C13-NI	 	STH-A-4710-0040
16"-V63-4710-00810-Ec-IQ	 	STH-U-4710-0252
4"-GL-4710-10284-Cb-NI	 	STH-A-4710-0072
4"-HS-4710-10318-C13-NI	 	STH-A-4710-0040
4"-HS-4710-10324-C13-NI	 	STH-A-4710-0040
4"-VENT-CCC-4710.006-AA-NI	 	STH-U-4710-0263
18"-GC-4710-02313-Bb-NI	 	STH-U-4710-0064
4"-VENT-CCC-4710.007-AA-NI	 	STH-U-4710-0264
2"-AR-4710-07624-Ab-NI	 	STH-U-4710-0226
2"-AR-4710-07625-Ab-NI	 	STH-U-4710-0226
2"-AR-4710-07626-Ab-NI	 	STH-U-4710-0227
2"-AR-4710-07627-Ab-NI	 	STH-U-4710-0227
2"-AV-4710-12999-Fb-IQ	 	STH-U-4710-0256
2"-AV-4710-13000-Fb-IQ	 	STH-U-4710-0256
2"-C4-4710-12996-Bf-PP	 	STH-U-4710-0257
2"-C4-4710-12997-Bf-PP	 	STH-U-4710-0257
2"-C4-4710-12998-Bf-PP	 	STH-U-4710-0257
2"-INST-4710-V004/G1-BF-PP	 	STH-U-4710-0265
4"-VENT-CCC-4710.007-AA-NI	 	STH-U-4710-0265
4"-VENT-CCC-4710.008-AA-NI	 	STH-U-4710-0266
2"-OL-4710-14030-L1-NI	 	STH-U-4710-0258
2"-OL-4710-14031-L1-NI	 	STH-U-4710-0259
2"-V1-4710-14020-Bf-PP	 	STH-U-4710-0260
2"-V1-4710-14021-Bf-PP	 	STH-U-4710-0261
2"-V43-4710-12304-Ef-IQ	 	STH-U-4710-0255
2"-V43-4710-12305-Ef-IQ	 	STH-U-4710-0255
2"-V4-4710-14011-Ec-IQ	 	STH-U-4710-0096
2"-V4-4710-14012-Ec-IQ	 	STH-U-4710-0096
4"-VENT-CCC-4710.015-AA-NI	 	STH-U-4710-0267
4"-VENT-CCC-4710.016-AA-NI	 	STH-U-4710-0268
24"-HC-4710-12967-M1-IQ	 	STH-U-4710-0253
4"-VENT-CCC-4710.017-AA-NI	 	STH-U-4710-0269
4"-VENT-CCC-4710.301-AA-NI	 	STH-U-4710-0270
4"-VENT-CPC-4710.004-AA-NI	 	STH-U-4710-0271
3"-AR-4710-07612-Ab-NI	 	STH-U-4710-0226
4"-VENT-CPC-4710.301-AA-NI	 	STH-U-4710-0272
4"-VENT-CPC-4710.303-AA-NI	 	STH-U-4710-0273
3"-AR-4710-07613-Ab-NI	 	STH-U-4710-0227
4"-VENT-CPO-4710.021-AA-NI	 	STH-U-4710-0274
4"-VENT-CPO-4710.022-AA-NI	 	STH-U-4710-0275
3"-AR-4710-07614-Ab-NI	 	STH-U-4710-0226
4"-VENT-CPO-4710.024-AA-NI	 	STH-U-4710-0276
4"-VENT-CPO-4710.029-AA-NI	 	STH-U-4710-0277
3"-AR-4710-07615-Ab-NI	 	STH-U-4710-0227
4"-VENT-CPO-4710.301-AA-NI	 	STH-U-4710-0278
4"-VENT-CPO-4710.303A-AA-NI	 	STH-U-4710-0279
4"-VENT-CPO-4710.303-AA-NI	 	STH-U-4710-0280
4"-VENT-CPO-4710.305-AA-NI	 	STH-U-4710-0281
8"-HS-4710-10321-C13-NI	 	STH-A-4710-0040
8"-HS-4710-10323-C13-NI	 	STH-A-4710-0040
8"-V43-4710-02821-Ec-IQ	 	STH-U-4710-0085
3/4"-AR-4710-01062-Ba-NI	 	STH-U-4710-0228
3/4"-AR-4710-07630-Ab-NI	 	STH-U-4710-0227
3/4"-AR-4710-07631-Ab-NI	 	STH-U-4710-0226
3/4"-AS-4710-07731-Aa-NI	 	STH-U-4710-0101
3/4"-AS-4710-07732-Aa-NI	 	STH-U-4710-0101
3/4"-AS-4710-07733-Aa-NI	 	STH-U-4710-0101
3/4"-AS-4710-07734-Aa-NI	 	STH-U-4710-0101
3/4"-AS-4710-07735-Aa-NI	 	STH-U-4710-0101
3/4"-AS-4710-07736-Aa-NI	 	STH-U-4710-0101
3/4"-AS-4710-07737-Aa-NI	 	STH-U-4710-0229
3/4"-AS-4710-07738-Aa-NI	 	STH-U-4710-0229
3/4"-AS-4710-07739-Aa-NI	 	STH-U-4710-0229
3/4"-AS-4710-07740-Aa-NI	 	STH-U-4710-0229
3/4"-AS-4710-07741-Aa-NI	 	STH-U-4710-0229
3/4"-AS-4710-07742-Aa-NI	 	STH-U-4710-0229
3/4"-AS-4710-07743-Aa-NI	 	STH-U-4710-0229
3/4"-AS-4710-07744-Aa-NI	 	STH-U-4710-0229
3/4"-AS-4710-07745-Aa-NI	 	STH-U-4710-0229
3/4"-AS-4710-07746-Aa-NI	 	STH-U-4710-0229
3/4"-AS-4710-07747-Aa-NI	 	STH-U-4710-0229
3/4"-AS-4710-07748-Aa-NI	 	STH-U-4710-0229
3/4"-AS-4710-07749-Aa-NI	 	STH-U-4710-0229
3/4"-AS-4710-07750-Aa-NI	 	STH-U-4710-0229
3/4"-AS-4710-07751-Aa-NI	 	STH-U-4710-0229
3/4"-AS-4710-07752-Aa-NI	 	STH-U-4710-0229
3/4"-AS-4710-07759-Aa-NI	 	STH-U-4710-0229
3/4"-C43-4710-10148-Ef-PP	 	STH-U-4710-0082
3/4"-C43-4710-10149-Ef-PP	 	STH-U-4710-0082
3/4"-C4-4710-07707-Bf-PP	 	STH-U-4710-0096
3/4"-C4-4710-07708-Bf-PP	 	STH-U-4710-0096
3/4"-C4-4710-07709-Bf-PP	 	STH-U-4710-0096
3/4"-C4-4710-07710-Bf-PP	 	STH-U-4710-0096
3/4"-C4-4710-07711-Bf-PP	 	STH-U-4710-0096
3/4"-C4-4710-07712-Bf-PP	 	STH-U-4710-0096
3/4"-C4-4710-14017-Bf-PP	 	STH-U-4710-0096
3/4"-C4-4710-14018-Bf-PP	 	STH-U-4710-0096
3/4"-C4-4710-14019-Bf-PP	 	STH-U-4710-0096
3/4"-C63-4710-10157-PA-PP	 	STH-U-4710-0250
3/4"-C63-4710-10158-Pa-PP	 	STH-U-4710-0251
3/4"-C63-4710-10159-PA-PP	 	STH-U-4710-0251
3/4"-C63-4710-10171-EC-PP	 	STH-U-4710-0087
3/4"-DRAIN-4710-AM819/N5-Ba-NI	 	STH-U-4710-0220
3/4"-GI-4710-12930-Ba-NI	 	STH-U-4710-0242
3/4"-GI-4710-12931-Ba-NI	 	STH-U-4710-0242
3/4"-GI-4710-12932-Ba-NI	 	STH-U-4710-0242
3/4"-GI-4710-12933-Ba-NI	 	STH-U-4710-0242
3/4"-GI-4710-12934-Ba-NI	 	STH-U-4710-0242
3/4"-GI-4710-12935-Ba-NI	 	STH-U-4710-0242
3/4"-GI-4710-12936-Ba-NI	 	STH-U-4710-0242
3/4"-GI-4710-12937-Ba-NI	 	STH-U-4710-0242
3/4"-GI-4710-12938-Ba-NI	 	STH-U-4710-0242
3/4"-GI-4710-12939-Ba-NI	 	STH-U-4710-0242
3/4"-GI-4710-12940-Ba-NI	 	STH-U-4710-0242
3/4"-GI-4710-12941-Ba-NI	 	STH-U-4710-0242
3/4"-GI-4710-12942-Ba-NI	 	STH-U-4710-0242
3/4"-GI-4710-12943-Ba-NI	 	STH-U-4710-0242
3/4"-GI-4710-12944-Ba-NI	 	STH-U-4710-0242
3/4"-GI-4710-12945-Ba-NI	 	STH-U-4710-0242
3/4"-GI-4710-14034-Bb-NI	 	STH-U-4710-0207
3/4"-V4-4710-10165-Bf-IQ	 	STH-U-4710-0096
3/4"-V63-4710-12965-Ec-PP	 	STH-U-4710-0252
4"-AR-4710-07610-Ab-NI	 	STH-U-4710-0226
4"-AR-4710-07611-Ab-NI	 	STH-U-4710-0227
4"-V43-4710-12302-Ef-IQ	 	STH-U-4710-0255
4"-V43-4710-12303-Ef-IQ	 	STH-U-4710-0255
4"-VENT-CPO-4710.027-AA-NI	 	STH-U-4710-0282
4"-VENT-CCC-4710.010-AA-NI	 	STH-U-4710-0283
4"-VENT-CCC-4710.011-AA-NI	 	STH-U-4710-0284
4"-VENT-CCC-4710.012-AA-NI	 	STH-U-4710-0285
4"-VENT-CCC-4710.013-AA-NI	 	STH-U-4710-0286
4"-VENT-CCC-4710.014-AA-NI	 	STH-U-4710-0287
4"-VENT-CCC-4710.018-AA-NI	 	STH-U-4710-0288
4"-VENT-CCC-4710.019-AA-NI	 	STH-U-4710-0289
4"-VENT-CPC-4710.305-AA-NI		STH-U-4710-0290
4"-VENT-CPC-4710.307-AA-NI		STH-U-4710-0291
4"-VENT-CPO-4710.023-AA-NI		STH-U-4710-0292
4"-VENT-CPO-4710.025-AA-NI		STH-U-4710-0293
6"-AR-4710-07606-Ab-NI	 	STH-U-4710-0227
4"-VENT-CPO-4710.026-AA-NI		STH-U-4710-0294
4"-VENT-CPO-4710.027-AA-NI		STH-U-4710-0295
6"-AR-4710-07607-Ab-NI	 	STH-U-4710-0226
4"-VENT-CPO-4710.028-AA-NI		STH-U-4710-0296
4"-VENT-CPO-4710.030-AA-NI		STH-U-4710-0297
4"-VENT-CPO-4710.307-AA-NI		STH-U-4710-0298
4"-VENT-CPO-4710.311-AA-NI		STH-U-4710-0298
6"-OL-4710-14032-L1-NI	 	STH-U-4710-0262
6"-OL-4710-14033-L1-NI	 	STH-U-4710-0262
4"-VENT-CPSC-4710.303A-AA-NI	 	STH-U-4710-0221
6"-V43-4710-12301-Ef-IQ	 	STH-U-4710-0255
4"-VENT-CPSC-4710.303B-AA-NI	 	STH-U-4710-0222
8"-V43-4710-12991-Ec-IQ	 	STH-U-4710-0252
8"-V4-4710-12977-Bf-PP	 	STH-U-4710-0254
8"-V63-4710-12992-Ec-IQ	 	STH-U-4710-0252
6"-V29-4710-00542-O1-IQ	U-4710-UT-1007-0002-1-01	STH-U-4710-0089
1.1/2"-AR-4710-040635-Ab-NI    CANCELADO	U-4710-UT-1026-0001-1-01	STH-U-4710-0176
1.1/2"-AR-4710-040636-Ab-NI    CANCELADO	U-4710-UT-1026-0001-1-01	STH-U-4710-0176
1.1/2"-AR-4710-09030-Ab-NI      CANCELADO	U-4710-UT-1026-0001-1-01	STH-U-4710-0176
1.1/2"-AR-4710-09028-Ab-NI      CANCELADO	U-4710-UT-1026-0001-1-01	STH-U-4710-0176
3/4"-AV-4710-04720-Lb-NI	U-4710-UT-1031-0001-1-01	STH-U-4710-0207
2"-INST-4730-V344/L1-Ba-NI	U-4730-UT-1061-0004-1-06	STH-U-4730-0114
2"-INST-4730-V344/L2-Ba-NI	U-4730-UT-1061-0004-1-06	STH-U-4730-0114
2"-INST-4730-V344/L3-Ba-NI	U-4730-UT-1061-0004-1-06	STH-U-4730-0114
2"-INST-4730-V344/L4-Ba-NI	U-4730-UT-1061-0004-1-06	STH-U-4730-0114
2"-DRAIN-4730-V007/LG643-Ba-NI	U-4730-UT-1061-0002-1-15	STH-U-4730-0214
3/4"-DRAIN-4730-AM666/N5-Ba-NI	U-4730-UT-1061-0002-1-14	STH-U-4730-0213
1.1/2"-Ca-4730-02450-Bf-NI	U-4730-UT-1061-0002-1-10	STH-U-4730-0212
10"-GI-4730-00572-O3-IQ	U-4730-UT-1061-0002-1-07	STH-U-4730-0211
12"-GI-4730-01220-Ca-IQ	U-4730-UT-1061-0002-1-06	STH-U-4730-0210
3/4"-GI-4730-04502-Ca-IQ	U-4730-UT-1061-0002-1-06	STH-U-4730-0210
10"-GI-4730-00570-Ca-IQ	U-4730-UT-1061-0002-1-06	STH-U-4730-0210
12"-GI-4730-02435-Ba-AE	U-4730-UT-1061-0002-1-03	STH-U-4730-0209
2"-GI-4730-02431-Ba-NI	U-4730-UT-1061-0002-1-03	STH-U-4730-0209
3"-GI-4730-02403-Ba-NI	U-4730-UT-1061-0002-1-03	STH-U-4730-0209
3"-GI-4730-04722-Ba-NI	U-4730-UT-1061-0002-1-03	STH-U-4730-0209
12"-GI-4730-02429-Ba-NI	U-4730-UT-1061-0002-1-02	STH-U-4730-0209
6"-GI-4730-04747-Ba-NI	U-4730-UT-1061-0002-1-01	STH-U-4730-0208
12"-GI-4730-01224-Ca-PP	U-4730-UT-1061-0002-1-01	STH-U-4730-0208
10"-GI-4730-02415-Ca-NI	U-4730-UT-1061-0002-1-01	STH-U-4730-0208
10"-GI-4730-10019-Ca-IQ	U-4730-UT-1061-0002-1-01	STH-U-4730-0208
8"-GI-4730-02410-Ca-IQ	U-4730-UT-1061-0002-1-01	STH-U-4730-0208
8"-GI-4730-02412-Ca-IQ	U-4730-UT-1061-0002-1-01	STH-U-4730-0208
12"-GI-4730-02422-Ca-PP	U-4730-UT-1061-0002-1-01	STH-U-4730-0208
1.1/2"-GI-4730-03121-Ba-NI	U-4730-UT-1061-0001-1-02	STH-U-4730-0209
1.1/2"-GI-4730-03123-Ba-NI	U-4730-UT-1061-0001-1-02	STH-U-4730-0209
1.1/2"-HD-4730-02465-C13-IQ	U-4730-UT-1061-0001-1-02	STH-U-4730-0208
12"-GI-4730-02424-Ca-PP	U-4730-UT-1061-0001-1-02	STH-U-4730-0208
1"-GI-4730-04834-Bb-NI	U-4730-UT-1061-0001-1-01	STH-U-4730-0207
1"-GI-4730-04836-Bb-NI	U-4730-UT-1061-0001-1-01	STH-U-4730-0207
1.1/2"-GI-4730-02320-Bb-NI	U-4730-UT-1061-0001-1-01	STH-U-4730-0207
1.1/2"-GI-4730-02321-Bb-NI	U-4730-UT-1061-0001-1-01	STH-U-4730-0207
1.1/2"-GI-4730-02322-Bb-NI	U-4730-UT-1061-0001-1-01	STH-U-4730-0207
1.1/2"-GI-4730-03120-Bb-NI	U-4730-UT-1061-0001-1-01	STH-U-4730-0207
1.1/2"-GI-4730-04150-Bb-NI	U-4730-UT-1061-0001-1-01	STH-U-4730-0207
1.1/2"-GI-4730-12371-Bb-NI	U-4730-UT-1061-0001-1-01	STH-U-4730-0064
3"-GI-4730-02401-Bb-NI	U-4730-UT-1061-0001-1-01	STH-U-4730-0207
3"-GI-4730-04152-Bb-NI	U-4730-UT-1061-0001-1-01	STH-U-4730-0207
2"-GI-4730-02326-Bb-NI	U-4730-UT-1061-0001-1-01	STH-U-4730-0207
2"-GI-4730-04147-Bb-NI	U-4730-UT-1061-0001-1-01	STH-U-4730-0207
2"-GI-4730-04149-Bb-NI	U-4730-UT-1061-0001-1-01	STH-U-4730-0207
2"-GI-4730-04151-Bb-NI	U-4730-UT-1061-0001-1-01	STH-U-4730-0207
2"-GI-4730-04155-Bb-NI	U-4730-UT-1061-0001-1-01	STH-U-4730-0207
2"-GI-4730-04160-Bb-NI	U-4730-UT-1061-0001-1-01	STH-U-4730-0207
2"-GI-4730-04709-Bb-NI	U-4730-UT-1061-0001-1-01	STH-U-4730-0207
2"-GI-4730-09023-Bb-NI	U-4730-UT-1061-0001-1-01	STH-U-4730-0207
2"-GI-4730-09025-Bb-NI	U-4730-UT-1061-0001-1-01	STH-U-4730-0207
4"-GI-4730-02325-Bb-NI	U-4730-UT-1061-0001-1-01	STH-U-4730-0064
3"-GI-4730-00574-Bb-NI	U-4730-UT-1061-0001-1-01	STH-U-4730-0207
3"-GI-4730-04148-Bb-NI	U-4730-UT-1061-0001-1-01	STH-U-4730-0207
3/4"-GI-4730-10144-Bb-NI	U-4730-UT-1061-0001-1-01	STH-U-4730-0207
6"-GI-4730-04154-Bb-NI	U-4730-UT-1061-0001-1-01	STH-U-4730-0207
1.1/2"-INST-4730-D341/P-Lb-IQ	U-4730-UT-1059-0000-1-02	STH-U-4730-0115
2"-INST-4730-D341/G1-LB-PP	U-4730-UT-1059-0000-1-02	STH-U-4730-0115
2"-INST-4730-D341/L1-LB-PP	U-4730-UT-1059-0000-1-02	STH-U-4730-0115
2"-INST-4730-D341/L3-LB-PP	U-4730-UT-1059-0000-1-02	STH-U-4730-0115
2"-INST-4730-D341/L5-Lb-PP	U-4730-UT-1059-0000-1-02	STH-U-4730-0115
2"-INST-4730-D341/L6-Lb-PP	U-4730-UT-1059-0000-1-02	STH-U-4730-0115
1.1/2"-AV-4730-03701-Lb-NI	U-4730-UT-1031-0001-1-01	STH-U-4730-0207
1.1/2"-AV-4730-03702-Lb-NI	U-4730-UT-1031-0001-1-01	STH-U-4730-0207
2"-AV-4730-04679-Lb-NI	U-4730-UT-1031-0001-1-01	STH-U-4730-0207
1"-INST-4730-V103/G1-Bf-PP	U-4730-UT-1029-0003-1-10	STH-U-4730-0116
1"-INST-4730-V103/G2-Bf-PP	U-4730-UT-1029-0003-1-10	STH-U-4730-0116
1"-INST-4730-V103/L1-Bf-PP	U-4730-UT-1029-0003-1-10	STH-U-4730-0116
1"-INST-4730-V103/P-Bf-PP	U-4730-UT-1029-0003-1-10	STH-U-4730-0116
3/4"-VENT-4730-V103/V-Bf-PP	U-4730-UT-1029-0003-1-10	STH-U-4730-0206
2"-C4-4730-10029-Bf-PP	U-4730-UT-1029-0003-1-05	STH-U-4730-0205
2"-C4-4730-04759-Bf-PP	U-4730-UT-1029-0003-1-04	STH-U-4730-0204
3"-C4-4730-04756-Bf-PP	U-4730-UT-1029-0003-1-04	STH-U-4730-0204
16"-V4-4730-00012-Bf-IQ	U-4730-UT-1029-0003-1-03	STH-U-4730-0203
2"-C4-4730-04694-Bf-PP	U-4730-UT-1029-0003-1-03	STH-U-4730-0203
8"-C4-4730-00290-Bf-PP	U-4730-UT-1029-0003-1-02	STH-U-4730-0202
3"-C4-4730-02480-Bf-PP	U-4730-UT-1029-0003-1-01	STH-U-4730-0201
1.1/2"-C4-4730-07510-Bf-PP	U-4730-UT-1029-0002-1-01	STH-U-4730-0200
2"-C4-4730-00011-Bf-PP	U-4730-UT-1029-0002-1-01	STH-U-4730-0200
3/4"-C4-4730-10124-Bf-PP	U-4730-UT-1029-0002-1-01	STH-U-4730-0200
3/4"-C4-4730-10129-Bf-PP	U-4730-UT-1029-0002-1-01	STH-U-4730-0200
3/4"-C4-4730-10130-Bf-PP	U-4730-UT-1029-0002-1-01	STH-U-4730-0200
3/4"-C4-4730-10131-Bf-PP	U-4730-UT-1029-0002-1-01	STH-U-4730-0200
3/4"-C4-4730-10146-Bf-PP	U-4730-UT-1029-0002-1-01	STH-U-4730-0200
3/4"-C4-4730-10166-Bf-PP	U-4730-UT-1029-0002-1-01	STH-U-4730-0200
3/4"-C4-4730-14002-Bf-PP	U-4730-UT-1029-0002-1-01	STH-U-4730-0096
3/4"-C4-4730-14003-Bf-PP	U-4730-UT-1029-0002-1-01	STH-U-4730-0096
3/4"-C4-4730-14004-Bf-PP	U-4730-UT-1029-0002-1-01	STH-U-4730-0096
3/4"-C4-4730-14005-Bf-PP	U-4730-UT-1029-0002-1-01	STH-U-4730-0096
3/4"-C4-4730-14006-Bf-PP	U-4730-UT-1029-0002-1-01	STH-U-4730-0096
3/4"-C4-4730-14007-Bf-PP	U-4730-UT-1029-0002-1-01	STH-U-4730-0096
3/4"-C4-4730-14008-Bf-PP	U-4730-UT-1029-0002-1-01	STH-U-4730-0096
1.1/2"-C1-4730-12333-Bf-NI	U-4730-UT-1029-0001-1-03	STH-U-4730-0199
1"-C1-4730-09045-Bf-NI	U-4730-UT-1029-0001-1-02	STH-U-4730-0199
1.1/2"-C1-4730-01050-Bf-PP	U-4730-UT-1029-0001-1-02	STH-U-4730-0199
3"-C1-4730-00703-E5-PP	U-4730-UT-1029-0001-1-01	STH-U-4730-0199
1.1/2"-C1-4730-01051-Bf-NI	U-4730-UT-1029-0001-1-01	STH-U-4730-0199
1.1/2"-C1-4730-01052-Bf-NI	U-4730-UT-1029-0001-1-01	STH-U-4730-0199
4"-C29-4730-00289-Ce-IQ	U-4730-UT-1028-0003-1-02	STH-U-4730-0198
4"-C29-4730-00288-Ec-IQ	U-4730-UT-1028-0003-1-01	STH-U-4730-0151
8"-C29-4730-00291-Ec-IQ	U-4730-UT-1028-0003-1-01	STH-U-4730-0151
3"-C60-4730-02475-Ec-IQ	U-4730-UT-1028-0002-1-01	STH-U-4730-0197
2"-INST-4730-V005/G1-EC-NI	U-4730-UT-1028-0001-1-08	STH-U-4730-0117
2"-INST-4730-V005/L1-EC-NI	U-4730-UT-1028-0001-1-08	STH-U-4730-0117
2"-INST-4730-V005/L2-EC-NI	U-4730-UT-1028-0001-1-08	STH-U-4730-0117
1"-AO-4730-04871-Bf-PP	U-4730-UT-1028-0001-1-05	STH-U-4730-0196
4"-V4-4730-04744-Bf-PP	U-4730-UT-1028-0001-1-04	STH-U-4730-0195
1.1/2"-V63-4730-04743-Ec-IQ	U-4730-UT-1028-0001-1-03	STH-U-4730-0194
4"-C60-4730-02097-Ec-IQ	U-4730-UT-1028-0001-1-02	STH-U-4730-0151
2"-C63-4730-01040-Ec-PP	U-4730-UT-1028-0001-1-01	NÃO ENCONTRADA
4"-C60-4730-00285-Ec-IQ	U-4730-UT-1028-0001-1-01	STH-U-4730-0190
4"-C60-4730-00286-Ec-IQ	U-4730-UT-1028-0001-1-01	STH-U-4730-0190
10"-V1-4730-01047-Bf-PP	U-4730-UT-1028-0001-1-01	NÃO ENCONTRADA
3"-C1-4730-01042-E5-PP	U-4730-UT-1028-0001-1-01	NÃO ENCONTRADA
3"-C1-4730-01044-E5-PP	U-4730-UT-1028-0001-1-01	NÃO ENCONTRADA
1"-AR-4730-04500-Ba-NI	U-4730-UT-1026-0001-1-05	STH-U-4730-0180
8"-AR-4730-09047-Bf-NI	U-4730-UT-1026-0001-1-04	STH-U-4730-0179
1"-AR-4730-02493-Bf-NI	U-4730-UT-1026-0001-1-04	STH-U-4730-0179
1.1/2"-AR-4730-10032-Ba-NI	U-4730-UT-1026-0001-1-03	STH-U-4730-0178
8"-AR-4730-09037-Ce-NI	U-4730-UT-1026-0001-1-02	STH-U-4730-0177
1.1/2"-AR-4730-01313-Ce-NI	U-4730-UT-1026-0001-1-02	STH-U-4730-0177
3"-AR-4730-04003-Ab-NI	U-4730-UT-1026-0001-1-01	STH-U-4730-0176
10"-AR-4730-04007-Ab-NI	U-4730-UT-1026-0001-1-01	STH-U-4730-0176
2"-AR-4730-04004-Ab-NI	U-4730-UT-1026-0001-1-01	STH-U-4730-0176
8"-AR-4730-01312-Ab-NI	U-4730-UT-1026-0001-1-01	STH-U-4730-0176
8"-AR-4730-02492-Ab-NI	U-4730-UT-1026-0001-1-01	STH-U-4730-0176
6"-AR-4730-04006-Ab-NI	U-4730-UT-1026-0001-1-01	STH-U-4730-0176
14"-AR-4730-10378-Ab-NI	U-4730-UT-1025-0002-1-01	STH-U-4730-0151
3"-AR-4730-10215-Ab-NI	U-4730-UT-1025-0002-1-01	STH-U-4730-0151
3"-AR-4730-10438-Ab-NI	U-4730-UT-1025-0002-1-01	STH-U-4730-0151
3"-AR-4730-10439-Ab-NI	U-4730-UT-1025-0002-1-01	STH-U-4730-0151
3"-AR-4730-10533-Ab-NI	U-4730-UT-1025-0002-1-01	STH-U-4730-0151
3"-AR-4730-10534-Ab-NI	U-4730-UT-1025-0002-1-01	STH-U-4730-0151
3"-AR-4730-10535-Ab-NI	U-4730-UT-1025-0002-1-01	STH-U-4730-0151
3"-AR-4730-10536-Ab-NI	U-4730-UT-1025-0002-1-01	STH-U-4730-0151
3"-AR-4730-10362-Ab-NI	U-4730-UT-1025-0002-1-01	STH-U-4730-0151
8"-AR-4730-10219-Ab-NI	U-4730-UT-1025-0002-1-01	STH-U-4730-0151
8"-AR-4730-10220-Ab-NI	U-4730-UT-1025-0002-1-01	STH-U-4730-0151
1"-AR-4730-10476-Ab-NI	U-4730-UT-1025-0002-1-01	STH-U-4730-0151
1"-AR-4730-10482-Ab-NI	U-4730-UT-1025-0002-1-01	STH-U-4730-0151
1.1/2"-AR-4730-10530-Ab-NI	U-4730-UT-1025-0002-1-01	STH-U-4730-0151
1.1/2"-AR-4730-10532-Ab-NI	U-4730-UT-1025-0002-1-01	STH-U-4730-0151
2"-AR-4730-10415-Ab-NI	U-4730-UT-1025-0002-1-01	STH-U-4730-0151
2"-AR-4730-10470-Ab-NI	U-4730-UT-1025-0002-1-01	STH-U-4730-0151
2"-AR-4730-10531-Ab-NI	U-4730-UT-1025-0002-1-01	STH-U-4730-0151
8"-AR-4730-09046-Bf-NI	U-4730-UT-1025-0001-1-03	STH-U-4730-0141
8"-AR-4730-09038-Ce-NI	U-4730-UT-1025-0001-1-02	STH-U-4730-0132
2"-AR-4730-04001-Ab-NI	U-4730-UT-1025-0001-1-01	STH-U-4730-0131
3"-AR-4730-04002-Ab-NI	U-4730-UT-1025-0001-1-01	STH-U-4730-0131
10"-AR-4730-04008-Ab-NI	U-4730-UT-1025-0001-1-01	STH-U-4730-0131
8"-AR-4730-01310-Ab-NI	U-4730-UT-1025-0001-1-01	STH-U-4730-0131
6"-AR-4730-04005-Ab-NI	U-4730-UT-1025-0001-1-01	STH-U-4730-0131
8"-AR-4730-02490-Ab-NI	U-4730-UT-1025-0001-1-01	STH-U-4730-0131
1.1/2"-AV-4730-02614-O1-IQ	U-4730-UT-1015-0003-1-01	STH-U-4730-0058
1.1/2"-AV-4730-02615-O1-IQ	U-4730-UT-1015-0003-1-01	STH-U-4730-0058
3/4"-DRAIN-4730-AM728/N5-Ba-NI	U-4730-UT-1015-0002-1-16	STH-U-4730-0127
3/4"-AO-4730-09106-Ba-NI	U-4730-UT-1015-0002-1-14	STH-U-4730-0126
3/4"-AO-4730-09101-Ba-NI	U-4730-UT-1015-0002-1-13	STH-U-4730-0125
2"-AO-4730-09011-Ba-NI	U-4730-UT-1015-0002-1-12	STH-U-4730-0124
2"-AO-4730-09012-Ba-NI	U-4730-UT-1015-0002-1-12	STH-U-4730-0124
3/4"-AV-4730-09102-Bf-PP	U-4730-UT-1015-0002-1-12	STH-U-4730-0124
3/4"-AV-4730-09107-Bf-PP	U-4730-UT-1015-0002-1-12	STH-U-4730-0124
6"-AV-4730-01023-Ec-IQ	U-4730-UT-1015-0002-1-10	STH-U-4730-0121
8"-AV-4730-01025-Ec-IQ	U-4730-UT-1015-0002-1-10	STH-U-4730-0121
6"-AV-4730-01022-Fb-IQ	U-4730-UT-1015-0002-1-09	STH-U-4730-0119
8"-AV-4730-01020-Fb-IQ	U-4730-UT-1015-0002-1-09	STH-U-4730-0119
8"-AV-4730-01155-Fb-IQ	U-4730-UT-1015-0002-1-09	STH-U-4730-0119
8"-AV-4730-09033-Fb-IQ	U-4730-UT-1015-0002-1-08	STH-U-4730-0113
2"-AV-4730-10097-Ba-NI	U-4730-UT-1015-0002-1-06	STH-U-4730-0109
6"-AV-4730-01141-Fb-IQ	U-4730-UT-1015-0002-1-04	STH-U-4730-0058
1.1/2"-AV-4730-00352-Q6-IQ	U-4730-UT-1015-0002-1-04	STH-U-4730-0058
1.1/2"-AV-4730-00360-Fb-IQ	U-4730-UT-1015-0002-1-04	STH-U-4730-0058
1.1/2"-AV-4730-10096-Fb-PP	U-4730-UT-1015-0002-1-04	STH-U-4730-0058
8"-AV-4730-01140-Fb-IQ	U-4730-UT-1015-0002-1-04	STH-U-4730-0058
8"-AV-4730-01143-Fb-IQ	U-4730-UT-1015-0002-1-04	STH-U-4730-0058
8"-AV-4730-01149-Fb-IQ	U-4730-UT-1015-0002-1-04	STH-U-4730-0058
8"-AV-4730-01153-Fb-IQ	U-4730-UT-1015-0002-1-04	STH-U-4730-0058
8"-AV-4730-02625-Fb-IQ	U-4730-UT-1015-0002-1-04	STH-U-4730-0058
1.1/2"-AV-4730-00350-Q3-IQ	U-4730-UT-1015-0002-1-02	STH-U-4730-0108
1.1/2"-AV-4730-00530-Q3-IQ	U-4730-UT-1015-0002-1-02	STH-U-4730-0108
1.1/2"-AV-4730-00532-Q6-IQ	U-4730-UT-1015-0002-1-02	STH-U-4730-0108
4"-AV-4730-02610-Q3-IQ	U-4730-UT-1015-0002-1-02	STH-U-4730-0058
4"-AV-4730-02617-Q3-IQ	U-4730-UT-1015-0002-1-02	STH-U-4730-0058
8"-AV-4730-09034-Fb-IQ	U-4730-UT-1015-0002-1-02	STH-U-4730-0057
6"-AV-4730-01145-Fb-IQ	U-4730-UT-1015-0002-1-01	STH-U-4730-0106
1.1/2"-AV-4730-00535-Fb-IQ	U-4730-UT-1015-0002-1-01	STH-U-4730-0107
1.1/2"-AV-4730-02621-Fb-IQ	U-4730-UT-1015-0002-1-01	STH-U-4730-0107
1.1/2"-AV-4730-02623-Fb-IQ	U-4730-UT-1015-0002-1-01	STH-U-4730-0107
1.1/2"-AV-4730-02808-Fb-IQ	U-4730-UT-1015-0002-1-01	STH-U-4730-0107
1.1/2"-AV-4730-02850-Fb-IQ	U-4730-UT-1015-0002-1-01	STH-U-4730-0107
1.1/2"-AV-4730-02852-Q6-IQ	U-4730-UT-1015-0002-1-01	STH-U-4730-0107
2"-AV-4730-10163-Fb-IQ	U-4730-UT-1015-0002-1-01	STH-U-4730-0107
3/4"-AV-4730-04650-Fb-IQ	U-4730-UT-1015-0002-1-01	STH-U-4730-0107
8"-AV-4730-02620-Fb-IQ	U-4730-UT-1015-0002-1-01	STH-U-4730-0107
2"-DRAIN-4730-B301C/C6-Fb-NI	U-4730-UT-1015-0001-1-22	STH-U-4730-0118
3/4"-DRAIN-4730-B301C/C1-Fb-NI	U-4730-UT-1015-0001-1-22	STH-U-4730-0118
3/4"-DRAIN-4730-B301C/C2-Fb-NI	U-4730-UT-1015-0001-1-22	STH-U-4730-0118
3/4"-DRAIN-4730-B301C/C3-Fb-NI	U-4730-UT-1015-0001-1-22	STH-U-4730-0118
2"-DRAIN-4730-B301B/C6-Fb-NI	U-4730-UT-1015-0001-1-21	STH-U-4730-0120
3/4"-DRAIN-4730-B301B/C1-Fb-NI	U-4730-UT-1015-0001-1-21	STH-U-4730-0120
3/4"-DRAIN-4730-B301B/C2-Fb-NI	U-4730-UT-1015-0001-1-21	STH-U-4730-0120
3/4"-DRAIN-4730-B301B/C3-Fb-NI	U-4730-UT-1015-0001-1-21	STH-U-4730-0120
2"-DRAIN-4730-B301A/C6-Fb-NI	U-4730-UT-1015-0001-1-20	STH-U-4730-0122
3/4"-DRAIN-4730-B301A/C1-Fb-NI	U-4730-UT-1015-0001-1-20	STH-U-4730-0122
3/4"-DRAIN-4730-B301A/C2-Fb-NI	U-4730-UT-1015-0001-1-20	STH-U-4730-0122
3/4"-DRAIN-4730-B301A/C3-Fb-NI	U-4730-UT-1015-0001-1-20	STH-U-4730-0122
12"-AV-4730-10230-Fb-IQ	U-4730-UT-1015-0001-1-04	STH-U-4730-0105
3"-AP-4730-04097-Ac-NI	U-4730-UT-1014-0001-1-01	STH-U-4730-0104
2"-AP-4730-04099-AC-NI	U-4730-UT-1014-0001-1-01	STH-U-4730-0104
2"-AP-4730-04100-Ac-NI	U-4730-UT-1014-0001-1-01	STH-U-4730-0104
2"-AP-4730-04102-Ac-NI	U-4730-UT-1014-0001-1-01	STH-U-4730-0104
2"-AP-4730-04103-Ac-NI	U-4730-UT-1014-0001-1-01	STH-U-4730-0104
2"-AP-4730-04104-Ac-NI	U-4730-UT-1014-0001-1-01	STH-U-4730-0104
2"-AP-4730-04809-Ac-NI	U-4730-UT-1014-0001-1-01	STH-U-4730-0104
2"-AP-4730-10102-Ac-NI	U-4730-UT-1014-0001-1-01	STH-U-4730-0104
2"-AP-4730-10133-Ac-NI	U-4730-UT-1014-0001-1-01	STH-U-4730-0104
1"-AD-4730-04088-Aa-NI	U-4730-UT-1013-0001-1-01	STH-U-4730-0103
1.1/2"-AD-4730-04090-Aa-NI	U-4730-UT-1013-0001-1-01	STH-U-4730-0103
1.1/2"-AD-4730-04092-Aa-NI	U-4730-UT-1013-0001-1-01	STH-U-4730-0103
1.1/2"-AD-4730-04884-Aa-NI	U-4730-UT-1013-0001-1-01	STH-U-4730-0103
1.1/2"-AD-4730-09104-Aa-NI	U-4730-UT-1013-0001-1-01	STH-U-4730-0103
2"-AD-4730-04095-Aa-NI	U-4730-UT-1013-0001-1-01	STH-U-4730-0103
2"-AD-4730-04096-Aa-NI	U-4730-UT-1013-0001-1-01	STH-U-4730-0103
2"-AD-4730-04746-Aa-NI	U-4730-UT-1013-0001-1-01	STH-U-4730-0103
2"-AD-4730-04840-Aa-NI	U-4730-UT-1013-0001-1-01	STH-U-4730-0103
2"-AD-4730-04841-Aa-NI	U-4730-UT-1013-0001-1-01	STH-U-4730-0103
2"-AD-4730-04842-Aa-NI	U-4730-UT-1013-0001-1-01	STH-U-4730-0103
2"-AD-4730-04843-Aa-NI	U-4730-UT-1013-0001-1-01	STH-U-4730-0103
2"-AD-4730-04844-Aa-NI	U-4730-UT-1013-0001-1-01	STH-U-4730-0103
2"-AD-4730-07716-Aa-NI	U-4730-UT-1013-0001-1-01	CANCELADA
2"-AD-4730-07729-Aa-NI	U-4730-UT-1013-0001-1-01	CANCELADA
2"-AD-4730-09092-Aa-NI	U-4730-UT-1013-0001-1-01	STH-U-4730-0103
3/4"-AD-4730-04081-Aa-NI	U-4730-UT-1013-0001-1-01	STH-U-4730-0103
3/4"-AD-4730-04082-Aa-NI	U-4730-UT-1013-0001-1-01	STH-U-4730-0103
3/4"-AD-4730-04083-Aa-NI	U-4730-UT-1013-0001-1-01	STH-U-4730-0103
3/4"-AD-4730-04084-Aa-NI	U-4730-UT-1013-0001-1-01	STH-U-4730-0103
3/4"-AD-4730-04085-Aa-NI	U-4730-UT-1013-0001-1-01	STH-U-4730-0103
3/4"-AD-4730-04086-Aa-NI	U-4730-UT-1013-0001-1-01	STH-U-4730-0103
3/4"-AD-4730-04087-Aa-NI	U-4730-UT-1013-0001-1-01	STH-U-4730-0103
3/4"-AD-4730-04089-Aa-NI	U-4730-UT-1013-0001-1-01	STH-U-4730-0103
3/4"-AD-4730-04091-Aa-NI	U-4730-UT-1013-0001-1-01	STH-U-4730-0103
3/4"-AD-4730-04093-Aa-NI	U-4730-UT-1013-0001-1-01	STH-U-4730-0103
3/4"-AD-4730-04094-Aa-NI	U-4730-UT-1013-0001-1-01	STH-U-4730-0103
3/4"-AD-4730-04098-Aa-NI	U-4730-UT-1013-0001-1-01	STH-U-4730-0103
3/4"-AD-4730-04611-Aa-NI	U-4730-UT-1013-0001-1-01	STH-U-4730-0103
3/4"-AD-4730-04612-Aa-NI	U-4730-UT-1013-0001-1-01	STH-U-4730-0103
3/4"-AD-4730-04613-Aa-NI	U-4730-UT-1013-0001-1-01	STH-U-4730-0103
3/4"-AD-4730-04614-Aa-NI	U-4730-UT-1013-0001-1-01	STH-U-4730-0103
3/4"-AD-4730-04615-Aa-NI	U-4730-UT-1013-0001-1-01	STH-U-4730-0103
3/4"-AD-4730-04616-Aa-NI	U-4730-UT-1013-0001-1-01	STH-U-4730-0103
3/4"-AD-4730-04617-Aa-NI	U-4730-UT-1013-0001-1-01	STH-U-4730-0103
3/4"-AD-4730-04618-Aa-NI	U-4730-UT-1013-0001-1-01	STH-U-4730-0103
3/4"-AD-4730-04626-Aa-NI	U-4730-UT-1013-0001-1-01	STH-U-4730-0103
3/4"-AD-4730-04627-Aa-NI	U-4730-UT-1013-0001-1-01	STH-U-4730-0103
3/4"-AD-4730-04628-Aa-NI	U-4730-UT-1013-0001-1-01	STH-U-4730-0103
3/4"-AD-4730-04673-Aa-NI	U-4730-UT-1013-0001-1-01	STH-U-4730-0103
3/4"-AD-4730-05032-Aa-NI	U-4730-UT-1013-0001-1-01	STH-U-4730-0103
3/4"-AD-4730-05036-Aa-NI	U-4730-UT-1013-0001-1-01	STH-U-4730-0103
3/4"-AD-4730-07621-Aa-NI	U-4730-UT-1013-0001-1-01	CANCELADA
3/4"-AD-4730-07691-Aa-NI	U-4730-UT-1013-0001-1-01	CANCELADA
3/4"-AD-4730-07692-Aa-NI	U-4730-UT-1013-0001-1-01	CANCELADA
3/4"-AD-4730-07693-Aa-NI	U-4730-UT-1013-0001-1-01	CANCELADA
3/4"-AD-4730-07694-Aa-NI	U-4730-UT-1013-0001-1-01	CANCELADA
3/4"-AD-4730-07695-Aa-NI	U-4730-UT-1013-0001-1-01	CANCELADA
3/4"-AD-4730-07696-Aa-NI	U-4730-UT-1013-0001-1-01	CANCELADA
3/4"-AD-4730-07697-Aa-NI	U-4730-UT-1013-0001-1-01	CANCELADA
3/4"-AD-4730-07698-Aa-NI	U-4730-UT-1013-0001-1-01	CANCELADA
3/4"-AD-4730-07699-Aa-NI	U-4730-UT-1013-0001-1-01	CANCELADA
3/4"-AD-4730-07700-Aa-NI	U-4730-UT-1013-0001-1-01	CANCELADA
3/4"-AD-4730-07701-Aa-NI	U-4730-UT-1013-0001-1-01	CANCELADA
3/4"-AD-4730-07702-Aa-NI	U-4730-UT-1013-0001-1-01	CANCELADA
3/4"-AD-4730-07703-Aa-NI	U-4730-UT-1013-0001-1-01	CANCELADA
3/4"-AD-4730-07704-Aa-NI	U-4730-UT-1013-0001-1-01	CANCELADA
3/4"-AD-4730-07705-Aa-NI	U-4730-UT-1013-0001-1-01	CANCELADA
3/4"-AD-4730-07706-Aa-NI	U-4730-UT-1013-0001-1-01	CANCELADA
3/4"-AD-4730-07717-Aa-NI	U-4730-UT-1013-0001-1-01	CANCELADA
3/4"-AD-4730-07718-Aa-NI	U-4730-UT-1013-0001-1-01	CANCELADA
3/4"-AD-4730-07719-Aa-NI	U-4730-UT-1013-0001-1-01	CANCELADA
3/4"-AD-4730-07720-Aa-NI	U-4730-UT-1013-0001-1-01	CANCELADA
3/4"-AD-4730-07721-Aa-NI	U-4730-UT-1013-0001-1-01	CANCELADA
3/4"-AD-4730-07722-Aa-NI	U-4730-UT-1013-0001-1-01	CANCELADA
3/4"-AD-4730-07723-Aa-NI	U-4730-UT-1013-0001-1-01	CANCELADA
3/4"-AD-4730-07724-Aa-NI	U-4730-UT-1013-0001-1-01	CANCELADA
3/4"-AD-4730-07725-Aa-NI	U-4730-UT-1013-0001-1-01	CANCELADA
3/4"-AD-4730-07726-Aa-NI	U-4730-UT-1013-0001-1-01	CANCELADA
3/4"-AD-4730-07727-Aa-NI	U-4730-UT-1013-0001-1-01	CANCELADA
3/4"-AD-4730-07728-Aa-NI	U-4730-UT-1013-0001-1-01	CANCELADA
3/4"-AD-4730-07730-Aa-NI	U-4730-UT-1013-0001-1-01	CANCELADA
3/4"-AD-4730-09063-Aa-NI	U-4730-UT-1013-0001-1-01	STH-U-4730-0103
3/4"-AD-4730-09067-Aa-NI	U-4730-UT-1013-0001-1-01	STH-U-4730-0103
3/4"-AD-4730-09071-Aa-NI	U-4730-UT-1013-0001-1-01	STH-U-4730-0103
3/4"-AD-4730-09072-Aa-NI	U-4730-UT-1013-0001-1-01	STH-U-4730-0103
3/4"-AD-4730-09088-Aa-NI	U-4730-UT-1013-0001-1-01	STH-U-4730-0103
3/4"-AD-4730-09089-Aa-NI	U-4730-UT-1013-0001-1-01	STH-U-4730-0103
3/4"-AD-4730-10136-Aa-NI	U-4730-UT-1013-0001-1-01	STH-U-4730-0103
3/4"-AD-4730-10143-Aa-NI	U-4730-UT-1013-0001-1-01	STH-U-4730-0103
3/4"-AI-4730-10113-Ac-NI	U-4730-UT-1011-0005-1-01	STH-U-4730-0102
1"-AI-4730-04139-Ac-NI	U-4730-UT-1011-0001-1-01	STH-U-4730-0102
1"-AI-4730-04140-Ac-NI	U-4730-UT-1011-0001-1-01	STH-U-4730-0102
1"-AI-4730-09057-Ac-NI	U-4730-UT-1011-0001-1-01	STH-U-4730-0102
1"-AI-4730-09068-Ac-NI	U-4730-UT-1011-0001-1-01	STH-U-4730-0102
1"-AI-4730-09105-Ac-NI	U-4730-UT-1011-0001-1-01	STH-U-4730-0102
1"-AI-4730-10046-Ac-NI	U-4730-UT-1011-0001-1-01	STH-U-4730-0102
1"-AI-4730-10048-Ac-NI	U-4730-UT-1011-0001-1-01	STH-U-4730-0102
1"-AI-4730-10049-Ac-NI	U-4730-UT-1011-0001-1-01	STH-U-4730-0102
1"-AI-4730-10050-Ac-NI	U-4730-UT-1011-0001-1-01	STH-U-4730-0102
1"-AI-4730-10052-Ac-NI	U-4730-UT-1011-0001-1-01	STH-U-4730-0102
1"-AI-4730-10053-Ac-NI	U-4730-UT-1011-0001-1-01	STH-U-4730-0102
1"-AI-4730-10054-Ac-NI	U-4730-UT-1011-0001-1-01	STH-U-4730-0102
1.1/2"-AI-4730-04142-Ac-NI	U-4730-UT-1011-0001-1-01	STH-U-4730-0102
2"-AI-4730-04145-Ac-NI	U-4730-UT-1011-0001-1-01	STH-U-4730-0102
3/4"-AI-4730-04138-Ac-NI	U-4730-UT-1011-0001-1-01	STH-U-4730-0102
3/4"-AI-4730-04141-Ac-NI	U-4730-UT-1011-0001-1-01	STH-U-4730-0102
3/4"-AI-4730-09013-Ac-NI	U-4730-UT-1011-0001-1-01	STH-U-4730-0102
3/4"-AI-4730-09056-Ac-NI	U-4730-UT-1011-0001-1-01	STH-U-4730-0102
3/4"-AI-4730-09058-Ac-NI	U-4730-UT-1011-0001-1-01	STH-U-4730-0102
3/4"-AI-4730-09059-Ac-NI	U-4730-UT-1011-0001-1-01	STH-U-4730-0102
3/4"-AI-4730-09060-Ac-NI	U-4730-UT-1011-0001-1-01	STH-U-4730-0102
3/4"-AI-4730-09069-Ac-NI	U-4730-UT-1011-0001-1-01	STH-U-4730-0102
3/4"-AI-4730-09070-Ac-NI	U-4730-UT-1011-0001-1-01	STH-U-4730-0102
3/4"-AI-4730-10047-Ac-NI	U-4730-UT-1011-0001-1-01	STH-U-4730-0102
3/4"-AI-4730-10051-Ac-NI	U-4730-UT-1011-0001-1-01	STH-U-4730-0102
3/4"-AI-4730-10132-Ac-NI	U-4730-UT-1011-0001-1-01	STH-U-4730-0102
4"-AI-4730-04146-Ac-NI	U-4730-UT-1011-0001-1-01	STH-U-4730-0102
1"-AS-4730-04129-Aa-NI	U-4730-UT-1010-0001-1-01	STH-U-4730-0101
1"-AS-4730-04131-Aa-NI	U-4730-UT-1010-0001-1-01	STH-U-4730-0101
1"-AS-4730-04133-Aa-NI	U-4730-UT-1010-0001-1-01	STH-U-4730-0101
1"-AS-4730-04882-Aa-NI	U-4730-UT-1010-0001-1-01	STH-U-4730-0101
1"-AS-4730-09103-Aa-NI	U-4730-UT-1010-0001-1-01	STH-U-4730-0101
1.1/2"-AS-4730-04136-Aa-NI	U-4730-UT-1010-0001-1-01	STH-U-4730-0101
1.1/2"-AS-4730-07754-Aa-NI	U-4730-UT-1010-0001-1-01	STH-U-4730-0101
3/4"-AS-4730-04121-Aa-NI	U-4730-UT-1010-0001-1-01	STH-U-4730-0101
3/4"-AS-4730-04122-Aa-NI	U-4730-UT-1010-0001-1-01	STH-U-4730-0101
3/4"-AS-4730-04123-Aa-NI	U-4730-UT-1010-0001-1-01	STH-U-4730-0101
3/4"-AS-4730-04124-Aa-NI	U-4730-UT-1010-0001-1-01	STH-U-4730-0101
3/4"-AS-4730-04125-Aa-NI	U-4730-UT-1010-0001-1-01	STH-U-4730-0101
3/4"-AS-4730-04126-Aa-NI	U-4730-UT-1010-0001-1-01	STH-U-4730-0101
3/4"-AS-4730-04127-Aa-NI	U-4730-UT-1010-0001-1-01	STH-U-4730-0101
3/4"-AS-4730-04128-Aa-NI	U-4730-UT-1010-0001-1-01	STH-U-4730-0101
3/4"-AS-4730-04130-Aa-NI	U-4730-UT-1010-0001-1-01	STH-U-4730-0101
3/4"-AS-4730-04132-Aa-NI	U-4730-UT-1010-0001-1-01	STH-U-4730-0101
3/4"-AS-4730-04134-Aa-NI	U-4730-UT-1010-0001-1-01	STH-U-4730-0101
3/4"-AS-4730-04135-Aa-NI	U-4730-UT-1010-0001-1-01	STH-U-4730-0101
3/4"-AS-4730-09075-Aa-NI	U-4730-UT-1010-0001-1-01	STH-U-4730-0101
3/4"-AS-4730-09076-Aa-NI	U-4730-UT-1010-0001-1-01	STH-U-4730-0101
3/4"-AS-4730-09090-Aa-NI	U-4730-UT-1010-0001-1-01	STH-U-4730-0101
3/4"-AS-4730-09091-Aa-NI	U-4730-UT-1010-0001-1-01	STH-U-4730-0101
3"-AS-4730-04137-Aa-NI	U-4730-UT-1010-0001-1-01	STH-U-4730-0101
1.1/2"-AO-4730-10037-Bf-PP	U-4730-UT-1008-0005-1-04	STH-U-4730-0100
2"-AO-4730-10038-Bf-PP	U-4730-UT-1008-0005-1-04	STH-U-4730-0100
6"-V4-4730-10036-Bf-PP	U-4730-UT-1008-0005-1-03	STH-U-4730-0099
6"-V4-4730-10035-Bf-PP	U-4730-UT-1008-0005-1-02	STH-U-4730-0097
3/4"-DRAIN-4730-AM784/N5-Ba-IQ	U-4730-UT-1008-0003-1-06	STH-U-4730-0123
8"-V4-4730-12975-Bf-PP	U-4730-UT-1008-0003-1-03	Não encontrada
8"-V4-4730-12976-Bf-PP	U-4730-UT-1008-0003-1-02	Não encontrada
12"-V4-4730-04059-Bf-IQ	U-4730-UT-1008-0003-1-01	STH-U-4730-0096
10"-V4-4730-12307-Bf-IQ	U-4730-UT-1008-0003-1-01	STH-U-4730-0096
10"-V4-4730-12308-Bf-IQ	U-4730-UT-1008-0003-1-01	STH-U-4730-0096
16"-V4-4730-12306-Bf-IQ	U-4730-UT-1008-0003-1-01	STH-U-4730-0096
3"-V4-4730-07550-Bf-IQ	U-4730-UT-1008-0003-1-01	STH-U-4730-0096
3"-V4-4730-12309-Bf-IQ	U-4730-UT-1008-0003-1-01	STH-U-4730-0096
3"-V4-4730-12311-Bf-IQ	U-4730-UT-1008-0003-1-01	STH-U-4730-0096
6"-V4-4730-12310-Bf-IQ	U-4730-UT-1008-0003-1-01	STH-U-4730-0096
6"-V4-4730-12312-Bf-IQ	U-4730-UT-1008-0003-1-01	STH-U-4730-0096
8"-V4-4730-12323-Bf-PP	U-4730-UT-1008-0003-1-01	STH-U-4730-0096
1"-V4-4730-04041-Bf-IQ	U-4730-UT-1008-0003-1-01	STH-U-4730-0096
1"-V4-4730-04043-Bf-IQ	U-4730-UT-1008-0003-1-01	STH-U-4730-0096
1"-V4-4730-04044-Bf-IQ	U-4730-UT-1008-0003-1-01	STH-U-4730-0096
1"-V4-4730-04045-Bf-IQ	U-4730-UT-1008-0003-1-01	STH-U-4730-0096
1"-V4-4730-04046-Bf-IQ	U-4730-UT-1008-0003-1-01	STH-U-4730-0096
1"-V4-4730-04047-Bf-IQ	U-4730-UT-1008-0003-1-01	STH-U-4730-0096
1"-V4-4730-04048-Bf-IQ	U-4730-UT-1008-0003-1-01	STH-U-4730-0096
1"-V4-4730-04050-Bf-IQ	U-4730-UT-1008-0003-1-01	STH-U-4730-0096
1"-V4-4730-04053-Bf-IQ	U-4730-UT-1008-0003-1-01	STH-U-4730-0096
1"-V4-4730-04056-Bf-IQ	U-4730-UT-1008-0003-1-01	STH-U-4730-0096
1"-V4-4730-04057-Bf-IQ	U-4730-UT-1008-0003-1-01	STH-U-4730-0096
1"-V4-4730-04060-Bf-IQ	U-4730-UT-1008-0003-1-01	STH-U-4730-0096
1"-V4-4730-07523-Bf-IQ	U-4730-UT-1008-0003-1-01	STH-U-4730-0096
1"-V4-4730-07524-Bf-IQ	U-4730-UT-1008-0003-1-01	STH-U-4730-0096
1"-V4-4730-07526-Bf-IQ	U-4730-UT-1008-0003-1-01	STH-U-4730-0096
1"-V4-4730-07527-Bf-IQ	U-4730-UT-1008-0003-1-01	STH-U-4730-0096
1"-V4-4730-07528-Bf-IQ	U-4730-UT-1008-0003-1-01	STH-U-4730-0096
1"-V4-4730-07529-Bf-IQ	U-4730-UT-1008-0003-1-01	STH-U-4730-0096
1"-V4-4730-07530-Bf-IQ	U-4730-UT-1008-0003-1-01	STH-U-4730-0096
1"-V4-4730-07531-Bf-IQ	U-4730-UT-1008-0003-1-01	STH-U-4730-0096
1"-V4-4730-07532-Bf-IQ	U-4730-UT-1008-0003-1-01	STH-U-4730-0096
1"-V4-4730-07533-Bf-IQ	U-4730-UT-1008-0003-1-01	STH-U-4730-0096
1"-V4-4730-07534-Bf-IQ	U-4730-UT-1008-0003-1-01	STH-U-4730-0096
1"-V4-4730-07535-Bf-IQ	U-4730-UT-1008-0003-1-01	STH-U-4730-0096
1"-V4-4730-07536-Bf-IQ	U-4730-UT-1008-0003-1-01	STH-U-4730-0096
1"-V4-4730-07537-Bf-IQ	U-4730-UT-1008-0003-1-01	STH-U-4730-0096
1"-V4-4730-07538-Bf-IQ	U-4730-UT-1008-0003-1-01	STH-U-4730-0096
1"-V4-4730-07539-Bf-IQ	U-4730-UT-1008-0003-1-01	STH-U-4730-0096
1"-V4-4730-07545-Bf-IQ	U-4730-UT-1008-0003-1-01	STH-U-4730-0096
1"-V4-4730-07546-Bf-IQ	U-4730-UT-1008-0003-1-01	STH-U-4730-0096
1"-V4-4730-07547-Bf-IQ	U-4730-UT-1008-0003-1-01	STH-U-4730-0096
1"-V4-4730-07548-Bf-IQ	U-4730-UT-1008-0003-1-01	STH-U-4730-0096
1"-V4-4730-07549-Bf-IQ	U-4730-UT-1008-0003-1-01	STH-U-4730-0096
1"-V4-4730-07551-Bf-IQ	U-4730-UT-1008-0003-1-01	STH-U-4730-0096
1"-V4-4730-07552-Bf-IQ	U-4730-UT-1008-0003-1-01	STH-U-4730-0096
1"-V4-4730-07553-Bf-IQ	U-4730-UT-1008-0003-1-01	STH-U-4730-0096
1"-V4-4730-07554-Bf-IQ	U-4730-UT-1008-0003-1-01	STH-U-4730-0096
1"-V4-4730-07557-Bf-IQ	U-4730-UT-1008-0003-1-01	STH-U-4730-0096
1"-V4-4730-09073-Bf-IQ	U-4730-UT-1008-0003-1-01	STH-U-4730-0096
1"-V4-4730-09074-Bf-IQ	U-4730-UT-1008-0003-1-01	STH-U-4730-0096
1"-V4-4730-09086-Bf-IQ	U-4730-UT-1008-0003-1-01	STH-U-4730-0096
1"-V4-4730-09087-Bf-IQ	U-4730-UT-1008-0003-1-01	STH-U-4730-0096
1.1/2"-V4-4730-04042-Bf-IQ	U-4730-UT-1008-0003-1-01	STH-U-4730-0096
1.1/2"-V4-4730-04049-Bf-IQ	U-4730-UT-1008-0003-1-01	STH-U-4730-0096
1.1/2"-V4-4730-04052-Bf-IQ	U-4730-UT-1008-0003-1-01	STH-U-4730-0096
1.1/2"-V4-4730-04886-Bf-IQ	U-4730-UT-1008-0003-1-01	STH-U-4730-0096
1.1/2"-V4-4730-10098-Bf-IQ	U-4730-UT-1008-0003-1-01	STH-U-4730-0096
1.1/2"-V4-4730-10099-Bf-IQ	U-4730-UT-1008-0003-1-01	STH-U-4730-0096
1.1/2"-V4-4730-10100-Bf-IQ	U-4730-UT-1008-0003-1-01	STH-U-4730-0096
1.1/2"-V4-4730-10101-Bf-IQ	U-4730-UT-1008-0003-1-01	STH-U-4730-0096
12"-V4-4730-04062-BF-IQ	U-4730-UT-1008-0003-1-01	STH-U-4730-0096
2"-V4-4730-00270-Bf-IQ	U-4730-UT-1008-0003-1-01	STH-U-4730-0096
2"-V4-4730-00271-Bf-IQ	U-4730-UT-1008-0003-1-01	STH-U-4730-0096
2"-V4-4730-00710-Bf-IQ	U-4730-UT-1008-0003-1-01	STH-U-4730-0096
2"-V4-4730-01070-Bf-PP	U-4730-UT-1008-0003-1-01	STH-U-4730-0096
2"-V4-4730-01071-Ec-PP	U-4730-UT-1008-0003-1-01	STH-U-4730-0096
2"-V4-4730-02540-Bf-IQ	U-4730-UT-1008-0003-1-01	STH-U-4730-0096
2"-V4-4730-03130-Bf-IQ	U-4730-UT-1008-0003-1-01	STH-U-4730-0096
2"-V4-4730-07558-Bf-IQ	U-4730-UT-1008-0003-1-01	STH-U-4730-0096
2"-V4-4730-12313-Ec-IQ	U-4730-UT-1008-0003-1-01	STH-U-4730-0096
2"-V4-4730-12315-Ec-IQ	U-4730-UT-1008-0003-1-01	STH-U-4730-0096
3"-V4-4730-04061-Bf-IQ	U-4730-UT-1008-0003-1-01	STH-U-4730-0096
3/4"-C63-4730-12966-Ec-PP	U-4730-UT-1008-0003-1-01	STH-U-4730-0096
3/4"-V4-4730-04654-Bf-IQ	U-4730-UT-1008-0003-1-01	STH-U-4730-0096
3/4"-V4-4730-10030-Bf-IQ	U-4730-UT-1008-0003-1-01	STH-U-4730-0096
3/4"-V4-4730-10126-Bf-IQ	U-4730-UT-1008-0003-1-01	STH-U-4730-0096
3/4"-V4-4730-10127-Bf-IQ	U-4730-UT-1008-0003-1-01	STH-U-4730-0096
3/4"-V4-4730-10128-Bf-IQ	U-4730-UT-1008-0003-1-01	STH-U-4730-0096
3/4"-V4-4730-10145-Bf-IQ	U-4730-UT-1008-0003-1-01	STH-U-4730-0096
3/4"-V4-4730-10790-Bf-PP	U-4730-UT-1008-0003-1-01	STH-U-4730-0096
3/4"-V4-4730-10791-Bf-PP	U-4730-UT-1008-0003-1-01	STH-U-4730-0096
3/4"-V4-4730-10792-Bf-PP	U-4730-UT-1008-0003-1-01	STH-U-4730-0096
3/4"-V4-4730-10793-Bf-PP	U-4730-UT-1008-0003-1-01	STH-U-4730-0096
3/4"-V4-4730-10794-Bf-PP	U-4730-UT-1008-0003-1-01	STH-U-4730-0096
3/4"-V4-4730-10795-Bf-PP	U-4730-UT-1008-0003-1-01	STH-U-4730-0096
3/4"-V4-4730-10796-Bf-PP	U-4730-UT-1008-0003-1-01	STH-U-4730-0096
3/4"-V4-4730-10797-Bf-PP	U-4730-UT-1008-0003-1-01	STH-U-4730-0096
3"-V4-4730-02840-Bf-IQ	U-4730-UT-1008-0003-1-01	STH-U-4730-0096
2"-AO-4730-04876-Bf-PP	U-4730-UT-1008-0002-1-02	STH-U-4730-0095
12"-V4-4730-03734-Bf-PP	U-4730-UT-1008-0002-1-02	STH-U-4730-0095
12"-V4-4730-03735-Bf-PP	U-4730-UT-1008-0002-1-02	STH-U-4730-0095
16"-V4-4730-10137-Bf-PP	U-4730-UT-1008-0002-1-02	STH-U-4730-0095
8"-V4-4730-04267-Bf-PP	U-4730-UT-1008-0002-1-01	STH-U-4730-0094
8"-V4-4730-04268-Bf-PP	U-4730-UT-1008-0002-1-01	STH-U-4730-0094
2"-AO-4730-04873-Bf-PP	U-4730-UT-1008-0002-1-01	STH-U-4730-0094
2"-AO-4730-04789-Bf-PP	U-4730-UT-1008-0001-1-04	STH-U-4730-0093
2"-AO-4730-04855-Bf-PP	U-4730-UT-1008-0001-1-04	STH-U-4730-0093
2"-AO-4730-10031-Bf-PP	U-4730-UT-1008-0001-1-04	STH-U-4730-0093
3"-AO-4730-04790-Bf-PP	U-4730-UT-1008-0001-1-04	STH-U-4730-0093
8"-V4-4730-09131-Ec-PP	U-4730-UT-1008-0001-1-03	STH-U-4730-0092
8"-V4-4730-09130-Bf-PP	U-4730-UT-1008-0001-1-02	STH-U-4730-0091
3"-V4-4730-09078-Bf-PP	U-4730-UT-1008-0001-1-01	STH-U-4730-0090
6"-V29-4730-00540-O1-IQ	U-4730-UT-1007-0002-1-01	STH-U-4730-0089
1/2"-C29-4730-10161-O1-PP	U-4730-UT-1007-0002-1-01	STH-U-4730-0215
3/4"-C29-4730-10162-O1-PP	U-4730-UT-1007-0002-1-01	STH-U-4730-0216
4"-V29-4730-04266-Ce-IQ	U-4730-UT-1007-0001-1-01	STH-U-4730-0088
6"-V29-4730-02901-Ce-IQ	U-4730-UT-1007-0001-1-01	STH-U-4730-0088
6"-V29-4730-02903-Ce-IQ	U-4730-UT-1007-0001-1-01	STH-U-4730-0088
8"-V63-4730-02824-Ec-IQ	U-4730-UT-1006-0003-1-01	STH-U-4730-0087
8"-V63-4730-02827-Ec-IQ	U-4730-UT-1006-0003-1-01	STH-U-4730-0087
8"-V63-4730-02829-Ec-IQ	U-4730-UT-1006-0003-1-01	STH-U-4730-0087
1.1/2"-V63-4730-04741-Ec-IQ	U-4730-UT-1006-0003-1-01	STH-U-4730-0087
1.1/2"-V63-4730-04742-Ec-IQ	U-4730-UT-1006-0003-1-01	STH-U-4730-0087
3"-V63-4730-02470-Ec-IQ	U-4730-UT-1006-0003-1-01	STH-U-4730-0087
6"-V63-4730-00282-Ec-IQ	U-4730-UT-1006-0003-1-01	STH-U-4730-0087
6"-V63-4730-02831-Ec-IQ	U-4730-UT-1006-0003-1-01	STH-U-4730-0087
6"-V63-4730-00283-Ec-IQ	U-4730-UT-1006-0003-1-01	STH-U-4730-0087
12"-V63-4730-00348-Pa-IQ	U-4730-UT-1006-0002-1-02	STH-U-4730-0086
12"-V63-4730-00520-Pa-IQ	U-4730-UT-1006-0002-1-02	STH-U-4730-0086
16"-V29-4730-00526-Pa-IQ	U-4730-UT-1006-0002-1-02	STH-U-4730-0086
8"-V29-4730-00525-Pa-IQ	U-4730-UT-1006-0002-1-02	STH-U-4730-0086
8"-V29-4730-00528-Pa-IQ	U-4730-UT-1006-0002-1-02	STH-U-4730-0086
10"-V63-4730-00346-Pa-IQ	U-4730-UT-1006-0002-1-02	STH-U-4730-0086
8"-V63-4730-00521-Pa-IQ	U-4730-UT-1006-0002-1-02	STH-U-4730-0086
8"-V63-4730-00523-Pa-IQ	U-4730-UT-1006-0002-1-02	STH-U-4730-0086
12"-V63-4730-00342-Pa-IQ	U-4730-UT-1006-0002-1-01	STH-U-4730-0085
16"-V63-4730-00812-Pa-IQ	U-4730-UT-1006-0002-1-01	STH-U-4730-0085
6"-V63-4730-10033-Pa-IQ	U-4730-UT-1006-0002-1-01	STH-U-4730-0085
12"-V63-4730-00344-Pa-IQ	U-4730-UT-1006-0002-1-01	STH-U-4730-0085
10"-V63-4730-00341-Pa-IQ	U-4730-UT-1006-0002-1-01	STH-U-4730-0085
12"-V63-4730-02803-Pa-IQ	U-4730-UT-1006-0002-1-01	STH-U-4730-0085
12"-V63-4730-02806-Pa-IQ	U-4730-UT-1006-0002-1-01	STH-U-4730-0085
4"-V63-4730-10034-Pa-IQ	U-4730-UT-1006-0002-1-01	STH-U-4730-0085
12"-V63-4730-00340-Pa-IQ	U-4730-UT-1006-0002-1-01	STH-U-4730-0085
12"-V63-4730-02801-Pa-IQ	U-4730-UT-1006-0002-1-01	STH-U-4730-0085
3/4"-DRAIN-4730-AM768/N5-Ba-NI	U-4730-UT-1006-0001-1-04	STH-U-4730-0128
1/2"-C43-4730-10150-Ec-PP	U-4730-UT-1006-0001-1-02	STH-U-4730-0083
1/2"-C43-4730-10151-Ec-PP	U-4730-UT-1006-0001-1-02	STH-U-4730-0083
1/2"-C43-4730-10152-Ec-PP	U-4730-UT-1006-0001-1-02	STH-U-4730-0083
10"-V43-4730-02817-Ec-IQ	U-4730-UT-1006-0001-1-02	STH-U-4730-0083
12"-V43-4730-02804-Ec-PP	U-4730-UT-1006-0001-1-02	STH-U-4730-0083
4"-V43-4730-02818-Ec-IQ	U-4730-UT-1006-0001-1-02	STH-U-4730-0083
8"-V43-4730-02820-Ec-IQ	U-4730-UT-1006-0001-1-02	STH-U-4730-0083
12"-V43-4730-02813-Ec-IQ	U-4730-UT-1006-0001-1-01	STH-U-4730-0082
6"-V43-4730-02810-Ec-IQ	U-4730-UT-1006-0001-1-01	STH-U-4730-0082
6"-V43-4730-02811-Ec-IQ	U-4730-UT-1006-0001-1-01	STH-U-4730-0082
12"-V43-4730-04055-Ef-IQ	U-4730-UT-1006-0001-1-01	STH-U-4730-0082
3/4"-V43-4730-04653-Ec-IQ	U-4730-UT-1006-0001-1-01	STH-U-4730-0082
8"-V43-4730-04776-Ef-IQ	U-4730-UT-1006-0001-1-01	STH-U-4730-0082
10"-V43-4730-02815-Ec-IQ	U-4730-UT-1006-0001-1-01	STH-U-4730-0082
1.1/2"-AV-4730-10122-Q3-IQ	U-4730-UT-1003-0003-1-05	STH-U-4730-0081
3/4"-HC-4730-04454-Q3-IQ	U-4730-UT-1003-0003-1-05	STH-U-4730-0058
3/4"-HC-4730-04774-Q3-IQ	U-4730-UT-1003-0003-1-05	STH-U-4730-0058
3/4"-HC-4730-04775-Q3-IQ	U-4730-UT-1003-0003-1-05	STH-U-4730-0058
4"-AV-4730-02604-Q3-IQ	U-4730-UT-1003-0003-1-05	STH-U-4730-0081
1.1/2"-AV-4730-10123-Q3-IQ	U-4730-UT-1003-0003-1-04	STH-U-4730-0081
3/4"-HC-4730-04770-Q3-IQ	U-4730-UT-1003-0003-1-04	STH-U-4730-0058
3/4"-HC-4730-04772-Q3-IQ	U-4730-UT-1003-0003-1-04	STH-U-4730-0058
3/4"-HC-4730-04773-Q3-IQ	U-4730-UT-1003-0003-1-04	STH-U-4730-0058
4"-AV-4730-02606-Q3-IQ	U-4730-UT-1003-0003-1-04	STH-U-4730-0081
6"-AV-4730-02601-O1-IQ	U-4730-UT-1003-0003-1-02	STH-U-4730-0081
6"-AV-4730-02605-O1-IQ	U-4730-UT-1003-0003-1-02	STH-U-4730-0081
3/4"-AV-4730-04808-O1-IQ	U-4730-UT-1003-0003-1-02	STH-U-4730-0081
6"-AV-4730-02927-O1-IQ	U-4730-UT-1003-0003-1-01	STH-U-4730-0080
3/4"-DRAIN-4730-AM529/N5-Ba-NI	U-4730-UT-1003-0002-1-10	STH-U-4730-0129
3"-Ca-4730-02925-O1-IQ	U-4730-UT-1003-0002-1-09	STH-U-4730-0079
4"-HC-4730-04189-Mb-NI	U-4730-UT-1003-0002-1-09	STH-U-4730-0130
2"-AO-4730-09002-Ba-NI	U-4730-UT-1003-0002-1-07	STH-U-4730-0133
3/4"-AO-4730-09109-Ba-NI	U-4730-UT-1003-0002-1-07	STH-U-4730-0133
2"-AO-4730-09001-Ba-NI	U-4730-UT-1003-0002-1-06	STH-U-4730-0134
3/4"-AO-4730-09108-Ba-NI	U-4730-UT-1003-0002-1-06	STH-U-4730-0134
3"-Ca-4730-02915-O1-NI	U-4730-UT-1003-0002-1-04	STH-U-4730-0077
3"-Ca-4730-02920-O1-NI	U-4730-UT-1003-0002-1-04	STH-U-4730-0077
3"-Ca-4730-02923-O1-NI	U-4730-UT-1003-0002-1-04	STH-U-4730-0077
3/4"-Ca-4730-04269-O1-NI	U-4730-UT-1003-0002-1-04	STH-U-4730-0078
3/4"-Ca-4730-04270-O1-NI	U-4730-UT-1003-0002-1-04	STH-U-4730-0078
3/4"-Ca-4730-04701-O1-NI	U-4730-UT-1003-0002-1-04	STH-U-4730-0078
3/4"-Ca-4730-04702-O1-NI	U-4730-UT-1003-0002-1-04	STH-U-4730-0078
3/4"-Ca-4730-04703-O1-NI	U-4730-UT-1003-0002-1-04	STH-U-4730-0078
3/4"-Ca-4730-04765-O1-NI	U-4730-UT-1003-0002-1-04	STH-U-4730-0078
4"-Ca-4730-02913-O1-NI	U-4730-UT-1003-0002-1-03	STH-U-4730-0078
4"-Ca-4730-02911-O1-NI	U-4730-UT-1003-0002-1-02	STH-U-4730-0078
3/4"-Ca-4730-04258-Mb-NI	U-4730-UT-1003-0002-1-01	STH-U-4730-0078
4"-Ca-4730-01322-Mb-NI	U-4730-UT-1003-0002-1-01	STH-U-4730-0078
4"-Ca-4730-01324-Mb-NI	U-4730-UT-1003-0002-1-01	STH-U-4730-0078
4"-Ca-4730-02910-Mb-NI	U-4730-UT-1003-0002-1-01	STH-U-4730-0078
1.1/2"-Ca-4730-01320-Mb-NI	U-4730-UT-1003-0001-1-02	STH-U-4730-0077
1.1/2"-Ca-4730-02917-Mb-NI	U-4730-UT-1003-0001-1-01	STH-U-4730-0077
3/4"-DRAIN-4730-CL300/D-AC-NI	U-4730-SR-3015-0002-1-01	STH-U-4730-0135
3/4"-DRAIN-4730-CL001/D-AC-NI	U-4730-SR-3015-0001-1-01	STH-U-4730-0136
3/4"-DRAIN-4730-CL002/D-AC-NI	U-4730-SR-3015-0001-1-01	STH-U-4730-0136
3/4"-DRAIN-4730-CL003/D-AC-NI	U-4730-SR-3015-0001-1-01	STH-U-4730-0136
3/4"-DRAIN-4730-CL004/D-AC-NI	U-4730-SR-3015-0001-1-01	STH-U-4730-0136
3/4"-DRAIN-4730-CL005/D-AC-NI	U-4730-SR-3015-0001-1-01	STH-U-4730-0136
3/4"-DRAIN-4730-CL007/D-AC-NI	U-4730-SR-3015-0001-1-01	STH-U-4730-0136
3/4"-DRAIN-4730-CL008/D-AC-NI	U-4730-SR-3015-0001-1-01	STH-U-4730-0136
3/4"-DRAIN-4730-CL009/D-AC-NI	U-4730-SR-3015-0001-1-01	STH-U-4730-0136
4"-AF-4730-10742-Bh-NI	U-4730-SR-3001-0003-1-05	STH-U-4730-0076
6"-AF-4730-10741-Bh-NI	U-4730-SR-3001-0003-1-05	STH-U-4730-0076
6"-AF-4730-10747-Bh-NI	U-4730-SR-3001-0003-1-04	STH-U-4730-0076
6"-AF-4730-10748-Bh-NI	U-4730-SR-3001-0003-1-03	STH-U-4730-0076
8"-AF-4730-10712-Bh-NI	U-4730-SR-3001-0001-1-03	STH-U-4730-0076
8"-AF-4730-10707-Bh-NI	U-4730-SR-3001-0001-1-02	STH-U-4730-0076
8"-AF-4730-10708-Bh-NI	U-4730-SR-3001-0001-1-02	STH-U-4730-0076
16"-AF-4730-10700-Bh-NI	U-4730-SR-3001-0001-1-01	STH-U-4730-0076
4"-AF-4730-10732-Bh-NI	U-4730-SR-3001-0001-1-01	STH-U-4730-0076
6"-AF-4730-10701-Bh-NI	U-4730-SR-3001-0001-1-01	STH-U-4730-0076
6"-AF-4730-10705-Bh-NI	U-4730-SR-3001-0001-1-01	STH-U-4730-0076
6"-AF-4730-10711-Bh-NI	U-4730-SR-3001-0001-1-01	STH-U-4730-0076
6"-AF-4730-10713-Bh-NI	U-4730-SR-3001-0001-1-01	STH-U-4730-0076
6"-AF-4730-10717-Bh-NI	U-4730-SR-3001-0001-1-01	STH-U-4730-0076
6"-AF-4730-10733-Bh-NI	U-4730-SR-3001-0001-1-01	STH-U-4730-0076
8"-AF-4730-10702-Bh-NI	U-4730-SR-3001-0001-1-01	STH-U-4730-0076
8"-AF-4730-10710-Bh-NI	U-4730-SR-3001-0001-1-01	STH-U-4730-0076
8"-AF-4730-10715-Bh-NI	U-4730-SR-3001-0001-1-01	STH-U-4730-0076
8"-AF-4730-10718-Bh-NI	U-4730-SR-3001-0001-1-01	STH-U-4730-0076
16"-AF-4730-10704-Bh-NI	U-4730-SR-3001-0001-1-01	STH-U-4730-0076
2"-OL-4730-13596-Lb-NI	U-4730-PR-0108-0003-1-04	STH-U-4730-0137
2"-OL-4730-13595-Lb-NI	U-4730-PR-0108-0003-1-03	STH-U-4730-0138
2"-OL-4730-13594-Lb-NI	U-4730-PR-0108-0003-1-02	STH-U-4730-0139
2"-OL-4730-13593-Lb-NI	U-4730-PR-0108-0003-1-01	STH-U-4730-0140
1.1/2"-HD-4730-13401-C13-NI	U-4730-PR-0108-0001-1-03	STH-U-4730-0142
1.1/2"-HD-4730-13402-C13-NI	U-4730-PR-0108-0001-1-03	STH-U-4730-0142
1.1/2"-HD-4730-13403-C13-NI	U-4730-PR-0108-0001-1-03	STH-U-4730-0142
1.1/2"-HD-4730-13404-C13-NI	U-4730-PR-0108-0001-1-03	STH-U-4730-0142
1.1/2"-HD-4730-13405-C13-IQ	U-4730-PR-0108-0001-1-03	STH-U-4730-0142
1.1/2"-HD-4730-13406-C13-IQ	U-4730-PR-0108-0001-1-03	STH-U-4730-0142
1.1/2"-HD-4730-13407-C13-IQ	U-4730-PR-0108-0001-1-03	STH-U-4730-0142
1.1/2"-HD-4730-13408-C13-IQ	U-4730-PR-0108-0001-1-03	STH-U-4730-0142
2"-HD-4730-10570-Ba-NI	U-4730-PR-0108-0001-1-02	STH-U-4730-0143
1"-AO-4730-10564-Ba-NI	U-4730-PR-0108-0001-1-01	STH-U-4730-0144
1.1/2"-AO-4730-10567-Ba-NI	U-4730-PR-0108-0001-1-01	STH-U-4730-0144
2"-OL-4730-13396-Lb-NI	U-4730-PR-0107-0003-1-04	STH-U-4730-0145
2"-OL-4730-13395-Lb-NI	U-4730-PR-0107-0003-1-03	STH-U-4730-0146
2"-OL-4730-13394-Lb-NI	U-4730-PR-0107-0003-1-02	STH-U-4730-0147
2"-OL-4730-13393-Lb-NI	U-4730-PR-0107-0003-1-01	STH-U-4730-0148
1.1/2"-HD-4730-13201-C13-NI	U-4730-PR-0107-0001-1-03	STH-U-4730-0149
1.1/2"-HD-4730-13202-C13-NI	U-4730-PR-0107-0001-1-03	STH-U-4730-0149
1.1/2"-HD-4730-13203-C13-NI	U-4730-PR-0107-0001-1-03	STH-U-4730-0149
1.1/2"-HD-4730-13204-C13-NI	U-4730-PR-0107-0001-1-03	STH-U-4730-0149
1.1/2"-HD-4730-13205-C13-IQ	U-4730-PR-0107-0001-1-03	STH-U-4730-0149
1.1/2"-HD-4730-13206-C13-IQ	U-4730-PR-0107-0001-1-03	STH-U-4730-0149
1.1/2"-HD-4730-13207-C13-IQ	U-4730-PR-0107-0001-1-03	STH-U-4730-0149
1.1/2"-HD-4730-13208-C13-IQ	U-4730-PR-0107-0001-1-03	STH-U-4730-0149
2"-HD-4730-10569-Ba-NI	U-4730-PR-0107-0001-1-02	STH-U-4730-0150
1"-AO-4730-10563-Ba-NI	U-4730-PR-0107-0001-1-01	STH-U-4730-0152
1.1/2"-AO-4730-10566-Ba-NI	U-4730-PR-0107-0001-1-01	STH-U-4730-0152
2"-OL-4730-13196-Lb-NI	U-4730-PR-0106-0003-1-04	STH-U-4730-0153
2"-OL-4730-13195-Lb-NI	U-4730-PR-0106-0003-1-03	STH-U-4730-0153
2"-OL-4730-13194-Lb-NI	U-4730-PR-0106-0003-1-02	STH-U-4730-0154
2"-OL-4730-13193-Lb-NI	U-4730-PR-0106-0003-1-01	STH-U-4730-0155
1.1/2"-HD-4730-13001-C13-NI	U-4730-PR-0106-0001-1-03	STH-U-4730-0156
1.1/2"-HD-4730-13002-C13-NI	U-4730-PR-0106-0001-1-03	STH-U-4730-0156
1.1/2"-HD-4730-13003-C13-NI	U-4730-PR-0106-0001-1-03	STH-U-4730-0156
1.1/2"-HD-4730-13004-C13-NI	U-4730-PR-0106-0001-1-03	STH-U-4730-0156
1.1/2"-HD-4730-13005-C13-IQ	U-4730-PR-0106-0001-1-03	STH-U-4730-0156
1.1/2"-HD-4730-13006-C13-IQ	U-4730-PR-0106-0001-1-03	STH-U-4730-0156
1.1/2"-HD-4730-13007-C13-IQ	U-4730-PR-0106-0001-1-03	STH-U-4730-0156
1.1/2"-HD-4730-13008-C13-IQ	U-4730-PR-0106-0001-1-03	STH-U-4730-0156
2"-HD-4730-10568-Ba-NI	U-4730-PR-0106-0001-1-02	STH-U-4730-0157
1"-AO-4730-10562-Ba-NI	U-4730-PR-0106-0001-1-01	STH-U-4730-0158
1.1/2"-AO-4730-10565-Ba-NI	U-4730-PR-0106-0001-1-01	STH-U-4730-0158
1.1/2"-HS-4730-13801-C13-NI	U-4730-PR-0105-0001-1-03	STH-U-4730-0159
1.1/2"-HS-4730-13802-C13-NI	U-4730-PR-0105-0001-1-03	STH-U-4730-0159
1.1/2"-HS-4730-13803-C13-NI	U-4730-PR-0105-0001-1-03	STH-U-4730-0159
1.1/2"-HS-4730-13804-C13-NI	U-4730-PR-0105-0001-1-03	STH-U-4730-0159
1.1/2"-HS-4730-10553-Ba-NI	U-4730-PR-0105-0001-1-02	STH-U-4730-0160
1"-AO-4730-10551-Ba-NI	U-4730-PR-0105-0001-1-01	STH-U-4730-0161
1.1/2"-AO-4730-10555-Ba-NI	U-4730-PR-0105-0001-1-01	STH-U-4730-0161
1.1/2"-HS-4730-13601-C13-NI	U-4730-PR-0104-0001-1-03	STH-U-4730-0162
1.1/2"-HS-4730-13602-C13-NI	U-4730-PR-0104-0001-1-03	STH-U-4730-0162
1.1/2"-HS-4730-13603-C13-NI	U-4730-PR-0104-0001-1-03	STH-U-4730-0162
1.1/2"-HS-4730-13604-C13-NI	U-4730-PR-0104-0001-1-03	STH-U-4730-0162
1.1/2"-HS-4730-10552-Ba-NI	U-4730-PR-0104-0001-1-02	STH-U-4730-0163
1"-AO-4730-10550-Ba-NI	U-4730-PR-0104-0001-1-01	STH-U-4730-0164
1.1/2"-AO-4730-10554-Ba-NI	U-4730-PR-0104-0001-1-01	STH-U-4730-0164
1.1/2"-DRAIN-4730-P003/D-Ba-PP	U-4730-PR-0103-0003-1-02	STH-U-4730-0165
1.1/2"-VENT-4730-P003/V-Ba-PP	U-4730-PR-0103-0003-1-02	STH-U-4730-0165
2"-C63-4730-12314-Ec-PP	U-4730-PR-0103-0003-1-01	STH-U-4730-0075
2"-C63-4730-12316-Ec-PP	U-4730-PR-0103-0003-1-01	STH-U-4730-0075
2"-C63-4730-12332-Ec-PP	U-4730-PR-0103-0003-1-01	STH-U-4730-0075
2"-C63-4730-14013-Ec-PP	U-4730-PR-0103-0003-1-01	STH-U-4730-0075
2"-C63-4730-14014-Ec-PP	U-4730-PR-0103-0003-1-01	STH-U-4730-0075
1.1/2"-INST-4730-V003/P1-Ec-IQ	U-4730-PR-0103-0001-1-11	STH-U-4730-0166
1.1/2"-INST-4730-V003/P2-Ec-IQ	U-4730-PR-0103-0001-1-11	STH-U-4730-0166
2"-INST-4730-V003/D-Ec-IQ	U-4730-PR-0103-0001-1-11	STH-U-4730-0166
2"-INST-4730-V003/G1-Ec-IQ	U-4730-PR-0103-0001-1-11	STH-U-4730-0166
2"-INST-4730-V003/G3-Ec-IQ	U-4730-PR-0103-0001-1-11	STH-U-4730-0166
2"-INST-4730-V003/L1-Ec-IQ	U-4730-PR-0103-0001-1-11	STH-U-4730-0166
2"-INST-4730-V003/L2-Ec-IQ	U-4730-PR-0103-0001-1-11	STH-U-4730-0166
2"-INST-4730-V003/L3-Ec-IQ	U-4730-PR-0103-0001-1-11	STH-U-4730-0166
2"-INST-4730-V003/L4-Ec-IQ	U-4730-PR-0103-0001-1-11	STH-U-4730-0166
2"-INST-4730-V003/L5-Ec-IQ	U-4730-PR-0103-0001-1-11	STH-U-4730-0166
2"-INST-4730-V003/L6-Ec-IQ	U-4730-PR-0103-0001-1-11	STH-U-4730-0166
1.1/2"-INST-4730-V004/D-Bf-PP	U-4730-PR-0103-0001-1-10	STH-U-4730-0167
2"-DRAIN-4730-V004/D-Bf-PP	U-4730-PR-0103-0001-1-10	STH-U-4730-0167
18"-V4-4730-12352-Bf-PP	U-4730-PR-0103-0001-1-08	STH-U-4730-0074
3/4"-HC-4730-07903-La-PP	U-4730-PR-0103-0001-1-07	STH-U-4730-0073
3/4"-HC-4730-12979-Ba-NI	U-4730-PR-0103-0001-1-07	STH-U-4730-0073
18"-V4-4730-12351-Bf-PP	U-4730-PR-0103-0001-1-07	STH-U-4730-0073
2"-V63-4730-01012-Ec-IQ	U-4730-PR-0103-0001-1-06	STH-U-4730-0072
8"-V4-4730-12336-Bf-PP	U-4730-PR-0103-0001-1-06	STH-U-4730-0072
18"-V4-4730-12350-Bf-PP	U-4730-PR-0103-0001-1-06	STH-U-4730-0072
3"-GC-4730-12834-Bb-NI	U-4730-PR-0103-0001-1-05	STH-U-4730-0071
3"-GC-4730-12835-Bb-NI	U-4730-PR-0103-0001-1-05	STH-U-4730-0071
3"-GC-4730-12836-Bb-NI	U-4730-PR-0103-0001-1-05	STH-U-4730-0071
3"-GC-4730-12837-Bb-NI	U-4730-PR-0103-0001-1-05	STH-U-4730-0071
3"-GC-4730-12838-Bb-NI	U-4730-PR-0103-0001-1-05	STH-U-4730-0071
2"-GC-4730-12810-Bb-NI	U-4730-PR-0103-0001-1-05	STH-U-4730-0071
2"-GC-4730-12811-Bb-NI	U-4730-PR-0103-0001-1-05	STH-U-4730-0071
2"-GC-4730-12812-Bb-NI	U-4730-PR-0103-0001-1-05	STH-U-4730-0071
2"-GC-4730-12813-Bb-NI	U-4730-PR-0103-0001-1-05	STH-U-4730-0071
2"-GC-4730-12814-Bb-NI	U-4730-PR-0103-0001-1-05	STH-U-4730-0071
2"-GC-4730-12815-Bb-NI	U-4730-PR-0103-0001-1-05	STH-U-4730-0071
2"-GC-4730-12816-Bb-NI	U-4730-PR-0103-0001-1-05	STH-U-4730-0071
2"-GC-4730-12817-Bb-NI	U-4730-PR-0103-0001-1-05	STH-U-4730-0071
2"-GC-4730-12818-Bb-NI	U-4730-PR-0103-0001-1-05	STH-U-4730-0071
2"-GC-4730-12819-Bb-NI	U-4730-PR-0103-0001-1-05	STH-U-4730-0071
2"-GC-4730-12820-Bb-NI	U-4730-PR-0103-0001-1-05	STH-U-4730-0071
2"-GC-4730-12821-Bb-NI	U-4730-PR-0103-0001-1-05	STH-U-4730-0071
2"-GC-4730-12822-Bb-NI	U-4730-PR-0103-0001-1-05	STH-U-4730-0071
2"-GC-4730-12823-Bb-NI	U-4730-PR-0103-0001-1-05	STH-U-4730-0071
2"-GC-4730-12824-Bb-NI	U-4730-PR-0103-0001-1-05	STH-U-4730-0071
2"-GC-4730-12825-Bb-NI	U-4730-PR-0103-0001-1-05	STH-U-4730-0071
2"-GC-4730-12826-Bb-NI	U-4730-PR-0103-0001-1-05	STH-U-4730-0071
2"-GC-4730-12827-Bb-NI	U-4730-PR-0103-0001-1-05	STH-U-4730-0071
2"-GC-4730-12828-Bb-NI	U-4730-PR-0103-0001-1-05	STH-U-4730-0071
2"-GC-4730-12829-Bb-NI	U-4730-PR-0103-0001-1-05	STH-U-4730-0071
2"-GC-4730-12830-Bb-NI	U-4730-PR-0103-0001-1-05	STH-U-4730-0071
2"-GC-4730-12831-Bb-NI	U-4730-PR-0103-0001-1-05	STH-U-4730-0071
2"-GC-4730-12832-Bb-NI	U-4730-PR-0103-0001-1-05	STH-U-4730-0071
2"-GC-4730-12833-Bb-NI	U-4730-PR-0103-0001-1-05	STH-U-4730-0071
3"-GC-4730-12839-Bb-NI	U-4730-PR-0103-0001-1-05	STH-U-4730-0071
3"-GC-4730-12840-Bb-NI	U-4730-PR-0103-0001-1-05	STH-U-4730-0071
3"-GC-4730-12841-Bb-NI	U-4730-PR-0103-0001-1-05	STH-U-4730-0071
3"-GC-4730-12842-Bb-NI	U-4730-PR-0103-0001-1-05	STH-U-4730-0071
3"-GC-4730-12843-Bb-NI	U-4730-PR-0103-0001-1-05	STH-U-4730-0071
3"-GC-4730-12844-Bb-NI	U-4730-PR-0103-0001-1-05	STH-U-4730-0071
3"-GC-4730-12845-Bb-NI	U-4730-PR-0103-0001-1-05	STH-U-4730-0071
3"-GC-4730-12846-Bb-NI	U-4730-PR-0103-0001-1-05	STH-U-4730-0071
3"-GC-4730-12847-Bb-NI	U-4730-PR-0103-0001-1-05	STH-U-4730-0071
3"-GC-4730-12848-Bb-NI	U-4730-PR-0103-0001-1-05	STH-U-4730-0071
3"-GC-4730-12849-Bb-NI	U-4730-PR-0103-0001-1-05	STH-U-4730-0071
3"-GC-4730-12850-Bb-NI	U-4730-PR-0103-0001-1-05	STH-U-4730-0071
3"-GC-4730-12851-Bb-NI	U-4730-PR-0103-0001-1-05	STH-U-4730-0071
3"-GC-4730-12852-Bb-NI	U-4730-PR-0103-0001-1-05	STH-U-4730-0071
3"-GC-4730-12853-Bb-NI	U-4730-PR-0103-0001-1-05	STH-U-4730-0071
3"-GC-4730-12854-Bb-NI	U-4730-PR-0103-0001-1-05	STH-U-4730-0071
3"-GC-4730-12855-Bb-NI	U-4730-PR-0103-0001-1-05	STH-U-4730-0071
3"-GC-4730-12856-Bb-NI	U-4730-PR-0103-0001-1-05	STH-U-4730-0071
3"-GC-4730-12857-Bb-NI	U-4730-PR-0103-0001-1-05	STH-U-4730-0071
3"-GC-4730-12858-Bb-NI	U-4730-PR-0103-0001-1-05	STH-U-4730-0071
3"-GC-4730-12859-Bb-NI	U-4730-PR-0103-0001-1-05	STH-U-4730-0071
3"-GC-4730-12860-Bb-NI	U-4730-PR-0103-0001-1-05	STH-U-4730-0071
3"-GC-4730-12861-Bb-NI	U-4730-PR-0103-0001-1-05	STH-U-4730-0071
3"-GC-4730-12862-Bb-NI	U-4730-PR-0103-0001-1-05	STH-U-4730-0071
3"-GC-4730-12863-Bb-NI	U-4730-PR-0103-0001-1-05	STH-U-4730-0071
3"-GC-4730-12864-Bb-NI	U-4730-PR-0103-0001-1-05	STH-U-4730-0071
3"-GC-4730-12865-Bb-NI	U-4730-PR-0103-0001-1-05	STH-U-4730-0071
3"-GC-4730-12866-Bb-NI	U-4730-PR-0103-0001-1-05	STH-U-4730-0071
3"-GC-4730-12867-Bb-NI	U-4730-PR-0103-0001-1-05	STH-U-4730-0071
3"-GC-4730-12868-Bb-NI	U-4730-PR-0103-0001-1-05	STH-U-4730-0071
3"-GC-4730-12869-Bb-NI	U-4730-PR-0103-0001-1-05	STH-U-4730-0071
3"-GC-4730-12870-Bb-NI	U-4730-PR-0103-0001-1-05	STH-U-4730-0071
3"-GC-4730-12871-Bb-NI	U-4730-PR-0103-0001-1-05	STH-U-4730-0071
3"-GC-4730-12872-Bb-NI	U-4730-PR-0103-0001-1-05	STH-U-4730-0071
3"-GC-4730-12873-Bb-NI	U-4730-PR-0103-0001-1-05	STH-U-4730-0071
3"-GC-4730-12874-Bb-NI	U-4730-PR-0103-0001-1-05	STH-U-4730-0071
3"-GC-4730-12875-Bb-NI	U-4730-PR-0103-0001-1-05	STH-U-4730-0071
3"-GC-4730-12876-Bb-NI	U-4730-PR-0103-0001-1-05	STH-U-4730-0071
3"-GC-4730-12877-Bb-NI	U-4730-PR-0103-0001-1-05	STH-U-4730-0071
3"-GC-4730-12878-Bb-NI	U-4730-PR-0103-0001-1-05	STH-U-4730-0071
3"-GC-4730-12879-Bb-NI	U-4730-PR-0103-0001-1-05	STH-U-4730-0071
3"-GC-4730-12880-Bb-NI	U-4730-PR-0103-0001-1-05	STH-U-4730-0071
3"-GC-4730-12881-Bb-NI	U-4730-PR-0103-0001-1-05	STH-U-4730-0071
3"-GC-4730-12882-Bb-NI	U-4730-PR-0103-0001-1-05	STH-U-4730-0071
3"-GC-4730-12883-Bb-NI	U-4730-PR-0103-0001-1-05	STH-U-4730-0071
3"-GC-4730-12884-Bb-NI	U-4730-PR-0103-0001-1-05	STH-U-4730-0071
3"-GC-4730-12885-Bb-NI	U-4730-PR-0103-0001-1-05	STH-U-4730-0071
3"-GC-4730-12886-Bb-NI	U-4730-PR-0103-0001-1-05	STH-U-4730-0071
3"-GC-4730-12887-Bb-NI	U-4730-PR-0103-0001-1-05	STH-U-4730-0071
3"-GC-4730-12888-Bb-NI	U-4730-PR-0103-0001-1-05	STH-U-4730-0071
3"-GC-4730-12889-Bb-NI	U-4730-PR-0103-0001-1-05	STH-U-4730-0071
3"-GC-4730-12890-Bb-NI	U-4730-PR-0103-0001-1-05	STH-U-4730-0071
3"-GC-4730-12891-Bb-NI	U-4730-PR-0103-0001-1-05	STH-U-4730-0071
3"-GC-4730-12892-Bb-NI	U-4730-PR-0103-0001-1-05	STH-U-4730-0071
3"-GC-4730-12893-Bb-NI	U-4730-PR-0103-0001-1-05	STH-U-4730-0071
3"-GC-4730-12894-Bb-NI	U-4730-PR-0103-0001-1-05	STH-U-4730-0071
3"-GC-4730-12895-Bb-NI	U-4730-PR-0103-0001-1-05	STH-U-4730-0071
3"-GC-4730-12896-Bb-NI	U-4730-PR-0103-0001-1-05	STH-U-4730-0071
3"-GC-4730-12897-Bb-NI	U-4730-PR-0103-0001-1-05	STH-U-4730-0071
3"-GC-4730-12898-Bb-NI	U-4730-PR-0103-0001-1-05	STH-U-4730-0071
3"-GC-4730-12899-Bb-NI	U-4730-PR-0103-0001-1-05	STH-U-4730-0071
3"-GC-4730-12900-Bb-NI	U-4730-PR-0103-0001-1-05	STH-U-4730-0071
3"-GC-4730-12901-Bb-NI	U-4730-PR-0103-0001-1-05	STH-U-4730-0071
3"-GC-4730-12902-Bb-NI	U-4730-PR-0103-0001-1-05	STH-U-4730-0071
3"-GC-4730-12903-Bb-NI	U-4730-PR-0103-0001-1-05	STH-U-4730-0071
3"-GC-4730-12904-Bb-NI	U-4730-PR-0103-0001-1-05	STH-U-4730-0071
3"-GC-4730-12905-Bb-NI	U-4730-PR-0103-0001-1-05	STH-U-4730-0071
3"-GC-4730-12906-Bb-NI	U-4730-PR-0103-0001-1-05	STH-U-4730-0071
3"-GC-4730-12907-Bb-NI	U-4730-PR-0103-0001-1-05	STH-U-4730-0071
3"-GC-4730-12908-Bb-NI	U-4730-PR-0103-0001-1-05	STH-U-4730-0071
3"-GC-4730-12909-Bb-NI	U-4730-PR-0103-0001-1-05	STH-U-4730-0071
3"-GC-4730-12910-Bb-NI	U-4730-PR-0103-0001-1-05	STH-U-4730-0071
3"-GC-4730-12911-Bb-NI	U-4730-PR-0103-0001-1-05	STH-U-4730-0071
3"-GC-4730-12912-Bb-NI	U-4730-PR-0103-0001-1-05	STH-U-4730-0071
3"-GC-4730-12913-Bb-NI	U-4730-PR-0103-0001-1-05	STH-U-4730-0071
3"-GC-4730-12914-Bb-NI	U-4730-PR-0103-0001-1-05	STH-U-4730-0071
3"-GC-4730-12915-Bb-NI	U-4730-PR-0103-0001-1-05	STH-U-4730-0071
3"-GC-4730-12916-Bb-NI	U-4730-PR-0103-0001-1-05	STH-U-4730-0071
3"-GC-4730-12917-Bb-NI	U-4730-PR-0103-0001-1-05	STH-U-4730-0071
3"-GC-4730-12918-Bb-NI	U-4730-PR-0103-0001-1-05	STH-U-4730-0071
3"-GC-4730-12919-Bb-NI	U-4730-PR-0103-0001-1-05	STH-U-4730-0071
3"-GC-4730-12920-Bb-NI	U-4730-PR-0103-0001-1-05	STH-U-4730-0071
3"-GC-4730-12921-Bb-NI	U-4730-PR-0103-0001-1-05	STH-U-4730-0071
3"-GC-4730-12922-Bb-NI	U-4730-PR-0103-0001-1-05	STH-U-4730-0071
3"-GC-4730-12923-Bb-NI	U-4730-PR-0103-0001-1-05	STH-U-4730-0071
3"-GC-4730-12924-Bb-NI	U-4730-PR-0103-0001-1-05	STH-U-4730-0071
3"-GC-4730-12925-Bb-NI	U-4730-PR-0103-0001-1-05	STH-U-4730-0071
3"-GC-4730-12926-Bb-NI	U-4730-PR-0103-0001-1-05	STH-U-4730-0071
3"-GC-4730-12927-Bb-NI	U-4730-PR-0103-0001-1-05	STH-U-4730-0071
3"-GC-4730-12928-Bb-NI	U-4730-PR-0103-0001-1-05	STH-U-4730-0071
3"-GC-4730-12929-Bb-NI	U-4730-PR-0103-0001-1-05	STH-U-4730-0071
3"-GC-4730-12714-Bb-NI	U-4730-PR-0103-0001-1-04	STH-U-4730-0070
3"-GC-4730-12715-Bb-NI	U-4730-PR-0103-0001-1-04	STH-U-4730-0070
3"-GC-4730-12716-Bb-NI	U-4730-PR-0103-0001-1-04	STH-U-4730-0070
3"-GC-4730-12717-Bb-NI	U-4730-PR-0103-0001-1-04	STH-U-4730-0070
3"-GC-4730-12718-Bb-NI	U-4730-PR-0103-0001-1-04	STH-U-4730-0070
3"-GC-4730-12719-Bb-NI	U-4730-PR-0103-0001-1-04	STH-U-4730-0070
3"-GC-4730-12720-Bb-NI	U-4730-PR-0103-0001-1-04	STH-U-4730-0070
3"-GC-4730-12721-Bb-NI	U-4730-PR-0103-0001-1-04	STH-U-4730-0070
3"-GC-4730-12722-Bb-NI	U-4730-PR-0103-0001-1-04	STH-U-4730-0070
3"-GC-4730-12723-Bb-NI	U-4730-PR-0103-0001-1-04	STH-U-4730-0070
3"-GC-4730-12724-Bb-NI	U-4730-PR-0103-0001-1-04	STH-U-4730-0070
3"-GC-4730-12725-Bb-NI	U-4730-PR-0103-0001-1-04	STH-U-4730-0070
3"-GC-4730-12726-Bb-NI	U-4730-PR-0103-0001-1-04	STH-U-4730-0070
3"-GC-4730-12727-Bb-NI	U-4730-PR-0103-0001-1-04	STH-U-4730-0070
3"-GC-4730-12728-Bb-NI	U-4730-PR-0103-0001-1-04	STH-U-4730-0070
3"-GC-4730-12729-Bb-NI	U-4730-PR-0103-0001-1-04	STH-U-4730-0070
3"-GC-4730-12730-Bb-NI	U-4730-PR-0103-0001-1-04	STH-U-4730-0070
3"-GC-4730-12731-Bb-NI	U-4730-PR-0103-0001-1-04	STH-U-4730-0070
3"-GC-4730-12732-Bb-NI	U-4730-PR-0103-0001-1-04	STH-U-4730-0070
3"-GC-4730-12733-Bb-NI	U-4730-PR-0103-0001-1-04	STH-U-4730-0070
3"-GC-4730-12734-Bb-NI	U-4730-PR-0103-0001-1-04	STH-U-4730-0070
3"-GC-4730-12735-Bb-NI	U-4730-PR-0103-0001-1-04	STH-U-4730-0070
3"-GC-4730-12736-Bb-NI	U-4730-PR-0103-0001-1-04	STH-U-4730-0070
3"-GC-4730-12737-Bb-NI	U-4730-PR-0103-0001-1-04	STH-U-4730-0070
3"-GC-4730-12738-Bb-NI	U-4730-PR-0103-0001-1-04	STH-U-4730-0070
3"-GC-4730-12739-Bb-NI	U-4730-PR-0103-0001-1-04	STH-U-4730-0070
3"-GC-4730-12740-Bb-NI	U-4730-PR-0103-0001-1-04	STH-U-4730-0070
3"-GC-4730-12741-Bb-NI	U-4730-PR-0103-0001-1-04	STH-U-4730-0070
3"-GC-4730-12742-Bb-NI	U-4730-PR-0103-0001-1-04	STH-U-4730-0070
3"-GC-4730-12743-Bb-NI	U-4730-PR-0103-0001-1-04	STH-U-4730-0070
3"-GC-4730-12744-Bb-NI	U-4730-PR-0103-0001-1-04	STH-U-4730-0070
3"-GC-4730-12745-Bb-NI	U-4730-PR-0103-0001-1-04	STH-U-4730-0070
3"-GC-4730-12746-Bb-NI	U-4730-PR-0103-0001-1-04	STH-U-4730-0070
3"-GC-4730-12747-Bb-NI	U-4730-PR-0103-0001-1-04	STH-U-4730-0070
3"-GC-4730-12748-Bb-NI	U-4730-PR-0103-0001-1-04	STH-U-4730-0070
3"-GC-4730-12749-Bb-NI	U-4730-PR-0103-0001-1-04	STH-U-4730-0070
3"-GC-4730-12750-Bb-NI	U-4730-PR-0103-0001-1-04	STH-U-4730-0070
3"-GC-4730-12751-Bb-NI	U-4730-PR-0103-0001-1-04	STH-U-4730-0070
3"-GC-4730-12752-Bb-NI	U-4730-PR-0103-0001-1-04	STH-U-4730-0070
3"-GC-4730-12753-Bb-NI	U-4730-PR-0103-0001-1-04	STH-U-4730-0070
3"-GC-4730-12754-Bb-NI	U-4730-PR-0103-0001-1-04	STH-U-4730-0070
3"-GC-4730-12755-Bb-NI	U-4730-PR-0103-0001-1-04	STH-U-4730-0070
3"-GC-4730-12756-Bb-NI	U-4730-PR-0103-0001-1-04	STH-U-4730-0070
3"-GC-4730-12757-Bb-NI	U-4730-PR-0103-0001-1-04	STH-U-4730-0070
3"-GC-4730-12758-Bb-NI	U-4730-PR-0103-0001-1-04	STH-U-4730-0070
3"-GC-4730-12759-Bb-NI	U-4730-PR-0103-0001-1-04	STH-U-4730-0070
3"-GC-4730-12760-Bb-NI	U-4730-PR-0103-0001-1-04	STH-U-4730-0070
3"-GC-4730-12761-Bb-NI	U-4730-PR-0103-0001-1-04	STH-U-4730-0070
3"-GC-4730-12762-Bb-NI	U-4730-PR-0103-0001-1-04	STH-U-4730-0070
3"-GC-4730-12763-Bb-NI	U-4730-PR-0103-0001-1-04	STH-U-4730-0070
3"-GC-4730-12764-Bb-NI	U-4730-PR-0103-0001-1-04	STH-U-4730-0070
3"-GC-4730-12765-Bb-NI	U-4730-PR-0103-0001-1-04	STH-U-4730-0070
3"-GC-4730-12766-Bb-NI	U-4730-PR-0103-0001-1-04	STH-U-4730-0070
3"-GC-4730-12767-Bb-NI	U-4730-PR-0103-0001-1-04	STH-U-4730-0070
3"-GC-4730-12768-Bb-NI	U-4730-PR-0103-0001-1-04	STH-U-4730-0070
3"-GC-4730-12769-Bb-NI	U-4730-PR-0103-0001-1-04	STH-U-4730-0070
3"-GC-4730-12770-Bb-NI	U-4730-PR-0103-0001-1-04	STH-U-4730-0070
3"-GC-4730-12771-Bb-NI	U-4730-PR-0103-0001-1-04	STH-U-4730-0070
3"-GC-4730-12772-Bb-NI	U-4730-PR-0103-0001-1-04	STH-U-4730-0070
3"-GC-4730-12773-Bb-NI	U-4730-PR-0103-0001-1-04	STH-U-4730-0070
3"-GC-4730-12774-Bb-NI	U-4730-PR-0103-0001-1-04	STH-U-4730-0070
3"-GC-4730-12775-Bb-NI	U-4730-PR-0103-0001-1-04	STH-U-4730-0070
3"-GC-4730-12776-Bb-NI	U-4730-PR-0103-0001-1-04	STH-U-4730-0070
3"-GC-4730-12777-Bb-NI	U-4730-PR-0103-0001-1-04	STH-U-4730-0070
3"-GC-4730-12778-Bb-NI	U-4730-PR-0103-0001-1-04	STH-U-4730-0070
3"-GC-4730-12779-Bb-NI	U-4730-PR-0103-0001-1-04	STH-U-4730-0070
3"-GC-4730-12780-Bb-NI	U-4730-PR-0103-0001-1-04	STH-U-4730-0070
3"-GC-4730-12781-Bb-NI	U-4730-PR-0103-0001-1-04	STH-U-4730-0070
3"-GC-4730-12782-Bb-NI	U-4730-PR-0103-0001-1-04	STH-U-4730-0070
3"-GC-4730-12783-Bb-NI	U-4730-PR-0103-0001-1-04	STH-U-4730-0070
3"-GC-4730-12784-Bb-NI	U-4730-PR-0103-0001-1-04	STH-U-4730-0070
3"-GC-4730-12785-Bb-NI	U-4730-PR-0103-0001-1-04	STH-U-4730-0070
3"-GC-4730-12786-Bb-NI	U-4730-PR-0103-0001-1-04	STH-U-4730-0070
3"-GC-4730-12787-Bb-NI	U-4730-PR-0103-0001-1-04	STH-U-4730-0070
3"-GC-4730-12788-Bb-NI	U-4730-PR-0103-0001-1-04	STH-U-4730-0070
3"-GC-4730-12789-Bb-NI	U-4730-PR-0103-0001-1-04	STH-U-4730-0070
3"-GC-4730-12790-Bb-NI	U-4730-PR-0103-0001-1-04	STH-U-4730-0070
3"-GC-4730-12791-Bb-NI	U-4730-PR-0103-0001-1-04	STH-U-4730-0070
3"-GC-4730-12792-Bb-NI	U-4730-PR-0103-0001-1-04	STH-U-4730-0070
3"-GC-4730-12793-Bb-NI	U-4730-PR-0103-0001-1-04	STH-U-4730-0070
3"-GC-4730-12794-Bb-NI	U-4730-PR-0103-0001-1-04	STH-U-4730-0070
3"-GC-4730-12795-Bb-NI	U-4730-PR-0103-0001-1-04	STH-U-4730-0070
3"-GC-4730-12796-Bb-NI	U-4730-PR-0103-0001-1-04	STH-U-4730-0070
3"-GC-4730-12797-Bb-NI	U-4730-PR-0103-0001-1-04	STH-U-4730-0070
3"-GC-4730-12798-Bb-NI	U-4730-PR-0103-0001-1-04	STH-U-4730-0070
3"-GC-4730-12799-Bb-NI	U-4730-PR-0103-0001-1-04	STH-U-4730-0070
3"-GC-4730-12800-Bb-NI	U-4730-PR-0103-0001-1-04	STH-U-4730-0070
3"-GC-4730-12801-Bb-NI	U-4730-PR-0103-0001-1-04	STH-U-4730-0070
3"-GC-4730-12802-Bb-NI	U-4730-PR-0103-0001-1-04	STH-U-4730-0070
3"-GC-4730-12803-Bb-NI	U-4730-PR-0103-0001-1-04	STH-U-4730-0070
3"-GC-4730-12804-Bb-NI	U-4730-PR-0103-0001-1-04	STH-U-4730-0070
3"-GC-4730-12805-Bb-NI	U-4730-PR-0103-0001-1-04	STH-U-4730-0070
3"-GC-4730-12806-Bb-NI	U-4730-PR-0103-0001-1-04	STH-U-4730-0070
3"-GC-4730-12807-Bb-NI	U-4730-PR-0103-0001-1-04	STH-U-4730-0070
3"-GC-4730-12808-Bb-NI	U-4730-PR-0103-0001-1-04	STH-U-4730-0070
3"-GC-4730-12809-Bb-NI	U-4730-PR-0103-0001-1-04	STH-U-4730-0070
2"-GC-4730-12690-Bb-NI	U-4730-PR-0103-0001-1-04	STH-U-4730-0070
2"-GC-4730-12691-Bb-NI	U-4730-PR-0103-0001-1-04	STH-U-4730-0070
2"-GC-4730-12692-Bb-NI	U-4730-PR-0103-0001-1-04	STH-U-4730-0070
2"-GC-4730-12693-Bb-NI	U-4730-PR-0103-0001-1-04	STH-U-4730-0070
2"-GC-4730-12694-Bb-NI	U-4730-PR-0103-0001-1-04	STH-U-4730-0070
2"-GC-4730-12695-Bb-NI	U-4730-PR-0103-0001-1-04	STH-U-4730-0070
2"-GC-4730-12696-Bb-NI	U-4730-PR-0103-0001-1-04	STH-U-4730-0070
2"-GC-4730-12697-Bb-NI	U-4730-PR-0103-0001-1-04	STH-U-4730-0070
2"-GC-4730-12698-Bb-NI	U-4730-PR-0103-0001-1-04	STH-U-4730-0070
2"-GC-4730-12699-Bb-NI	U-4730-PR-0103-0001-1-04	STH-U-4730-0070
2"-GC-4730-12700-Bb-NI	U-4730-PR-0103-0001-1-04	STH-U-4730-0070
2"-GC-4730-12701-Bb-NI	U-4730-PR-0103-0001-1-04	STH-U-4730-0070
2"-GC-4730-12702-Bb-NI	U-4730-PR-0103-0001-1-04	STH-U-4730-0070
2"-GC-4730-12703-Bb-NI	U-4730-PR-0103-0001-1-04	STH-U-4730-0070
2"-GC-4730-12704-Bb-NI	U-4730-PR-0103-0001-1-04	STH-U-4730-0070
2"-GC-4730-12705-Bb-NI	U-4730-PR-0103-0001-1-04	STH-U-4730-0070
2"-GC-4730-12706-Bb-NI	U-4730-PR-0103-0001-1-04	STH-U-4730-0070
2"-GC-4730-12707-Bb-NI	U-4730-PR-0103-0001-1-04	STH-U-4730-0070
2"-GC-4730-12708-Bb-NI	U-4730-PR-0103-0001-1-04	STH-U-4730-0070
2"-GC-4730-12709-Bb-NI	U-4730-PR-0103-0001-1-04	STH-U-4730-0070
2"-GC-4730-12710-Bb-NI	U-4730-PR-0103-0001-1-04	STH-U-4730-0070
2"-GC-4730-12711-Bb-NI	U-4730-PR-0103-0001-1-04	STH-U-4730-0070
2"-GC-4730-12712-Bb-NI	U-4730-PR-0103-0001-1-04	STH-U-4730-0070
2"-GC-4730-12713-Bb-NI	U-4730-PR-0103-0001-1-04	STH-U-4730-0070
3"-GC-4730-12594-Bb-NI	U-4730-PR-0103-0001-1-03	STH-U-4730-0069
3"-GC-4730-12595-Bb-NI	U-4730-PR-0103-0001-1-03	STH-U-4730-0069
3"-GC-4730-12596-Bb-NI	U-4730-PR-0103-0001-1-03	STH-U-4730-0069
3"-GC-4730-12597-Bb-NI	U-4730-PR-0103-0001-1-03	STH-U-4730-0069
3"-GC-4730-12598-Bb-NI	U-4730-PR-0103-0001-1-03	STH-U-4730-0069
3"-GC-4730-12599-Bb-NI	U-4730-PR-0103-0001-1-03	STH-U-4730-0069
3"-GC-4730-12600-Bb-NI	U-4730-PR-0103-0001-1-03	STH-U-4730-0069
3"-GC-4730-12601-Bb-NI	U-4730-PR-0103-0001-1-03	STH-U-4730-0069
3"-GC-4730-12602-Bb-NI	U-4730-PR-0103-0001-1-03	STH-U-4730-0069
3"-GC-4730-12603-Bb-NI	U-4730-PR-0103-0001-1-03	STH-U-4730-0069
3"-GC-4730-12604-Bb-NI	U-4730-PR-0103-0001-1-03	STH-U-4730-0069
3"-GC-4730-12605-Bb-NI	U-4730-PR-0103-0001-1-03	STH-U-4730-0069
3"-GC-4730-12606-Bb-NI	U-4730-PR-0103-0001-1-03	STH-U-4730-0069
3"-GC-4730-12607-Bb-NI	U-4730-PR-0103-0001-1-03	STH-U-4730-0069
3"-GC-4730-12608-Bb-NI	U-4730-PR-0103-0001-1-03	STH-U-4730-0069
3"-GC-4730-12609-Bb-NI	U-4730-PR-0103-0001-1-03	STH-U-4730-0069
3"-GC-4730-12610-Bb-NI	U-4730-PR-0103-0001-1-03	STH-U-4730-0069
3"-GC-4730-12611-Bb-NI	U-4730-PR-0103-0001-1-03	STH-U-4730-0069
3"-GC-4730-12612-Bb-NI	U-4730-PR-0103-0001-1-03	STH-U-4730-0069
3"-GC-4730-12613-Bb-NI	U-4730-PR-0103-0001-1-03	STH-U-4730-0069
3"-GC-4730-12614-Bb-NI	U-4730-PR-0103-0001-1-03	STH-U-4730-0069
3"-GC-4730-12615-Bb-NI	U-4730-PR-0103-0001-1-03	STH-U-4730-0069
3"-GC-4730-12616-Bb-NI	U-4730-PR-0103-0001-1-03	STH-U-4730-0069
3"-GC-4730-12617-Bb-NI	U-4730-PR-0103-0001-1-03	STH-U-4730-0069
3"-GC-4730-12618-Bb-NI	U-4730-PR-0103-0001-1-03	STH-U-4730-0069
3"-GC-4730-12619-Bb-NI	U-4730-PR-0103-0001-1-03	STH-U-4730-0069
3"-GC-4730-12620-Bb-NI	U-4730-PR-0103-0001-1-03	STH-U-4730-0069
3"-GC-4730-12621-Bb-NI	U-4730-PR-0103-0001-1-03	STH-U-4730-0069
3"-GC-4730-12622-Bb-NI	U-4730-PR-0103-0001-1-03	STH-U-4730-0069
3"-GC-4730-12623-Bb-NI	U-4730-PR-0103-0001-1-03	STH-U-4730-0069
3"-GC-4730-12624-Bb-NI	U-4730-PR-0103-0001-1-03	STH-U-4730-0069
3"-GC-4730-12625-Bb-NI	U-4730-PR-0103-0001-1-03	STH-U-4730-0069
3"-GC-4730-12626-Bb-NI	U-4730-PR-0103-0001-1-03	STH-U-4730-0069
3"-GC-4730-12627-Bb-NI	U-4730-PR-0103-0001-1-03	STH-U-4730-0069
3"-GC-4730-12628-Bb-NI	U-4730-PR-0103-0001-1-03	STH-U-4730-0069
3"-GC-4730-12629-Bb-NI	U-4730-PR-0103-0001-1-03	STH-U-4730-0069
3"-GC-4730-12630-Bb-NI	U-4730-PR-0103-0001-1-03	STH-U-4730-0069
3"-GC-4730-12631-Bb-NI	U-4730-PR-0103-0001-1-03	STH-U-4730-0069
3"-GC-4730-12632-Bb-NI	U-4730-PR-0103-0001-1-03	STH-U-4730-0069
3"-GC-4730-12633-Bb-NI	U-4730-PR-0103-0001-1-03	STH-U-4730-0069
3"-GC-4730-12634-Bb-NI	U-4730-PR-0103-0001-1-03	STH-U-4730-0069
3"-GC-4730-12635-Bb-NI	U-4730-PR-0103-0001-1-03	STH-U-4730-0069
3"-GC-4730-12636-Bb-NI	U-4730-PR-0103-0001-1-03	STH-U-4730-0069
3"-GC-4730-12637-Bb-NI	U-4730-PR-0103-0001-1-03	STH-U-4730-0069
3"-GC-4730-12638-Bb-NI	U-4730-PR-0103-0001-1-03	STH-U-4730-0069
3"-GC-4730-12639-Bb-NI	U-4730-PR-0103-0001-1-03	STH-U-4730-0069
3"-GC-4730-12640-Bb-NI	U-4730-PR-0103-0001-1-03	STH-U-4730-0069
3"-GC-4730-12641-Bb-NI	U-4730-PR-0103-0001-1-03	STH-U-4730-0069
3"-GC-4730-12642-Bb-NI	U-4730-PR-0103-0001-1-03	STH-U-4730-0069
3"-GC-4730-12643-Bb-NI	U-4730-PR-0103-0001-1-03	STH-U-4730-0069
3"-GC-4730-12644-Bb-NI	U-4730-PR-0103-0001-1-03	STH-U-4730-0069
3"-GC-4730-12645-Bb-NI	U-4730-PR-0103-0001-1-03	STH-U-4730-0069
3"-GC-4730-12646-Bb-NI	U-4730-PR-0103-0001-1-03	STH-U-4730-0069
3"-GC-4730-12647-Bb-NI	U-4730-PR-0103-0001-1-03	STH-U-4730-0069
3"-GC-4730-12648-Bb-NI	U-4730-PR-0103-0001-1-03	STH-U-4730-0069
3"-GC-4730-12649-Bb-NI	U-4730-PR-0103-0001-1-03	STH-U-4730-0069
3"-GC-4730-12650-Bb-NI	U-4730-PR-0103-0001-1-03	STH-U-4730-0069
3"-GC-4730-12651-Bb-NI	U-4730-PR-0103-0001-1-03	STH-U-4730-0069
3"-GC-4730-12652-Bb-NI	U-4730-PR-0103-0001-1-03	STH-U-4730-0069
3"-GC-4730-12653-Bb-NI	U-4730-PR-0103-0001-1-03	STH-U-4730-0069
3"-GC-4730-12654-Bb-NI	U-4730-PR-0103-0001-1-03	STH-U-4730-0069
3"-GC-4730-12655-Bb-NI	U-4730-PR-0103-0001-1-03	STH-U-4730-0069
3"-GC-4730-12656-Bb-NI	U-4730-PR-0103-0001-1-03	STH-U-4730-0069
3"-GC-4730-12657-Bb-NI	U-4730-PR-0103-0001-1-03	STH-U-4730-0069
3"-GC-4730-12658-Bb-NI	U-4730-PR-0103-0001-1-03	STH-U-4730-0069
3"-GC-4730-12659-Bb-NI	U-4730-PR-0103-0001-1-03	STH-U-4730-0069
3"-GC-4730-12660-Bb-NI	U-4730-PR-0103-0001-1-03	STH-U-4730-0069
3"-GC-4730-12661-Bb-NI	U-4730-PR-0103-0001-1-03	STH-U-4730-0069
3"-GC-4730-12662-Bb-NI	U-4730-PR-0103-0001-1-03	STH-U-4730-0069
3"-GC-4730-12663-Bb-NI	U-4730-PR-0103-0001-1-03	STH-U-4730-0069
3"-GC-4730-12664-Bb-NI	U-4730-PR-0103-0001-1-03	STH-U-4730-0069
3"-GC-4730-12665-Bb-NI	U-4730-PR-0103-0001-1-03	STH-U-4730-0069
3"-GC-4730-12666-Bb-NI	U-4730-PR-0103-0001-1-03	STH-U-4730-0069
3"-GC-4730-12667-Bb-NI	U-4730-PR-0103-0001-1-03	STH-U-4730-0069
3"-GC-4730-12668-Bb-NI	U-4730-PR-0103-0001-1-03	STH-U-4730-0069
3"-GC-4730-12669-Bb-NI	U-4730-PR-0103-0001-1-03	STH-U-4730-0069
3"-GC-4730-12670-Bb-NI	U-4730-PR-0103-0001-1-03	STH-U-4730-0069
3"-GC-4730-12671-Bb-NI	U-4730-PR-0103-0001-1-03	STH-U-4730-0069
3"-GC-4730-12672-Bb-NI	U-4730-PR-0103-0001-1-03	STH-U-4730-0069
3"-GC-4730-12673-Bb-NI	U-4730-PR-0103-0001-1-03	STH-U-4730-0069
3"-GC-4730-12674-Bb-NI	U-4730-PR-0103-0001-1-03	STH-U-4730-0069
3"-GC-4730-12675-Bb-NI	U-4730-PR-0103-0001-1-03	STH-U-4730-0069
3"-GC-4730-12676-Bb-NI	U-4730-PR-0103-0001-1-03	STH-U-4730-0069
3"-GC-4730-12677-Bb-NI	U-4730-PR-0103-0001-1-03	STH-U-4730-0069
3"-GC-4730-12678-Bb-NI	U-4730-PR-0103-0001-1-03	STH-U-4730-0069
3"-GC-4730-12679-Bb-NI	U-4730-PR-0103-0001-1-03	STH-U-4730-0069
3"-GC-4730-12680-Bb-NI	U-4730-PR-0103-0001-1-03	STH-U-4730-0069
3"-GC-4730-12681-Bb-NI	U-4730-PR-0103-0001-1-03	STH-U-4730-0069
3"-GC-4730-12682-Bb-NI	U-4730-PR-0103-0001-1-03	STH-U-4730-0069
3"-GC-4730-12683-Bb-NI	U-4730-PR-0103-0001-1-03	STH-U-4730-0069
3"-GC-4730-12684-Bb-NI	U-4730-PR-0103-0001-1-03	STH-U-4730-0069
3"-GC-4730-12685-Bb-NI	U-4730-PR-0103-0001-1-03	STH-U-4730-0069
3"-GC-4730-12686-Bb-NI	U-4730-PR-0103-0001-1-03	STH-U-4730-0069
3"-GC-4730-12687-Bb-NI	U-4730-PR-0103-0001-1-03	STH-U-4730-0069
3"-GC-4730-12688-Bb-NI	U-4730-PR-0103-0001-1-03	STH-U-4730-0069
3"-GC-4730-12689-Bb-NI	U-4730-PR-0103-0001-1-03	STH-U-4730-0069
2"-GC-4730-12570-Bb-NI	U-4730-PR-0103-0001-1-03	STH-U-4730-0069
2"-GC-4730-12571-Bb-NI	U-4730-PR-0103-0001-1-03	STH-U-4730-0069
2"-GC-4730-12572-Bb-NI	U-4730-PR-0103-0001-1-03	STH-U-4730-0069
2"-GC-4730-12573-Bb-NI	U-4730-PR-0103-0001-1-03	STH-U-4730-0069
2"-GC-4730-12574-Bb-NI	U-4730-PR-0103-0001-1-03	STH-U-4730-0069
2"-GC-4730-12575-Bb-NI	U-4730-PR-0103-0001-1-03	STH-U-4730-0069
2"-GC-4730-12576-Bb-NI	U-4730-PR-0103-0001-1-03	STH-U-4730-0069
2"-GC-4730-12577-Bb-NI	U-4730-PR-0103-0001-1-03	STH-U-4730-0069
2"-GC-4730-12578-Bb-NI	U-4730-PR-0103-0001-1-03	STH-U-4730-0069
2"-GC-4730-12579-Bb-NI	U-4730-PR-0103-0001-1-03	STH-U-4730-0069
2"-GC-4730-12580-Bb-NI	U-4730-PR-0103-0001-1-03	STH-U-4730-0069
2"-GC-4730-12581-Bb-NI	U-4730-PR-0103-0001-1-03	STH-U-4730-0069
2"-GC-4730-12582-Bb-NI	U-4730-PR-0103-0001-1-03	STH-U-4730-0069
2"-GC-4730-12583-Bb-NI	U-4730-PR-0103-0001-1-03	STH-U-4730-0069
2"-GC-4730-12584-Bb-NI	U-4730-PR-0103-0001-1-03	STH-U-4730-0069
2"-GC-4730-12585-Bb-NI	U-4730-PR-0103-0001-1-03	STH-U-4730-0069
2"-GC-4730-12586-Bb-NI	U-4730-PR-0103-0001-1-03	STH-U-4730-0069
2"-GC-4730-12587-Bb-NI	U-4730-PR-0103-0001-1-03	STH-U-4730-0069
2"-GC-4730-12588-Bb-NI	U-4730-PR-0103-0001-1-03	STH-U-4730-0069
2"-GC-4730-12589-Bb-NI	U-4730-PR-0103-0001-1-03	STH-U-4730-0069
2"-GC-4730-12590-Bb-NI	U-4730-PR-0103-0001-1-03	STH-U-4730-0069
2"-GC-4730-12591-Bb-NI	U-4730-PR-0103-0001-1-03	STH-U-4730-0069
2"-GC-4730-12592-Bb-NI	U-4730-PR-0103-0001-1-03	STH-U-4730-0069
2"-GC-4730-12593-Bb-NI	U-4730-PR-0103-0001-1-03	STH-U-4730-0069
3"-GC-4730-12564-Bb-NI	U-4730-PR-0103-0001-1-02	STH-U-4730-0068
3"-GC-4730-12565-Bb-NI	U-4730-PR-0103-0001-1-02	STH-U-4730-0068
3"-GC-4730-12566-Bb-NI	U-4730-PR-0103-0001-1-02	STH-U-4730-0068
3"-GC-4730-12567-Bb-NI	U-4730-PR-0103-0001-1-02	STH-U-4730-0068
3"-GC-4730-12568-Bb-NI	U-4730-PR-0103-0001-1-02	STH-U-4730-0068
3"-GC-4730-12569-Bb-NI	U-4730-PR-0103-0001-1-02	STH-U-4730-0068
2"-GC-4730-12450-Bb-NI	U-4730-PR-0103-0001-1-02	STH-U-4730-0068
2"-GC-4730-12451-Bb-NI	U-4730-PR-0103-0001-1-02	STH-U-4730-0068
2"-GC-4730-12452-Bb-NI	U-4730-PR-0103-0001-1-02	STH-U-4730-0068
2"-GC-4730-12453-Bb-NI	U-4730-PR-0103-0001-1-02	STH-U-4730-0068
2"-GC-4730-12454-Bb-NI	U-4730-PR-0103-0001-1-02	STH-U-4730-0068
2"-GC-4730-12455-Bb-NI	U-4730-PR-0103-0001-1-02	STH-U-4730-0068
2"-GC-4730-12456-Bb-NI	U-4730-PR-0103-0001-1-02	STH-U-4730-0068
2"-GC-4730-12457-Bb-NI	U-4730-PR-0103-0001-1-02	STH-U-4730-0068
2"-GC-4730-12458-Bb-NI	U-4730-PR-0103-0001-1-02	STH-U-4730-0068
2"-GC-4730-12459-Bb-NI	U-4730-PR-0103-0001-1-02	STH-U-4730-0068
2"-GC-4730-12460-Bb-NI	U-4730-PR-0103-0001-1-02	STH-U-4730-0068
2"-GC-4730-12461-Bb-NI	U-4730-PR-0103-0001-1-02	STH-U-4730-0068
2"-GC-4730-12462-Bb-NI	U-4730-PR-0103-0001-1-02	STH-U-4730-0068
2"-GC-4730-12463-Bb-NI	U-4730-PR-0103-0001-1-02	STH-U-4730-0068
2"-GC-4730-12464-Bb-NI	U-4730-PR-0103-0001-1-02	STH-U-4730-0068
2"-GC-4730-12465-Bb-NI	U-4730-PR-0103-0001-1-02	STH-U-4730-0068
2"-GC-4730-12466-Bb-NI	U-4730-PR-0103-0001-1-02	STH-U-4730-0068
2"-GC-4730-12467-Bb-NI	U-4730-PR-0103-0001-1-02	STH-U-4730-0068
2"-GC-4730-12468-Bb-NI	U-4730-PR-0103-0001-1-02	STH-U-4730-0068
2"-GC-4730-12469-Bb-NI	U-4730-PR-0103-0001-1-02	STH-U-4730-0068
2"-GC-4730-12470-Bb-NI	U-4730-PR-0103-0001-1-02	STH-U-4730-0068
2"-GC-4730-12471-Bb-NI	U-4730-PR-0103-0001-1-02	STH-U-4730-0068
2"-GC-4730-12472-Bb-NI	U-4730-PR-0103-0001-1-02	STH-U-4730-0068
2"-GC-4730-12473-Bb-NI	U-4730-PR-0103-0001-1-02	STH-U-4730-0068
3"-GC-4730-12474-Bb-NI	U-4730-PR-0103-0001-1-02	STH-U-4730-0068
3"-GC-4730-12475-Bb-NI	U-4730-PR-0103-0001-1-02	STH-U-4730-0068
3"-GC-4730-12476-Bb-NI	U-4730-PR-0103-0001-1-02	STH-U-4730-0068
3"-GC-4730-12477-Bb-NI	U-4730-PR-0103-0001-1-02	STH-U-4730-0068
3"-GC-4730-12478-Bb-NI	U-4730-PR-0103-0001-1-02	STH-U-4730-0068
3"-GC-4730-12479-Bb-NI	U-4730-PR-0103-0001-1-02	STH-U-4730-0068
3"-GC-4730-12480-Bb-NI	U-4730-PR-0103-0001-1-02	STH-U-4730-0068
3"-GC-4730-12481-Bb-NI	U-4730-PR-0103-0001-1-02	STH-U-4730-0068
3"-GC-4730-12482-Bb-NI	U-4730-PR-0103-0001-1-02	STH-U-4730-0068
3"-GC-4730-12483-Bb-NI	U-4730-PR-0103-0001-1-02	STH-U-4730-0068
3"-GC-4730-12484-Bb-NI	U-4730-PR-0103-0001-1-02	STH-U-4730-0068
3"-GC-4730-12485-Bb-NI	U-4730-PR-0103-0001-1-02	STH-U-4730-0068
3"-GC-4730-12486-Bb-NI	U-4730-PR-0103-0001-1-02	STH-U-4730-0068
3"-GC-4730-12487-Bb-NI	U-4730-PR-0103-0001-1-02	STH-U-4730-0068
3"-GC-4730-12488-Bb-NI	U-4730-PR-0103-0001-1-02	STH-U-4730-0068
3"-GC-4730-12489-Bb-NI	U-4730-PR-0103-0001-1-02	STH-U-4730-0068
3"-GC-4730-12490-Bb-NI	U-4730-PR-0103-0001-1-02	STH-U-4730-0068
3"-GC-4730-12491-Bb-NI	U-4730-PR-0103-0001-1-02	STH-U-4730-0068
3"-GC-4730-12492-Bb-NI	U-4730-PR-0103-0001-1-02	STH-U-4730-0068
3"-GC-4730-12493-Bb-NI	U-4730-PR-0103-0001-1-02	STH-U-4730-0068
3"-GC-4730-12494-Bb-NI	U-4730-PR-0103-0001-1-02	STH-U-4730-0068
3"-GC-4730-12495-Bb-NI	U-4730-PR-0103-0001-1-02	STH-U-4730-0068
3"-GC-4730-12496-Bb-NI	U-4730-PR-0103-0001-1-02	STH-U-4730-0068
3"-GC-4730-12497-Bb-NI	U-4730-PR-0103-0001-1-02	STH-U-4730-0068
3"-GC-4730-12498-Bb-NI	U-4730-PR-0103-0001-1-02	STH-U-4730-0068
3"-GC-4730-12499-Bb-NI	U-4730-PR-0103-0001-1-02	STH-U-4730-0068
3"-GC-4730-12500-Bb-NI	U-4730-PR-0103-0001-1-02	STH-U-4730-0068
3"-GC-4730-12501-Bb-NI	U-4730-PR-0103-0001-1-02	STH-U-4730-0068
3"-GC-4730-12502-Bb-NI	U-4730-PR-0103-0001-1-02	STH-U-4730-0068
3"-GC-4730-12503-Bb-NI	U-4730-PR-0103-0001-1-02	STH-U-4730-0068
3"-GC-4730-12504-Bb-NI	U-4730-PR-0103-0001-1-02	STH-U-4730-0068
3"-GC-4730-12505-Bb-NI	U-4730-PR-0103-0001-1-02	STH-U-4730-0068
3"-GC-4730-12506-Bb-NI	U-4730-PR-0103-0001-1-02	STH-U-4730-0068
3"-GC-4730-12507-Bb-NI	U-4730-PR-0103-0001-1-02	STH-U-4730-0068
3"-GC-4730-12508-Bb-NI	U-4730-PR-0103-0001-1-02	STH-U-4730-0068
3"-GC-4730-12509-Bb-NI	U-4730-PR-0103-0001-1-02	STH-U-4730-0068
3"-GC-4730-12510-Bb-NI	U-4730-PR-0103-0001-1-02	STH-U-4730-0068
3"-GC-4730-12511-Bb-NI	U-4730-PR-0103-0001-1-02	STH-U-4730-0068
3"-GC-4730-12512-Bb-NI	U-4730-PR-0103-0001-1-02	STH-U-4730-0068
3"-GC-4730-12513-Bb-NI	U-4730-PR-0103-0001-1-02	STH-U-4730-0068
3"-GC-4730-12514-Bb-NI	U-4730-PR-0103-0001-1-02	STH-U-4730-0068
3"-GC-4730-12515-Bb-NI	U-4730-PR-0103-0001-1-02	STH-U-4730-0068
3"-GC-4730-12516-Bb-NI	U-4730-PR-0103-0001-1-02	STH-U-4730-0068
3"-GC-4730-12517-Bb-NI	U-4730-PR-0103-0001-1-02	STH-U-4730-0068
3"-GC-4730-12518-Bb-NI	U-4730-PR-0103-0001-1-02	STH-U-4730-0068
3"-GC-4730-12519-Bb-NI	U-4730-PR-0103-0001-1-02	STH-U-4730-0068
3"-GC-4730-12520-Bb-NI	U-4730-PR-0103-0001-1-02	STH-U-4730-0068
3"-GC-4730-12521-Bb-NI	U-4730-PR-0103-0001-1-02	STH-U-4730-0068
3"-GC-4730-12522-Bb-NI	U-4730-PR-0103-0001-1-02	STH-U-4730-0068
3"-GC-4730-12523-Bb-NI	U-4730-PR-0103-0001-1-02	STH-U-4730-0068
3"-GC-4730-12524-Bb-NI	U-4730-PR-0103-0001-1-02	STH-U-4730-0068
3"-GC-4730-12525-Bb-NI	U-4730-PR-0103-0001-1-02	STH-U-4730-0068
3"-GC-4730-12526-Bb-NI	U-4730-PR-0103-0001-1-02	STH-U-4730-0068
3"-GC-4730-12527-Bb-NI	U-4730-PR-0103-0001-1-02	STH-U-4730-0068
3"-GC-4730-12528-Bb-NI	U-4730-PR-0103-0001-1-02	STH-U-4730-0068
3"-GC-4730-12529-Bb-NI	U-4730-PR-0103-0001-1-02	STH-U-4730-0068
3"-GC-4730-12530-Bb-NI	U-4730-PR-0103-0001-1-02	STH-U-4730-0068
3"-GC-4730-12531-Bb-NI	U-4730-PR-0103-0001-1-02	STH-U-4730-0068
3"-GC-4730-12532-Bb-NI	U-4730-PR-0103-0001-1-02	STH-U-4730-0068
3"-GC-4730-12533-Bb-NI	U-4730-PR-0103-0001-1-02	STH-U-4730-0068
3"-GC-4730-12534-Bb-NI	U-4730-PR-0103-0001-1-02	STH-U-4730-0068
3"-GC-4730-12535-Bb-NI	U-4730-PR-0103-0001-1-02	STH-U-4730-0068
3"-GC-4730-12536-Bb-NI	U-4730-PR-0103-0001-1-02	STH-U-4730-0068
3"-GC-4730-12537-Bb-NI	U-4730-PR-0103-0001-1-02	STH-U-4730-0068
3"-GC-4730-12538-Bb-NI	U-4730-PR-0103-0001-1-02	STH-U-4730-0068
3"-GC-4730-12539-Bb-NI	U-4730-PR-0103-0001-1-02	STH-U-4730-0068
3"-GC-4730-12540-Bb-NI	U-4730-PR-0103-0001-1-02	STH-U-4730-0068
3"-GC-4730-12541-Bb-NI	U-4730-PR-0103-0001-1-02	STH-U-4730-0068
3"-GC-4730-12542-Bb-NI	U-4730-PR-0103-0001-1-02	STH-U-4730-0068
3"-GC-4730-12543-Bb-NI	U-4730-PR-0103-0001-1-02	STH-U-4730-0068
3"-GC-4730-12544-Bb-NI	U-4730-PR-0103-0001-1-02	STH-U-4730-0068
3"-GC-4730-12545-Bb-NI	U-4730-PR-0103-0001-1-02	STH-U-4730-0068
3"-GC-4730-12546-Bb-NI	U-4730-PR-0103-0001-1-02	STH-U-4730-0068
3"-GC-4730-12547-Bb-NI	U-4730-PR-0103-0001-1-02	STH-U-4730-0068
3"-GC-4730-12548-Bb-NI	U-4730-PR-0103-0001-1-02	STH-U-4730-0068
3"-GC-4730-12549-Bb-NI	U-4730-PR-0103-0001-1-02	STH-U-4730-0068
3"-GC-4730-12550-Bb-NI	U-4730-PR-0103-0001-1-02	STH-U-4730-0068
3"-GC-4730-12551-Bb-NI	U-4730-PR-0103-0001-1-02	STH-U-4730-0068
3"-GC-4730-12552-Bb-NI	U-4730-PR-0103-0001-1-02	STH-U-4730-0068
3"-GC-4730-12553-Bb-NI	U-4730-PR-0103-0001-1-02	STH-U-4730-0068
3"-GC-4730-12554-Bb-NI	U-4730-PR-0103-0001-1-02	STH-U-4730-0068
3"-GC-4730-12555-Bb-NI	U-4730-PR-0103-0001-1-02	STH-U-4730-0068
3"-GC-4730-12556-Bb-NI	U-4730-PR-0103-0001-1-02	STH-U-4730-0068
3"-GC-4730-12557-Bb-NI	U-4730-PR-0103-0001-1-02	STH-U-4730-0068
3"-GC-4730-12558-Bb-NI	U-4730-PR-0103-0001-1-02	STH-U-4730-0068
3"-GC-4730-12559-Bb-NI	U-4730-PR-0103-0001-1-02	STH-U-4730-0068
3"-GC-4730-12560-Bb-NI	U-4730-PR-0103-0001-1-02	STH-U-4730-0068
3"-GC-4730-12561-Bb-NI	U-4730-PR-0103-0001-1-02	STH-U-4730-0068
3"-GC-4730-12562-Bb-NI	U-4730-PR-0103-0001-1-02	STH-U-4730-0068
3"-GC-4730-12563-Bb-NI	U-4730-PR-0103-0001-1-02	STH-U-4730-0068
10"-GC-4730-00915-Bb-NI	U-4730-PR-0103-0001-1-01	STH-U-4730-0064
10"-GC-4730-00916-Bb-NI	U-4730-PR-0103-0001-1-01	STH-U-4730-0064
10"-GC-4730-00935-Bb-NI	U-4730-PR-0103-0001-1-01	STH-U-4730-0064
10"-GC-4730-00936-Bb-NI	U-4730-PR-0103-0001-1-01	STH-U-4730-0064
12"-GC-4730-00917-Bb-NI	U-4730-PR-0103-0001-1-01	STH-U-4730-0064
12"-GC-4730-00918-Bb-NI	U-4730-PR-0103-0001-1-01	STH-U-4730-0064
12"-GC-4730-00921-Bb-NI	U-4730-PR-0103-0001-1-01	STH-U-4730-0064
12"-GC-4730-00922-Bb-NI	U-4730-PR-0103-0001-1-01	STH-U-4730-0064
12"-GC-4730-00937-Bb-NI	U-4730-PR-0103-0001-1-01	STH-U-4730-0064
12"-GC-4730-00938-Bb-NI	U-4730-PR-0103-0001-1-01	STH-U-4730-0064
12"-GC-4730-00941-Bb-NI	U-4730-PR-0103-0001-1-01	STH-U-4730-0064
12"-GC-4730-00942-Bb-NI	U-4730-PR-0103-0001-1-01	STH-U-4730-0064
12"-GC-4730-02206-Bb-NI	U-4730-PR-0103-0001-1-01	STH-U-4730-0064
1.1/2"-HC-4730-02302-Bb-NI	U-4730-PR-0103-0001-1-01	STH-U-4730-0064
12"-GC-4730-12962-Bb-NI	U-4730-PR-0103-0001-1-01	STH-U-4730-0064
18"-GC-4730-00919-Bb-NI	U-4730-PR-0103-0001-1-01	STH-U-4730-0064
18"-GC-4730-00920-Bb-NI	U-4730-PR-0103-0001-1-01	STH-U-4730-0064
18"-GC-4730-00939-Bb-NI	U-4730-PR-0103-0001-1-01	STH-U-4730-0064
18"-GC-4730-00940-Bb-NI	U-4730-PR-0103-0001-1-01	STH-U-4730-0064
30"-GC-4730-00912-Bb-NI	U-4730-PR-0103-0001-1-01	STH-U-4730-0064
30"-GC-4730-00932-Bb-NI	U-4730-PR-0103-0001-1-01	STH-U-4730-0064
4"-V63-4730-12968-Ec-IQ	U-4730-PR-0103-0001-1-01	STH-U-4730-0064
4"-V63-4730-12970-Ec-IQ	U-4730-PR-0103-0001-1-01	STH-U-4730-0064
4"-V63-4730-12972-Ec-IQ	U-4730-PR-0103-0001-1-01	STH-U-4730-0064
48"-GC-4730-00910-Bb-NI	U-4730-PR-0103-0001-1-01	STH-U-4730-0064
24"-GC-4730-00913-Bb-NI	U-4730-PR-0103-0001-1-01	STH-U-4730-0064
24"-GC-4730-00914-Bb-NI	U-4730-PR-0103-0001-1-01	STH-U-4730-0064
24"-GC-4730-00933-Bb-NI	U-4730-PR-0103-0001-1-01	STH-U-4730-0064
24"-GC-4730-00934-Bb-NI+A11674:A11849	U-4730-PR-0103-0001-1-01	STH-U-4730-0064
1.1/2"-DRAIN-4730-TBC002/V6-Ab-NI	U-4730-PR-0102-0006-1-01	STH-U-4730-0168
1.1/2"-DRAIN-4730-TBC002/V7-Ab-NI	U-4730-PR-0102-0006-1-01	STH-U-4730-0168
1.1/2"-DRAIN-4730-TBC002/V8-Ab-NI	U-4730-PR-0102-0006-1-01	STH-U-4730-0168
1.1/2"-DRAIN-4730-TBC002/V9-Ab-NI	U-4730-PR-0102-0006-1-01	STH-U-4730-0168
3"-DRAIN-4730-TBC002/D1-Ba-NI	U-4730-PR-0102-0006-1-01	STH-U-4730-0168
1.1/2"-INST-4730-T001/P1-O1-PP	U-4730-PR-0101-0001-1-09	STH-U-4730-0169
1.1/2"-INST-4730-T001/P2-O1-PP	U-4730-PR-0101-0001-1-09	STH-U-4730-0169
2"-INST-4730-T001/L1-O1-PP	U-4730-PR-0101-0001-1-09	STH-U-4730-0169
2"-INST-4730-T001/L2-O1-PP	U-4730-PR-0101-0001-1-09	STH-U-4730-0169
2"-INST-4730-T001/L3-O1-PP	U-4730-PR-0101-0001-1-09	STH-U-4730-0169
2"-INST-4730-T001/L4-O1-PP	U-4730-PR-0101-0001-1-09	STH-U-4730-0169
2"-INST-4730-T001/L5-O1-PP	U-4730-PR-0101-0001-1-09	STH-U-4730-0169
2"-INST-4730-T001/L6-O1-PP	U-4730-PR-0101-0001-1-09	STH-U-4730-0169
30"-HC-4730-05400-C5-AC	U-4730-PR-0100-0006-1-01	STH-U-4730-0067
30"-HC-4730-05402-C5-AC - 30"-HC-4730-05400-C5-AC 	U-4730-PR-0100-0006-1-01	STH-U-4730-0067
16"-HC-4730-05401-C5-AC	U-4730-PR-0100-0006-1-01	STH-U-4730-0067
16"-HC-4730-05402-C5-AC	U-4730-PR-0100-0006-1-01	STH-U-4730-0067
16"-HC-4730-05403-C5-AC	U-4730-PR-0100-0006-1-01	STH-U-4730-0067
16"-HC-4730-05404-C5-AC	U-4730-PR-0100-0006-1-01	STH-U-4730-0067
16"-HC-4730-05405-C5-AC	U-4730-PR-0100-0006-1-01	STH-U-4730-0067
16"-HC-4730-05406-C5-AC	U-4730-PR-0100-0006-1-01	STH-U-4730-0067
10"-HD-4730-05201-C5-AC	U-4730-PR-0100-0002-1-01	STH-U-4730-0066
10"-HD-4730-05202-C5-AC	U-4730-PR-0100-0002-1-01	STH-U-4730-0066
10"-HD-4730-05203-C5-AC	U-4730-PR-0100-0002-1-01	STH-U-4730-0066
10"-HD-4730-05204-C5-AC	U-4730-PR-0100-0002-1-01	STH-U-4730-0066
10"-HD-4730-05205-C5-AC	U-4730-PR-0100-0002-1-01	STH-U-4730-0066
10"-HD-4730-05206-C5-AC	U-4730-PR-0100-0002-1-01	STH-U-4730-0066
10"-HD-4730-05207-C5-AC	U-4730-PR-0100-0002-1-01	STH-U-4730-0066
10"-HD-4730-05208-C5-AC	U-4730-PR-0100-0002-1-01	STH-U-4730-0066
10"-HD-4730-05209-C5-AC	U-4730-PR-0100-0002-1-01	STH-U-4730-0066
10"-HD-4730-05210-C5-AC	U-4730-PR-0100-0002-1-01	STH-U-4730-0066
10"-HD-4730-05211-C5-AC	U-4730-PR-0100-0002-1-01	STH-U-4730-0066
10"-HD-4730-05212-C5-AC	U-4730-PR-0100-0002-1-01	STH-U-4730-0066
3"-HC-4730-05901-C5-NI	U-4730-PR-0100-0002-1-01	STH-U-4730-0066
3"-HC-4730-05902-C5-NI	U-4730-PR-0100-0002-1-01	STH-U-4730-0066
3"-HC-4730-05903-C5-NI	U-4730-PR-0100-0002-1-01	STH-U-4730-0066
3"-HC-4730-05904-C5-NI	U-4730-PR-0100-0002-1-01	STH-U-4730-0066
3"-HC-4730-05905-C5-NI	U-4730-PR-0100-0002-1-01	STH-U-4730-0066
3"-HC-4730-05906-C5-NI	U-4730-PR-0100-0002-1-01	STH-U-4730-0066
3"-HC-4730-05907-C5-NI	U-4730-PR-0100-0002-1-01	STH-U-4730-0066
3"-HC-4730-05908-C5-NI	U-4730-PR-0100-0002-1-01	STH-U-4730-0066
3"-HC-4730-05909-C5-NI	U-4730-PR-0100-0002-1-01	STH-U-4730-0066
3"-HC-4730-05910-C5-NI	U-4730-PR-0100-0002-1-01	STH-U-4730-0066
3"-HC-4730-05911-C5-NI	U-4730-PR-0100-0002-1-01	STH-U-4730-0066
3"-HC-4730-05912-C5-NI	U-4730-PR-0100-0002-1-01	STH-U-4730-0066
16"-HC-4730-05101-C5-AC	U-4730-PR-0100-0001-1-01	STH-U-4730-0065
16"-HC-4730-05102-C5-AC	U-4730-PR-0100-0001-1-01	STH-U-4730-0065
16"-HC-4730-05103-C5-AC	U-4730-PR-0100-0001-1-01	STH-U-4730-0065
16"-HC-4730-05104-C5-AC	U-4730-PR-0100-0001-1-01	STH-U-4730-0065
16"-HC-4730-05105-C5-AC	U-4730-PR-0100-0001-1-01	STH-U-4730-0065
16"-HC-4730-05106-C5-AC	U-4730-PR-0100-0001-1-01	STH-U-4730-0065
16"-HC-4730-05107-C5-AC	U-4730-PR-0100-0001-1-01	STH-U-4730-0065
16"-HC-4730-05108-C5-AC	U-4730-PR-0100-0001-1-01	STH-U-4730-0065
16"-HC-4730-05109-C5-AC	U-4730-PR-0100-0001-1-01	STH-U-4730-0065
16"-HC-4730-05110-C5-AC	U-4730-PR-0100-0001-1-01	STH-U-4730-0065
16"-HC-4730-05111-C5-AC	U-4730-PR-0100-0001-1-01	STH-U-4730-0065
16"-HC-4730-05112-C5-AC	U-4730-PR-0100-0001-1-01	STH-U-4730-0065
1.1/2"-DRAIN-4730-TBC001/V6-Ab-NI	U-4730-PR-0099-0006-1-01	STH-U-4730-0170
1.1/2"-DRAIN-4730-TBC001/V7-Ab-NI	U-4730-PR-0099-0006-1-01	STH-U-4730-0170
1.1/2"-DRAIN-4730-TBC001/V8-Ab-NI	U-4730-PR-0099-0006-1-01	STH-U-4730-0170
1.1/2"-DRAIN-4730-TBC001/V9-Ab-NI	U-4730-PR-0099-0006-1-01	STH-U-4730-0170
3"-DRAIN-4730-TBC001/D1-Ba-NI	U-4730-PR-0099-0006-1-01	STH-U-4730-0170
3"-DRAIN-4730-TBC001/D2-Ba-NI	U-4730-PR-0099-0006-1-01	STH-U-4730-0170
3"-HC-4730-02303-Bb-NI	U-4730-PR-0098-0002-1-03	STH-U-4730-0171
3"-HC-4730-02301-Bb-NI	U-4730-PR-0098-0002-1-02	STH-U-4730-0064
28"-HC-4730-01413-Bb-NI	U-4730-PR-0098-0002-1-01	STH-U-4730-0064
3/4"-HC-4730-10044-Bb-NI	U-4730-PR-0098-0002-1-01	STH-U-4730-0064
48"-HC-4730-01410-Bb-NI	U-4730-PR-0098-0002-1-01	STH-U-4730-0064
48"-HC-4730-01415-Bb-NI	U-4730-PR-0098-0002-1-01	STH-U-4730-0064
18"-HC-4730-04812-Bb-NI	U-4730-PR-0098-0002-1-01	STH-U-4730-0064
18"-HC-4730-10058-Bb-NI	U-4730-PR-0098-0002-1-01	STH-U-4730-0064
18"-HC-4730-10115-Bb-NI	U-4730-PR-0098-0002-1-01	STH-U-4730-0064
20"-HC-4730-01411-Bb-NI	U-4730-PR-0098-0002-1-01	STH-U-4730-0064
2"-INST-4730-V342/G1-C13-NI	U-4730-PR-0098-0001-1-04	STH-U-4730-0172
2"-INST-4730-V342/L1-C13-NI	U-4730-PR-0098-0001-1-04	STH-U-4730-0172
2"-INST-4730-V342/L2-C13-NI	U-4730-PR-0098-0001-1-04	STH-U-4730-0172
2"-DRAIN-4730-V002/LG510-Ba-NI	U-4730-PR-0097-0003-1-09	STH-U-4730-0173
2"-INST-4730-V002/L1-Mb-NI	U-4730-PR-0097-0003-1-09	STH-U-4730-0173
2"-INST-4730-V002/L2-Mb-NI	U-4730-PR-0097-0003-1-09	STH-U-4730-0173
2"-INST-4730-V002/L3-Mb-NI	U-4730-PR-0097-0003-1-09	STH-U-4730-0173
2"-INST-4730-V002/L4-Mb-NI	U-4730-PR-0097-0003-1-09	STH-U-4730-0173
2"-INST-4730-V002/L5-Mb-NI	U-4730-PR-0097-0003-1-09	STH-U-4730-0173
2"-INST-4730-V002/L6-Mb-NI	U-4730-PR-0097-0003-1-09	STH-U-4730-0173
2"-INST-4730-V002/G1-Mb-NI	U-4730-PR-0097-0003-1-09	STH-U-4730-0173
12"-HC-4730-01304-Mb-AE	U-4730-PR-0097-0003-1-04	STH-U-4730-0063
12"-GI-4730-01329-Mb-NI	U-4730-PR-0097-0003-1-04	STH-U-4730-0063
3/4"-HC-4730-04252-Mb-AE	U-4730-PR-0097-0003-1-04	STH-U-4730-0063
4"-HC-4730-01401-Mb-AE	U-4730-PR-0097-0003-1-04	STH-U-4730-0063
6"-HC-4730-01305-Mb-AE	U-4730-PR-0097-0003-1-04	STH-U-4730-0063
18"-HC-4730-01306-Mb-AE	U-4730-PR-0097-0003-1-04	STH-U-4730-0063
1"-HC-4730-04256-Mb-AE	U-4730-PR-0097-0003-1-01	STH-U-4730-0062
2"-HC-4730-04870-Mb-AE	U-4730-PR-0097-0003-1-01	STH-U-4730-0062
3/4"-DRAIN-4730-AM461/N5-Ba-NI	U-4730-PR-0097-0002-1-18	STH-U-4730-0174
3/4"-DRAIN-4730-AM480/N5-Ba-NI	U-4730-PR-0097-0002-1-18	STH-U-4730-0174
18"-HC-4730-01303-Mb-NI	U-4730-PR-0097-0002-1-17	STH-U-4730-0061
18"-HC-4730-01308-Mb-NI	U-4730-PR-0097-0002-1-17	STH-U-4730-0061
18"-HC-4730-01309-Mb-NI	U-4730-PR-0097-0002-1-17	STH-U-4730-0061
12"-HC-4730-01302-Mb-PP	U-4730-PR-0097-0002-1-16	STH-U-4730-0060
12"-HC-4730-01311-Mb-PP	U-4730-PR-0097-0002-1-16	STH-U-4730-0060
6"-HC-4730-10078-Mb-PP	U-4730-PR-0097-0002-1-16	STH-U-4730-0060
6"-HC-4730-10079-Mb-PP	U-4730-PR-0097-0002-1-16	STH-U-4730-0060
6"-HC-4730-10080-Mb-PP	U-4730-PR-0097-0002-1-16	STH-U-4730-0060
6"-HC-4730-10081-Mb-PP	U-4730-PR-0097-0002-1-16	STH-U-4730-0060
6"-HC-4730-10082-Mb-PP	U-4730-PR-0097-0002-1-16	STH-U-4730-0060
6"-HC-4730-10083-Mb-PP	U-4730-PR-0097-0002-1-16	STH-U-4730-0060
6"-HC-4730-10084-Mb-PP	U-4730-PR-0097-0002-1-16	STH-U-4730-0060
6"-HC-4730-10085-Mb-PP	U-4730-PR-0097-0002-1-16	STH-U-4730-0060
6"-HC-4730-10086-Mb-PP	U-4730-PR-0097-0002-1-16	STH-U-4730-0060
6"-HC-4730-10087-Mb-PP	U-4730-PR-0097-0002-1-16	STH-U-4730-0060
6"-HC-4730-10089-Mb-PP	U-4730-PR-0097-0002-1-16	STH-U-4730-0060
6"-HC-4730-10090-Mb-PP	U-4730-PR-0097-0002-1-16	STH-U-4730-0060
6"-HC-4730-10091-Mb-PP	U-4730-PR-0097-0002-1-16	STH-U-4730-0060
6"-HC-4730-10092-Mb-PP	U-4730-PR-0097-0002-1-16	STH-U-4730-0060
2"-HC-4730-09093-Mb-PP	U-4730-PR-0097-0002-1-16	STH-U-4730-0060
6"-HC-4730-10088-Mb-PP	U-4730-PR-0097-0002-1-16	STH-U-4730-0060
6"-HC-4730-10093-Mb-PP	U-4730-PR-0097-0002-1-16	STH-U-4730-0060
6"-HC-4730-10094-Mb-PP	U-4730-PR-0097-0002-1-16	STH-U-4730-0060
6"-HC-4730-10095-Mb-PP	U-4730-PR-0097-0002-1-16	STH-U-4730-0060
2"-HC-4730-04845-Mb-PP	U-4730-PR-0097-0002-1-16	STH-U-4730-0060
2"-HC-4730-04847-Mb-PP	U-4730-PR-0097-0002-1-16	STH-U-4730-0060
2"-HC-4730-04849-Mb-PP	U-4730-PR-0097-0002-1-16	STH-U-4730-0060
2"-HC-4730-04851-Mb-PP	U-4730-PR-0097-0002-1-16	STH-U-4730-0060
2"-HC-4730-04853-Mb-PP	U-4730-PR-0097-0002-1-16	STH-U-4730-0060
20"-HC-4730-01301-Mb-PP	U-4730-PR-0097-0002-1-16	STH-U-4730-0060
6"-HC-4730-10060-Mb-IQ	U-4730-PR-0097-0002-1-15	STH-U-4730-0059
6"-HC-4730-10061-Mb-IQ	U-4730-PR-0097-0002-1-15	STH-U-4730-0059
6"-HC-4730-10062-Mb-IQ	U-4730-PR-0097-0002-1-15	STH-U-4730-0059
6"-HC-4730-10063-Mb-IQ	U-4730-PR-0097-0002-1-15	STH-U-4730-0059
6"-HC-4730-10064-Mb-IQ	U-4730-PR-0097-0002-1-15	STH-U-4730-0059
6"-HC-4730-10065-Mb-IQ	U-4730-PR-0097-0002-1-15	STH-U-4730-0059
6"-HC-4730-10066-Mb-IQ	U-4730-PR-0097-0002-1-15	STH-U-4730-0059
6"-HC-4730-10067-Mb-IQ	U-4730-PR-0097-0002-1-15	STH-U-4730-0059
6"-HC-4730-10068-Mb-IQ	U-4730-PR-0097-0002-1-15	STH-U-4730-0059
6"-HC-4730-10069-Mb-IQ	U-4730-PR-0097-0002-1-15	STH-U-4730-0059
6"-HC-4730-10070-Mb-IQ	U-4730-PR-0097-0002-1-15	STH-U-4730-0059
6"-HC-4730-10071-Mb-IQ	U-4730-PR-0097-0002-1-15	STH-U-4730-0059
6"-HC-4730-10072-Mb-IQ	U-4730-PR-0097-0002-1-15	STH-U-4730-0059
6"-HC-4730-10073-Mb-IQ	U-4730-PR-0097-0002-1-15	STH-U-4730-0059
6"-HC-4730-10074-Mb-IQ	U-4730-PR-0097-0002-1-15	STH-U-4730-0059
6"-HC-4730-10075-Mb-IQ	U-4730-PR-0097-0002-1-15	STH-U-4730-0059
6"-HC-4730-10076-Mb-IQ	U-4730-PR-0097-0002-1-15	STH-U-4730-0059
6"-HC-4730-10077-Mb-IQ	U-4730-PR-0097-0002-1-15	STH-U-4730-0059
20"-HC-4730-01128-Mb-IQ	U-4730-PR-0097-0002-1-15	STH-U-4730-0059
20"-HC-4730-01129-Mb-IQ	U-4730-PR-0097-0002-1-15	STH-U-4730-0059
20"-HC-4730-01130-Mb-IQ	U-4730-PR-0097-0002-1-15	STH-U-4730-0059
20"-HC-4730-09035-Mb-IQ	U-4730-PR-0097-0002-1-14	STH-U-4730-0056
20"-HC-4730-09036-Mb-IQ	U-4730-PR-0097-0002-1-13	STH-U-4730-0055
12"-GI-4730-01226-M1-IQ	U-4730-PR-0097-0002-1-10	STH-U-4730-0054
20"-HC-4730-01122-M1-IQ	U-4730-PR-0097-0002-1-10	STH-U-4730-0054
20"-HC-4730-01212-M1-IQ	U-4730-PR-0097-0002-1-10	STH-U-4730-0054
24"-HC-4730-01120-M1-IQ	U-4730-PR-0097-0002-1-10	STH-U-4730-0054
24"-HC-4730-01208-M1-IQ	U-4730-PR-0097-0002-1-10	STH-U-4730-0054
3/4"-HC-4730-04398-M1-IQ	U-4730-PR-0097-0002-1-10	STH-U-4730-0054
8"-HC-4730-01210-M1-IQ	U-4730-PR-0097-0002-1-10	STH-U-4730-0054
20"-HC-4730-01121-M1-IQ	U-4730-PR-0097-0002-1-10	STH-U-4730-0054
1.1/2"-HC-4730-01211-M1-IQ	U-4730-PR-0097-0002-1-09	STH-U-4730-0054
1.1/2"-HC-4730-01203-C13-IQ	U-4730-PR-0097-0002-1-08	STH-U-4730-0053
10"-GI-4730-01222-C13-IQ	U-4730-PR-0097-0002-1-08	STH-U-4730-0053
18"-HC-4730-01112-M1-IQ	U-4730-PR-0097-0002-1-08	STH-U-4730-0053
24"-HC-4730-01114-C13-IQ	U-4730-PR-0097-0002-1-08	STH-U-4730-0053
24"-HC-4730-01205-C13-IQ	U-4730-PR-0097-0002-1-08	STH-U-4730-0053
3/4"-HC-4730-04560-C13-IQ	U-4730-PR-0097-0002-1-08	STH-U-4730-0053
24"-HC-4730-01110-M1-IQ	U-4730-PR-0097-0002-1-08	STH-U-4730-0053
20"-HC-4730-01201-C13-IQ	U-4730-PR-0097-0002-1-08	STH-U-4730-0053
20"-HC-4730-01105-C13-IQ	U-4730-PR-0097-0002-1-07	STH-U-4730-0052
20"-HC-4730-01106-C13-IQ	U-4730-PR-0097-0002-1-07	STH-U-4730-0052
24"-HC-4730-01108-C13-IQ	U-4730-PR-0097-0002-1-07	STH-U-4730-0052
20"-HC-4730-09032-C13-IQ	U-4730-PR-0097-0002-1-06	STH-U-4730-0051
20"-HC-4730-09031-C13-IQ	U-4730-PR-0097-0002-1-05	STH-U-4730-0050
20"-HC-4730-12985-Ba-NI	U-4730-PR-0097-0002-1-04	STH-U-4730-0001
20"-HC-4730-12983-Ba-NI	U-4730-PR-0097-0002-1-03	STH-U-4730-0001
16"-HC-4730-01124-C13-IQ	U-4730-PR-0097-0002-1-03	STH-U-4730-0049
16"-HC-4730-01126-C13-IQ	U-4730-PR-0097-0002-1-03	STH-U-4730-0048
20"-HC-4730-12981-Ba-NI	U-4730-PR-0097-0002-1-02	STH-U-4730-0001
18"-HC-4730-01103-M1-IQ	U-4730-PR-0097-0002-1-01	STH-U-4730-0046
12"-HC-4730-12980-M1-IQ	U-4730-PR-0097-0002-1-01	STH-U-4730-0046
12"-HC-4730-12984-M1-IQ	U-4730-PR-0097-0002-1-01	STH-U-4730-0046
12"-HC-4730-12982-M1-IQ	U-4730-PR-0097-0002-1-01	STH-U-4730-0046
24"-HC-4730-01001-M1-IQ	U-4730-PR-0097-0002-1-01	STH-U-4730-0046
3/4"-HC-4730-12993-M1-AE	U-4730-PR-0097-0002-1-01	STH-U-4730-0047
20"-HC-4730-01101-M1-IQ	U-4730-PR-0097-0002-1-01	STH-U-4730-0046
20"-HC-4730-01102-M1-IQ	U-4730-PR-0097-0002-1-01	STH-U-4730-0046
3/4"-DRAIN-4730-AM300/N5-Ba-NI	U-4730-PR-0097-0001-1-04	STH-U-4730-0045
3/4"-DRAIN-4730-AM319/5-Ba-IQ	U-4730-PR-0097-0001-1-04	STH-U-4730-0045
3/4"-HC-4730-04631-O4-IQ	U-4730-PR-0097-0001-1-03	STH-U-4730-0044
24"-HC-4730-00603-O4-IQ	U-4730-PR-0097-0001-1-02	STH-U-4730-0043
3/4"-HC-4730-04805-O4-IQ	U-4730-PR-0097-0001-1-02	STH-U-4730-0043
20"-HC-4730-00601-O4-IQ	U-4730-PR-0097-0001-1-01	STH-U-4730-0042
1"-HC-4730-04561-C13-IQ	U-4730-PR-0002-0004-1-01	STH-U-4730-0041
2"-HC-4730-01206-C13-IQ	U-4730-PR-0002-0004-1-01	STH-U-4730-0041
3/4"-DRAIN-4730-AM226/N5-Ba-IQ	U-4730-PR-0001-0005-1-10	STH-U-4730-0040
3/4"-DRAIN-4730-AM228/N5-Ba-IQ	U-4730-PR-0001-0005-1-10	STH-U-4730-0040
3/4"-DRAIN-4730-AM229/N5-Ba-IQ	U-4730-PR-0001-0005-1-10	STH-U-4730-0040
3/4"-DRAIN-4730-AM238/N5-Ba-IQ	U-4730-PR-0001-0005-1-10	STH-U-4730-0040
10"-HC-4730-00407-O12-IQ	U-4730-PR-0001-0005-1-09	STH-U-4730-0039
10"-HC-4730-00505-O12-IQ	U-4730-PR-0001-0005-1-09	STH-U-4730-0039
18"-HC-4730-00510-O12-IQ	U-4730-PR-0001-0005-1-09	STH-U-4730-0039
6"-HC-4730-00501-O12-IQ	U-4730-PR-0001-0005-1-09	STH-U-4730-0039
6"-HC-4730-00503-O12-IQ	U-4730-PR-0001-0005-1-09	STH-U-4730-0039
3/4"-HC-4730-04249-O12-IQ	U-4730-PR-0001-0005-1-09	STH-U-4730-0039
3/4"-HC-4730-04857-O12-IQ	U-4730-PR-0001-0005-1-09	STH-U-4730-0039
10"-HC-4730-00408-O12-IQ	U-4730-PR-0001-0005-1-09	STH-U-4730-0039
10"-HC-4730-00410-O12-IQ	U-4730-PR-0001-0005-1-09	STH-U-4730-0039
10"-HC-4730-00412-O12-IQ	U-4730-PR-0001-0005-1-09	STH-U-4730-0039
3"-GI-4730-00576-O12-IQ	U-4730-PR-0001-0005-1-09	STH-U-4730-0039
1.1/2"-HC-4730-00506-O12-IQ	U-4730-PR-0001-0005-1-07	STH-U-4730-0039
10"-HC-4730-00508-O12-IQ	U-4730-PR-0001-0005-1-07	STH-U-4730-0039
10"-HC-4730-00403-O12-IQ	U-4730-PR-0001-0005-1-06	STH-U-4730-0039
2"-HC-4730-00405-O12-IQ	U-4730-PR-0001-0005-1-06	STH-U-4730-0039
3/4"-HC-4730-04248-O12-IQ	U-4730-PR-0001-0005-1-06	STH-U-4730-0039
3/4"-HC-4730-04856-O12-IQ	U-4730-PR-0001-0005-1-06	STH-U-4730-0039
3/4"-HC-4730-04250-O12-IQ	U-4730-PR-0001-0005-1-04	STH-U-4730-0037
3/4"-HC-4730-04251-O12-IQ	U-4730-PR-0001-0005-1-04	STH-U-4730-0038
3/4"-HC-4730-04250-O12-IQ	U-4730-PR-0001-0005-1-04	STH-U-4730-0038
1.1/2"-HC-4730-04818-O12-IQ	U-4730-PR-0001-0005-1-03	STH-U-4730-0036
10"-HC-4730-00335-O12-IQ	U-4730-PR-0001-0005-1-03	STH-U-4730-0036
2"-HC-4730-00401-O12-IQ	U-4730-PR-0001-0005-1-03	STH-U-4730-0036
3"-HC-4730-04362-O12-IQ	U-4730-PR-0001-0005-1-03	STH-U-4730-0036
6"-HC-4730-00332-O12-IQ	U-4730-PR-0001-0005-1-03	STH-U-4730-0036
1.1/2"-HC-4730-00226-C13-IQ	U-4730-PR-0001-0005-1-02	STH-U-4730-0035
1.1/2"-HC-4730-00228-C13-IQ	U-4730-PR-0001-0005-1-02	STH-U-4730-0035
1.1/2"-HC-4730-04367-C13-IQ	U-4730-PR-0001-0005-1-02	STH-U-4730-0035
1.1/2"-HC-4730-04827-C13-IQ	U-4730-PR-0001-0005-1-02	STH-U-4730-0035
10"-HC-4730-00230-C13-IQ	U-4730-PR-0001-0005-1-02	STH-U-4730-0035
8"-HC-4730-00227-C13-IQ	U-4730-PR-0001-0005-1-02	STH-U-4730-0035
1"-HC-4730-04257-C13-NI	U-4730-PR-0001-0005-1-01	STH-U-4730-0034
1"-HC-4730-04271-C13-NI	U-4730-PR-0001-0005-1-01	STH-U-4730-0034
6"-HC-4730-00223-C13-NI	U-4730-PR-0001-0005-1-01	STH-U-4730-0034
8"-HC-4730-00222-C13-NI	U-4730-PR-0001-0005-1-01	STH-U-4730-0034
8"-HC-4730-05900-B7-NI	U-4730-PR-0001-0005-1-01	STH-U-4730-0034
2"-GI-4730-02501-Cb-NI	U-4730-PR-0001-0004-1-09	STH-U-4730-0033
3/4"-G14-4730-04530-Cb-AE	U-4730-PR-0001-0004-1-09	STH-U-4730-0033
8"-G14-4730-02516-Cb-AE	U-4730-PR-0001-0004-1-09	STH-U-4730-0033
12"-G14-4730-02515-C13-NI	U-4730-PR-0001-0004-1-06	STH-U-4730-0032
12"-G14-4730-02514-C13-AE	U-4730-PR-0001-0004-1-06	STH-U-4730-0032
2"-HC-4730-04801-Ca-PP	U-4730-PR-0001-0004-1-06	STH-U-4730-0032
8"-G14-4730-02512-C13-NI	U-4730-PR-0001-0004-1-06	STH-U-4730-0032
2"-HC-4730-02535-Ca-NI	U-4730-PR-0001-0004-1-05	STH-U-4730-0031
2"-GC-4730-02510-C13-NI	U-4730-PR-0001-0004-1-03	STH-U-4730-0030
12"-HC-4730-02530-C13-PP	U-4730-PR-0001-0004-1-02	STH-U-4730-0029
2"-HC-4730-10040-C13-NI	U-4730-PR-0001-0004-1-02	STH-U-4730-0029
2"-HC-4730-10041-C13-NI	U-4730-PR-0001-0004-1-02	STH-U-4730-0029
4"-HC-4730-00420-O12-IQ	U-4730-PR-0001-0004-1-01	STH-U-4730-0028
12"-HC-4730-00414-O12-IQ	U-4730-PR-0001-0004-1-01	STH-U-4730-0028
2"-INST-4730-V340/G3-Cb-PP	U-4730-PR-0001-0002-1-26	STH-U-4730-0175
2"-INST-4730-V340/L5-Cb-PP	U-4730-PR-0001-0002-1-26	STH-U-4730-0175
2"-INST-4730-V340/L6-Cb-PP	U-4730-PR-0001-0002-1-26	STH-U-4730-0175
2"-INST-4730-V340/V2-Cb-PP	U-4730-PR-0001-0002-1-26	STH-U-4730-0175
3/4"-G35-4730-04247-Ei-NI	U-4730-PR-0001-0001-1-01	STH-U-4730-0027
3/4"-G35-4730-05045-Ei-NI	U-4730-PR-0001-0001-1-01	STH-U-4730-0027
8"-G35-4730-00240-Ei-NI	U-4730-PR-0001-0001-1-01	STH-U-4730-0027
8"-G35-4730-00242-Ei-NI	U-4730-PR-0001-0001-1-01	STH-U-4730-0027
3/4"-OL-4730-10104-L1-NI	U-4730-AX-2009-0001-1-02	STH-U-4730-0026
3/4"-OL-4730-10105-L1-NI	U-4730-AX-2009-0001-1-02	STH-U-4730-0026
3/4"-OL-4730-10106-L1-NI	U-4730-AX-2009-0001-1-02	STH-U-4730-0026
3/4"-OL-4730-10107-L1-NI	U-4730-AX-2009-0001-1-02	STH-U-4730-0026
2"-OL-4730-10103-L1-NI	U-4730-AX-2009-0001-1-02	STH-U-4730-0026
3/4"-HC-4730-10112-Ba-NI	U-4730-AX-2009-0001-1-01	STH-U-4730-0025
1"-AO-4730-10117-Ba-NI	U-4730-AX-2007-0004-1-04	STH-U-4730-0023
1.1/2"-PQ-4730-10028-O1-IQ	U-4730-AX-2007-0004-1-04	STH-U-4730-0023
1.1/2"-PQ-4730-02710-M2-NI	U-4730-AX-2007-0004-1-03	STH-U-4730-0022
1.1/2"-PQ-4730-02930-M2-NI	U-4730-AX-2007-0004-1-03	STH-U-4730-0022
3/4"-PQ-4730-04562-M2-NI	U-4730-AX-2007-0004-1-02	STH-U-4730-0021
1"-AO-4730-10118-Ba-NI	U-4730-AX-2007-0003-1-04	STH-U-4730-0020
1.1/2"-PQ-4730-01032-P1-IQ	U-4730-AX-2007-0003-1-04	STH-U-4730-0020
1.1/2"-PQ-4730-01030-O1-NI	U-4730-AX-2007-0003-1-03	STH-U-4730-0019
3/4"-PQ-4730-04704-O1-NI	U-4730-AX-2007-0003-1-03	STH-U-4730-0019
1.1/2"-PQ-4730-00550-Ca-NI	U-4730-AX-2007-0002-1-01	STH-U-4730-0018
1.1/2"-PQ-4730-03110-Ca-NI	U-4730-AX-2007-0002-1-01	STH-U-4730-0018
1.1/2"-PQ-4730-04888-Ca-NI	U-4730-AX-2007-0002-1-01	STH-U-4730-0018
3/4"-PQ-4730-04265-Ca-NI	U-4730-AX-2007-0002-1-01	STH-U-4730-0018
1.1/2"-DRAIN-4730-V011/D-Ba-NI	U-4730-AX-2007-0001-1-09	STH-U-4730-0017
2"-INST-4730-V011/G1-Ba-NI	U-4730-AX-2007-0001-1-09	STH-U-4730-0181
2"-INST-4730-V011/L1-Ba-NI	U-4730-AX-2007-0001-1-09	STH-U-4730-0181
2"-INST-4730-V011/L2-Ba-NI	U-4730-AX-2007-0001-1-09	STH-U-4730-0181
1.1/2"-PQ-4730-03108-Ba-NI	U-4730-AX-2007-0001-1-05	STH-U-4730-0016
1.1/2"-PQ-4730-03109-Ba-NI	U-4730-AX-2007-0001-1-05	STH-U-4730-0016
1.1/2"-PQ-4730-04263-Ca-NI	U-4730-AX-2007-0001-1-05	STH-U-4730-0016
1.1/2"-PQ-4730-03105-Ba-NI	U-4730-AX-2007-0001-1-04	STH-U-4730-0014
3/4"-PQ-4730-09122-Ba-NI	U-4730-AX-2007-0001-1-02	STH-U-4730-0013
4"-PQ-4730-04740-Ba-NI	U-4730-AX-2007-0001-1-02	STH-U-4730-0013
1.1/2"-PQ-4730-03101-Ba-NI	U-4730-AX-2007-0001-1-01	STH-U-4730-0012
1.1/2"-PQ-4730-03103-Ba-NI	U-4730-AX-2007-0001-1-01	STH-U-4730-0012
2"-INST-4730-V343/L1-C13-NI	U-4730-AX-2006-0004-1-04	STH-U-4730-0182
2"-INST-4730-V343/L2-C13-NI	U-4730-AX-2006-0004-1-04	STH-U-4730-0182
2"-INST-4730-V343/L3-C13-NI	U-4730-AX-2006-0004-1-04	STH-U-4730-0182
2"-INST-4730-V343/L4-C13-NI	U-4730-AX-2006-0004-1-04	STH-U-4730-0182
1.1/2"-HD-4730-10056-C13-NI	U-4730-AX-2006-0002-1-01	STH-U-4730-0011
12"-HD-4730-01422-C13-NI	U-4730-AX-2006-0002-1-01	STH-U-4730-0011
12"-HD-4730-01424-C13-NI	U-4730-AX-2006-0002-1-01	STH-U-4730-0011
12"-HD-4730-10055-C13-NI	U-4730-AX-2006-0002-1-01	STH-U-4730-0011
3/4"-HD-4730-04664-C13-NI	U-4730-AX-2006-0002-1-01	STH-U-4730-0011
4"-HC-4730-04893-C13-AE	U-4730-AX-2006-0002-1-01	STH-U-4730-0011
2"-HD-4730-05015-C13-IQ	U-4730-AX-2006-0001-1-07	STH-U-4730-0010
1"-HD-4730-04661-C13-PP	U-4730-AX-2006-0001-1-05	STH-U-4730-0009
2"-HD-4730-03003-C13-PP	U-4730-AX-2006-0001-1-03	STH-U-4730-0008
3"-HD-4730-03005-C13-IQ	U-4730-AX-2006-0001-1-03	STH-U-4730-0008
3"-HD-4730-03001-E16-IQ	U-4730-AX-2006-0001-1-02	STH-U-4730-0007
1.1/2"-HD-4730-02460-C13-IQ	U-4730-AX-2006-0001-1-01	STH-U-4730-0006
1.1/2"-HD-4730-02462-C13-IQ	U-4730-AX-2006-0001-1-01	STH-U-4730-0006
1.1/2"-HD-4730-02463-C13-PP	U-4730-AX-2006-0001-1-01	STH-U-4730-0006
2"-HD-4730-00560-C13-IQ	U-4730-AX-2006-0001-1-01	STH-U-4730-0006
3"-HD-4730-00250-C13-IQ	U-4730-AX-2006-0001-1-01	STH-U-4730-0006
3"-HD-4730-00251-C13-IQ	U-4730-AX-2006-0001-1-01	STH-U-4730-0006
3"-HD-4730-10024-C13-IQ	U-4730-AX-2006-0001-1-01	STH-U-4730-0006
3/4"-HD-4730-04246-C13-IQ	U-4730-AX-2006-0001-1-01	STH-U-4730-0006
3/4"-HD-4730-05046-C13-IQ	U-4730-AX-2006-0001-1-01	STH-U-4730-0006
3"-HD-4730-05018-C13-IQ	U-4730-AX-2006-0001-1-01	STH-U-4730-0006
12"-GC-4730-02203-Bb-NI	U-4730-AX-2005-0001-1-01	STH-U-4730-0005
12"-GC-4730-02517-Bb-NI	U-4730-AX-2005-0001-1-01	STH-U-4730-0005
1"-GC-4730-04159-Bb-NI	U-4730-AX-2005-0001-1-01	STH-U-4730-0005
12"-GC-4730-02201-Bb-NI	U-4730-AX-2005-0001-1-01	STH-U-4730-0005
12"-GC-4730-04153-Bb-NI	U-4730-AX-2005-0001-1-01	STH-U-4730-0005
2"-GC-4730-02520-Bb-NI	U-4730-AX-2005-0001-1-01	STH-U-4730-0005
2"-GC-4730-09079-Bb-NI	U-4730-AX-2005-0001-1-01	STH-U-4730-0005
3/4"-GC-4730-04713-Bb-NI	U-4730-AX-2005-0001-1-01	STH-U-4730-0005
3"-HC-4730-05921-B7-NI	U-4730-AX-2002-0003-1-01	STH-U-4730-0004
3"-HC-4730-05922-B7-NI	U-4730-AX-2002-0003-1-01	STH-U-4730-0004
3"-HC-4730-05923-B7-NI	U-4730-AX-2002-0003-1-01	STH-U-4730-0004
3"-HC-4730-05924-B7-NI	U-4730-AX-2002-0003-1-01	STH-U-4730-0004
3"-HC-4730-05925-B7-NI	U-4730-AX-2002-0003-1-01	STH-U-4730-0004
3"-HC-4730-05926-B7-NI	U-4730-AX-2002-0003-1-01	STH-U-4730-0004
2"-INST-4730-V008/G1-Bb-NI	U-4730-AX-2002-0001-1-03	STH-U-4730-0183
2"-INST-4730-V008/L5-Bb-NI	U-4730-AX-2002-0001-1-03	STH-U-4730-0183
2"-INST-4730-V008/L6-Bb-NI	U-4730-AX-2002-0001-1-03	STH-U-4730-0183
1.1/2"-AO-4730-02220-Bc-NI	U-4730-AX-2002-0001-1-02	STH-U-4730-0002
1.1/2"-AO-4730-02221-Bc-NI	U-4730-AX-2002-0001-1-02	STH-U-4730-0002
10"-HC-4730-04209-Ba-NI	U-4730-AX-2002-0001-1-01	STH-U-4730-0001
14"-HC-4730-04216-Ba-NI	U-4730-AX-2002-0001-1-01	STH-U-4730-0001
1.1/2"-GI-4730-04890-Ba-NI	U-4730-AX-2002-0001-1-01	STH-U-4730-0001
1.1/2"-HC-4730-04227-Ba-NI	U-4730-AX-2002-0001-1-01	STH-U-4730-0001
1.1/2"-HC-4730-04228-Ba-NI	U-4730-AX-2002-0001-1-01	STH-U-4730-0001
1.1/2"-HC-4730-04630-Ba-NI	U-4730-AX-2002-0001-1-01	STH-U-4730-0001
1.1/2"-HC-4730-05020-Ba-NI	U-4730-AX-2002-0001-1-01	STH-U-4730-0001
1.1/2"-HC-4730-05024-Ba-NI	U-4730-AX-2002-0001-1-01	STH-U-4730-0001
18"-HC-4730-04212-Ba-NI	U-4730-AX-2002-0001-1-01	STH-U-4730-0001
2"-HC-4730-04210-Ba-NI	U-4730-AX-2002-0001-1-01	STH-U-4730-0001
2"-HC-4730-04211-Ba-NI	U-4730-AX-2002-0001-1-01	STH-U-4730-0001
2"-HC-4730-04229-Ba-NI	U-4730-AX-2002-0001-1-01	STH-U-4730-0001
2"-HC-4730-04230-Ba-NI	U-4730-AX-2002-0001-1-01	STH-U-4730-0001
2"-HC-4730-04259-Ba-NI	U-4730-AX-2002-0001-1-01	STH-U-4730-0001
2"-HC-4730-04440-Ba-NI	U-4730-AX-2002-0001-1-01	STH-U-4730-0001
2"-HC-4730-05016-Ba-NI	U-4730-AX-2002-0001-1-01	STH-U-4730-0001
2"-HD-4730-10057-Ba-NI	U-4730-AX-2002-0001-1-01	STH-U-4730-0001
3"-HC-4730-04214-Ba-NI	U-4730-AX-2002-0001-1-01	STH-U-4730-0001
3"-HC-4730-04218-Ba-NI	U-4730-AX-2002-0001-1-01	STH-U-4730-0001
3"-HC-4730-04220-Ba-NI	U-4730-AX-2002-0001-1-01	STH-U-4730-0001
3"-HC-4730-04222-Ba-NI	U-4730-AX-2002-0001-1-01	STH-U-4730-0001
3"-HC-4730-04662-Ba-NI	U-4730-AX-2002-0001-1-01	STH-U-4730-0001
3"-HC-4730-07599-Ba-NI	U-4730-AX-2002-0001-1-01	STH-U-4730-0001
3"-HC-4730-12988-Ba-NI	U-4730-AX-2002-0001-1-01	STH-U-4730-0001
3/4"-HC-4730-04644-Ba-NI	U-4730-AX-2002-0001-1-01	STH-U-4730-0001
3/4"-HC-4730-04667-Ba-NI	U-4730-AX-2002-0001-1-01	STH-U-4730-0001
3/4"-HC-4730-04668-Ba-NI	U-4730-AX-2002-0001-1-01	STH-U-4730-0001
3/4"-HC-4730-04669-Ba-NI	U-4730-AX-2002-0001-1-01	STH-U-4730-0001
3/4"-HC-4730-04710-Ba-NI	U-4730-AX-2002-0001-1-01	STH-U-4730-0001
3/4"-HC-4730-04711-Ba-NI	U-4730-AX-2002-0001-1-01	STH-U-4730-0001
3/4"-HC-4730-04712-Ba-NI	U-4730-AX-2002-0001-1-01	STH-U-4730-0001
3/4"-HC-4730-04715-Ba-NI	U-4730-AX-2002-0001-1-01	STH-U-4730-0001
3/4"-HC-4730-04716-Ba-NI	U-4730-AX-2002-0001-1-01	STH-U-4730-0001
3/4"-HC-4730-04717-Ba-NI	U-4730-AX-2002-0001-1-01	STH-U-4730-0001
3/4"-HC-4730-04736-Ba-NI	U-4730-AX-2002-0001-1-01	STH-U-4730-0001
3/4"-HC-4730-04767-Ba-NI	U-4730-AX-2002-0001-1-01	STH-U-4730-0001
3/4"-HC-4730-04768-Ba-NI	U-4730-AX-2002-0001-1-01	STH-U-4730-0001
3/4"-HC-4730-05035-Ba-NI	U-4730-AX-2002-0001-1-01	STH-U-4730-0001
3/4"-HC-4730-05037-Ba-NI	U-4730-AX-2002-0001-1-01	STH-U-4730-0001
3/4"-HC-4730-05038-Ba-NI	U-4730-AX-2002-0001-1-01	STH-U-4730-0001
3/4"-HC-4730-10045-Ba-NI	U-4730-AX-2002-0001-1-01	STH-U-4730-0001
3/4"-HC-4730-10164-Ba-NI	U-4730-AX-2002-0001-1-01	STH-U-4730-0001
30"-HC-4730-04203-Ba-NI	U-4730-AX-2002-0001-1-01	STH-U-4730-0001
30"-HC-4730-04815-Ba-NI	U-4730-AX-2002-0001-1-01	STH-U-4730-0001
4"-HC-4730-04213-Ba-NI	U-4730-AX-2002-0001-1-01	STH-U-4730-0001
8"-HC-4730-04217-Ba-NI	U-4730-AX-2002-0001-1-01	STH-U-4730-0001
8"-HC-4730-04225-Ba-NI	U-4730-AX-2002-0001-1-01	STH-U-4730-0001
8"-HC-4730-04366-Ba-NI	U-4730-AX-2002-0001-1-01	STH-U-4730-0001
14"-HC-4730-07001-Ba-NI	U-4730-AX-2002-0001-1-01	STH-U-4730-0001
14"-HC-4730-12963-Ba-NI	U-4730-AX-2002-0001-1-01	STH-U-4730-0001
14"-HC-4730-12964-Ba-NI	U-4730-AX-2002-0001-1-01	STH-U-4730-0001
12"-HC-4730-04206-Ba-NI	U-4730-AX-2002-0001-1-01	STH-U-4730-0001
16"-HC-4730-04814-Ba-NI	U-4730-AX-2002-0001-1-01	STH-U-4730-0001
16"-HC-4730-10059-Ba-NI	U-4730-AX-2002-0001-1-01	STH-U-4730-0001
16"-HC-4730-10116-Ba-NI	U-4730-AX-2002-0001-1-01	STH-U-4730-0001
24"-HC-4730-04813-Ba-NI	U-4730-AX-2002-0001-1-01	STH-U-4730-0001
8"-HC-4730-04204-Ba-NI	U-4730-AX-2002-0001-1-01	STH-U-4730-0001
20"-HC-4730-04224-Ba-NI	U-4730-AX-2002-0001-1-01	STH-U-4730-0001
20"-HC-4730-04724-Ba-NI	U-4730-AX-2002-0001-1-01	STH-U-4730-0001
20"-HC-4730-04800-Ba-NI	U-4730-AX-2002-0001-1-01	STH-U-4730-0001
4"-AF-4730-10742-Bh-NI	 	STH-U-4730-0218
3"-V63-4730-02472-Ec-IQ	 	STH-U-4730-0087
4"-VENT-CCC-4730.001-AA-NI	 	STH-U-4730-0184
4"-VENT-CCC-4730.002-AA-NI	 	STH-U-4730-0185
4"-VENT-CCC-4730.003-AA-NI	 	STH-U-4730-0186
4"-VENT-CCC-4730.004-AA-NI	 	STH-U-4730-0186
4"-VENT-CCC-4730.005-AA-NI	 	STH-U-4730-0186
4"-VENT-CCC-4730.009-AA-NI	 	STH-U-4730-0187
4"-VENT-CPC-4730.001-AA-NI	 	STH-U-4730-0187
4"-VENT-CPC-4730.002-AA-NI	 	STH-U-4730-0188
4"-VENT-CPC-4730.003-AA-NI	 	STH-U-4730-0188
4"-VENT-CPO-4730.001-AA-NI	 	STH-U-4730-0189
4"-VENT-CPO-4730.002-AA-NI	 	STH-U-4730-0190
4"-VENT-CPO-4730.003-AA-NI	 	STH-U-4730-0190
4"-VENT-CPO-4730.004-AA-NI	 	STH-U-4730-0190
4"-VENT-CPO-4730.005-AA-NI	 	STH-U-4730-0190
4"-VENT-CPO-4730.006-AA-NI	 	STH-U-4730-0191
4"-VENT-CPO-4730.006-AA-NI	 	STH-U-4730-0192
4"-VENT-CPO-4730.007-AA-NI	 	STH-U-4730-0192
4"-VENT-CPO-4730.008-AA-NI	 	STH-U-4730-0192
4"-VENT-CPO-4730.009-AA-NI	 	STH-U-4730-0192
4"-VENT-CPO-4730.009-AA-NI	 	STH-U-4730-0193
4"-VENT-CPO-4730.010-AA-NI	 	STH-U-4730-0193
4"-VENT-CPO-4730.011-AA-NI	 	STH-U-4730-0193
3/4"-C63-4730-10158-Pa-PP	 	STH-U-4730-0219
6"-V63-4730-00280-Ec-IQ	 	STH-U-4730-0087
1"-AI-4730-07639-Ac-NI	 	STH-U-4730-0217
1"-AI-4730-07672-Ac-NI	 	STH-U-4730-0217
1"-AI-4730-07673-Ac-NI	 	STH-U-4730-0223
1"-AI-4730-07674-Ac-NI	 	STH-U-4730-0223
1"-AI-4730-07675-Ac-NI	 	STH-U-4730-0223
1"-AI-4730-07676-Ac-NI	 	STH-U-4730-0223
1"-AI-4730-07677-Ac-NI	 	STH-U-4730-0217
1"-AI-4730-07681-Ac-NI	 	STH-U-4730-0217
1"-AI-4730-07682-Ac-NI	 	STH-U-4730-0217
1"-AI-4730-07683-Ac-NI	 	STH-U-4730-0217
1"-AI-4730-07685-Ac-NI	 	STH-U-4730-0217
1"-AI-4730-14010-Ac-NI	 	STH-U-4730-0223
1"-AI-4730-14015-Ac-NI	 	STH-U-4730-0217
1"-AO-4730-14026-Ba-NI	 	STH-U-4730-0224
1"-AO-4730-14027-Ba-NI	 	STH-U-4730-0225
1"-AR-4730-07616-Ab-NI	 	STH-U-4730-0226
1"-AR-4730-07617-Ab-NI	 	STH-U-4730-0227
1"-AR-4730-07618-Ab-NI	 	STH-U-4730-0226
1"-AR-4730-07619-Ab-NI	 	STH-U-4730-0227
1"-AR-4730-12974-Ba-NI	 	STH-U-4730-0228
1"-AS-4730-07755-Aa-NI	 	STH-U-4730-0229
1"-AS-4730-07756-Aa-NI	 	STH-U-4730-0229
1"-AS-4730-07757-Aa-NI	 	STH-U-4730-0229
1"-AS-4730-07758-Aa-NI	 	STH-U-4730-0229
1"-C4-4730-07509-Bf-PP	 	STH-U-4730-0096
1"-C4-4730-07567-Bf-PP	 	STH-U-4730-0230
1"-C4-4730-07568-Bf-PP	 	STH-U-4730-0231
1"-C4-4730-07570-Bf-PP	 	STH-U-4730-0232
1"-C4-4730-07571-Bf-PP	 	STH-U-4730-0233
1"-C4-4730-07572-Bf-PP	 	STH-U-4730-0234
1"-C4-4730-07573-Bf-PP	 	STH-U-4730-0235
1"-C4-4730-07713-Bf-PP	 	STH-U-4730-0236
1"-C4-4730-07714-Bf-PP	 	STH-U-4730-0237
1"-C4-4730-12994-Bf-PP	 	STH-U-4730-0238
1"-C4-4730-12995-Bf-PP	 	STH-U-4730-0238
1"-V4-4730-07525-Bf-IQ	 	STH-U-4730-0096
1"-V4-4730-14023-Bf-IQ	 	STH-U-4730-0096
1.1/2"-AI-4730-07671-Ac-NI	 	STH-U-4730-0223
1.1/2"-AI-4730-14009-Ac-NI	 	STH-U-4730-0223
1.1/2"-AR-4730-01060-Ab-NI	 	STH-U-4730-0227
1.1/2"-AR-4730-01061-Ab-NI	 	STH-U-4730-0226
1.1/2"-AR-4730-12989-Ba-NI	 	STH-U-4730-0228
1.1/2"-AR-4730-12990-Ba-NI	 	STH-U-4730-0228
1.1/2"-AR-4730-14024-Ab-NI	 	STH-U-4730-0239
1.1/2"-AR-4730-14025-Ab-NI	 	STH-U-4730-0240
1.1/2"-AS-4730-07753-Aa-NI	 	STH-U-4730-0229
1.1/2"-C4-4730-07506-Bf-PP	 	STH-U-4730-0096
1.1/2"-GC-4730-02311-Bb-NI	 	STH-U-4730-0241
1.1/2"-GC-4730-02312-Bb-NI	 	STH-U-4730-0064
1.1/2"-GI-4730-00950-Ba-NI	 	STH-U-4730-0242
1.1/2"-PQ-4730-03106-Ca-NI	 	STH-U-4730-0243
1.1/2"-V1-4730-14028-Ba-PP	 	STH-U-4730-0243
1.1/2"-V1-4730-14029-Ba-PP	 	STH-U-4730-0243
1.1/2"-V4-4730-14022-BF-IQ	 	STH-U-4730-0096
1/2"-AI-4730-07490-Ac-NI	 	STH-U-4730-0217
1/2"-AI-4730-07670-Ac-NI	 	STH-U-4730-0217
1/2"-AI-4730-07679-Ac-NI	 	STH-U-4730-0217
1/2"-AI-4730-07684-Ac-NI	 	STH-U-4730-0223
1/2"-AI-4730-14016-Ac-NI	 	STH-U-4730-0217
1/2"-C43-4730-10167-Ec-PP	 	STH-U-4730-0082
1/2"-C43-4730-10168-Ec-PP	 	STH-U-4730-0085
1/2"-C63-4730-10153-Ec-PP	 	STH-U-4730-0244
1/2"-C63-4730-10154-Pa-PP	 	STH-U-4730-0245
1/2"-C63-4730-10155-Pa-PP	 	STH-U-4730-0246
1/2"-C63-4730-10156-Pa-PP	 	STH-U-4730-0247
1/2"-C63-4730-10169-Ec-PP	 	STH-U-4730-0248
1/2"-C63-4730-10170-Ec-PP	 	STH-U-4730-0249
12"-GC-4730-02205-Bb-AE	 	STH-U-4730-0064
16"-V4-4730-14001-Bf-IQ	 	STH-U-4730-0096
16"-V63-4730-00810-Ec-IQ	 	STH-U-4730-0252
4"-VENT-CCC-4730.006-AA-NI	 	STH-U-4730-0263
18"-GC-4730-02313-Bb-NI	 	STH-U-4730-0064
4"-VENT-CCC-4730.007-AA-NI	 	STH-U-4730-0264
2"-AR-4730-07624-Ab-NI	 	STH-U-4730-0226
2"-AR-4730-07625-Ab-NI	 	STH-U-4730-0226
2"-AR-4730-07626-Ab-NI	 	STH-U-4730-0227
2"-AR-4730-07627-Ab-NI	 	STH-U-4730-0227
2"-AV-4730-12999-Fb-IQ	 	STH-U-4730-0256
2"-AV-4730-13000-Fb-IQ	 	STH-U-4730-0256
2"-C4-4730-12996-Bf-PP	 	STH-U-4730-0257
2"-C4-4730-12997-Bf-PP	 	STH-U-4730-0257
2"-C4-4730-12998-Bf-PP	 	STH-U-4730-0257
2"-INST-4730-V004/G1-BF-PP	 	STH-U-4730-0265
4"-VENT-CCC-4730.007-AA-NI	 	STH-U-4730-0265
4"-VENT-CCC-4730.008-AA-NI	 	STH-U-4730-0266
2"-OL-4730-14030-L1-NI	 	STH-U-4730-0258
2"-OL-4730-14031-L1-NI	 	STH-U-4730-0259
2"-V1-4730-14020-Bf-PP	 	STH-U-4730-0260
2"-V1-4730-14021-Bf-PP	 	STH-U-4730-0261
2"-V43-4730-12304-Ef-IQ	 	STH-U-4730-0255
2"-V43-4730-12305-Ef-IQ	 	STH-U-4730-0255
2"-V4-4730-14011-Ec-IQ	 	STH-U-4730-0096
2"-V4-4730-14012-Ec-IQ	 	STH-U-4730-0096
4"-VENT-CCC-4730.015-AA-NI	 	STH-U-4730-0267
4"-VENT-CCC-4730.016-AA-NI	 	STH-U-4730-0268
24"-HC-4730-12967-M1-IQ	 	STH-U-4730-0253
4"-VENT-CCC-4730.017-AA-NI	 	STH-U-4730-0269
4"-VENT-CCC-4730.301-AA-NI	 	STH-U-4730-0270
4"-VENT-CPC-4730.004-AA-NI	 	STH-U-4730-0271
3"-AR-4730-07612-Ab-NI	 	STH-U-4730-0226
4"-VENT-CPC-4730.301-AA-NI	 	STH-U-4730-0272
4"-VENT-CPC-4730.303-AA-NI	 	STH-U-4730-0273
3"-AR-4730-07613-Ab-NI	 	STH-U-4730-0227
4"-VENT-CPO-4730.021-AA-NI	 	STH-U-4730-0274
4"-VENT-CPO-4730.022-AA-NI	 	STH-U-4730-0275
3"-AR-4730-07614-Ab-NI	 	STH-U-4730-0226
4"-VENT-CPO-4730.024-AA-NI	 	STH-U-4730-0276
4"-VENT-CPO-4730.029-AA-NI	 	STH-U-4730-0277
3"-AR-4730-07615-Ab-NI	 	STH-U-4730-0227
4"-VENT-CPO-4730.301-AA-NI	 	STH-U-4730-0278
4"-VENT-CPO-4730.303A-AA-NI	 	STH-U-4730-0279
4"-VENT-CPO-4730.303-AA-NI	 	STH-U-4730-0280
4"-VENT-CPO-4730.305-AA-NI	 	STH-U-4730-0281
8"-V43-4730-02821-Ec-IQ	 	STH-U-4730-0085
3/4"-AR-4730-01062-Ba-NI	 	STH-U-4730-0228
3/4"-AR-4730-07630-Ab-NI	 	STH-U-4730-0227
3/4"-AR-4730-07631-Ab-NI	 	STH-U-4730-0226
3/4"-AS-4730-07731-Aa-NI	 	STH-U-4730-0101
3/4"-AS-4730-07732-Aa-NI	 	STH-U-4730-0101
3/4"-AS-4730-07733-Aa-NI	 	STH-U-4730-0101
3/4"-AS-4730-07734-Aa-NI	 	STH-U-4730-0101
3/4"-AS-4730-07735-Aa-NI	 	STH-U-4730-0101
3/4"-AS-4730-07736-Aa-NI	 	STH-U-4730-0101
3/4"-AS-4730-07737-Aa-NI	 	STH-U-4730-0229
3/4"-AS-4730-07738-Aa-NI	 	STH-U-4730-0229
3/4"-AS-4730-07739-Aa-NI	 	STH-U-4730-0229
3/4"-AS-4730-07740-Aa-NI	 	STH-U-4730-0229
3/4"-AS-4730-07741-Aa-NI	 	STH-U-4730-0229
3/4"-AS-4730-07742-Aa-NI	 	STH-U-4730-0229
3/4"-AS-4730-07743-Aa-NI	 	STH-U-4730-0229
3/4"-AS-4730-07744-Aa-NI	 	STH-U-4730-0229
3/4"-AS-4730-07745-Aa-NI	 	STH-U-4730-0229
3/4"-AS-4730-07746-Aa-NI	 	STH-U-4730-0229
3/4"-AS-4730-07747-Aa-NI	 	STH-U-4730-0229
3/4"-AS-4730-07748-Aa-NI	 	STH-U-4730-0229
3/4"-AS-4730-07749-Aa-NI	 	STH-U-4730-0229
3/4"-AS-4730-07750-Aa-NI	 	STH-U-4730-0229
3/4"-AS-4730-07751-Aa-NI	 	STH-U-4730-0229
3/4"-AS-4730-07752-Aa-NI	 	STH-U-4730-0229
3/4"-AS-4730-07759-Aa-NI	 	STH-U-4730-0229
3/4"-C43-4730-10148-Ef-PP	 	STH-U-4730-0082
3/4"-C43-4730-10149-Ef-PP	 	STH-U-4730-0082
3/4"-C4-4730-07707-Bf-PP	 	STH-U-4730-0096
3/4"-C4-4730-07708-Bf-PP	 	STH-U-4730-0096
3/4"-C4-4730-07709-Bf-PP	 	STH-U-4730-0096
3/4"-C4-4730-07710-Bf-PP	 	STH-U-4730-0096
3/4"-C4-4730-07711-Bf-PP	 	STH-U-4730-0096
3/4"-C4-4730-07712-Bf-PP	 	STH-U-4730-0096
3/4"-C4-4730-14017-Bf-PP	 	STH-U-4730-0096
3/4"-C4-4730-14018-Bf-PP	 	STH-U-4730-0096
3/4"-C4-4730-14019-Bf-PP	 	STH-U-4730-0096
3/4"-C63-4730-10157-PA-PP	 	STH-U-4730-0250
3/4"-C63-4730-10158-Pa-PP	 	STH-U-4730-0251
3/4"-C63-4730-10159-PA-PP	 	STH-U-4730-0251
3/4"-C63-4730-10171-EC-PP	 	STH-U-4730-0087
3/4"-DRAIN-4730-AM819/N5-Ba-NI	 	STH-U-4730-0220
3/4"-GI-4730-12930-Ba-NI	 	STH-U-4730-0242
3/4"-GI-4730-12931-Ba-NI	 	STH-U-4730-0242
3/4"-GI-4730-12932-Ba-NI	 	STH-U-4730-0242
3/4"-GI-4730-12933-Ba-NI	 	STH-U-4730-0242
3/4"-GI-4730-12934-Ba-NI	 	STH-U-4730-0242
3/4"-GI-4730-12935-Ba-NI	 	STH-U-4730-0242
3/4"-GI-4730-12936-Ba-NI	 	STH-U-4730-0242
3/4"-GI-4730-12937-Ba-NI	 	STH-U-4730-0242
3/4"-GI-4730-12938-Ba-NI	 	STH-U-4730-0242
3/4"-GI-4730-12939-Ba-NI	 	STH-U-4730-0242
3/4"-GI-4730-12940-Ba-NI	 	STH-U-4730-0242
3/4"-GI-4730-12941-Ba-NI	 	STH-U-4730-0242
3/4"-GI-4730-12942-Ba-NI	 	STH-U-4730-0242
3/4"-GI-4730-12943-Ba-NI	 	STH-U-4730-0242
3/4"-GI-4730-12944-Ba-NI	 	STH-U-4730-0242
3/4"-GI-4730-12945-Ba-NI	 	STH-U-4730-0242
3/4"-GI-4730-14034-Bb-NI	 	STH-U-4730-0207
3/4"-V4-4730-10165-Bf-IQ	 	STH-U-4730-0096
3/4"-V63-4730-12965-Ec-PP	 	STH-U-4730-0252
4"-AR-4730-07610-Ab-NI	 	STH-U-4730-0226
4"-AR-4730-07611-Ab-NI	 	STH-U-4730-0227
4"-V43-4730-12302-Ef-IQ	 	STH-U-4730-0255
4"-V43-4730-12303-Ef-IQ	 	STH-U-4730-0255
4"-VENT-CPO-4730.027-AA-NI	 	STH-U-4730-0282
4"-VENT-CCC-4730.010-AA-NI	 	STH-U-4730-0283
4"-VENT-CCC-4730.011-AA-NI	 	STH-U-4730-0284
4"-VENT-CCC-4730.012-AA-NI	 	STH-U-4730-0285
4"-VENT-CCC-4730.013-AA-NI	 	STH-U-4730-0286
4"-VENT-CCC-4730.014-AA-NI	 	STH-U-4730-0287
4"-VENT-CCC-4730.018-AA-NI	 	STH-U-4730-0288
4"-VENT-CCC-4730.019-AA-NI	 	STH-U-4730-0289
4"-VENT-CPC-4730.305-AA-NI		STH-U-4730-0290
4"-VENT-CPC-4730.307-AA-NI		STH-U-4730-0291
4"-VENT-CPO-4730.023-AA-NI		STH-U-4730-0292
4"-VENT-CPO-4730.025-AA-NI		STH-U-4730-0293
6"-AR-4730-07606-Ab-NI	 	STH-U-4730-0227
4"-VENT-CPO-4730.026-AA-NI		STH-U-4730-0294
4"-VENT-CPO-4730.027-AA-NI		STH-U-4730-0295
6"-AR-4730-07607-Ab-NI	 	STH-U-4730-0226
4"-VENT-CPO-4730.028-AA-NI		STH-U-4730-0296
4"-VENT-CPO-4730.030-AA-NI		STH-U-4730-0297
4"-VENT-CPO-4730.307-AA-NI		STH-U-4730-0298
4"-VENT-CPO-4730.311-AA-NI		STH-U-4730-0298
6"-OL-4730-14032-L1-NI	 	STH-U-4730-0262
6"-OL-4730-14033-L1-NI	 	STH-U-4730-0262
4"-VENT-CPSC-4730.303A-AA-NI	 	STH-U-4730-0221
6"-V43-4730-12301-Ef-IQ	 	STH-U-4730-0255
4"-VENT-CPSC-4730.303B-AA-NI	 	STH-U-4730-0222
8"-V43-4730-12991-Ec-IQ	 	STH-U-4730-0252
8"-V4-4730-12977-Bf-PP	 	STH-U-4730-0254
8"-V63-4730-12992-Ec-IQ	 	STH-U-4730-0252
6"-V29-4730-00542-O1-IQ	U-4730-UT-1007-0002-1-01	STH-U-4730-0089
1.1/2"-AR-4730-040635-Ab-NI    CANCELADO	U-4730-UT-1026-0001-1-01	STH-U-4730-0176
1.1/2"-AR-4730-040636-Ab-NI    CANCELADO	U-4730-UT-1026-0001-1-01	STH-U-4730-0176
1.1/2"-AR-4730-09030-Ab-NI      CANCELADO	U-4730-UT-1026-0001-1-01	STH-U-4730-0176
1.1/2"-AR-4730-09028-Ab-NI      CANCELADO	U-4730-UT-1026-0001-1-01	STH-U-4730-0176
3/4"-AV-4730-04720-Lb-NI	U-4730-UT-1031-0001-1-01	STH-U-4730-0207